BEGIN;
TRUNCATE TABLE slot_bookings RESTART IDENTITY CASCADE;
TRUNCATE TABLE order_history RESTART IDENTITY CASCADE;
TRUNCATE TABLE order_items RESTART IDENTITY CASCADE;
TRUNCATE TABLE orders RESTART IDENTITY CASCADE;

-- Food Orders (370 total)
INSERT INTO orders (id, user_id, slot_id, vendor_id, status, total_amount, created_at, qr_code, pickup_confirmed_at, pickup_confirmed_by, eta_minutes, actual_completion_minutes, fraud_flag, stationery_job_id, booking_type) VALUES (1, 1, 32, 67, 'picked', 52000, NOW() - INTERVAL '43 days 21 hours', 'qr_order_1', NOW() - INTERVAL '43 days 21 hours' + INTERVAL '12 minutes', 67, 10, 12, false, NULL, 'food') ON CONFLICT DO NOTHING;
INSERT INTO order_items (id, order_id, menu_item_id, quantity, price_at_time) VALUES (1, 1, 59, 2, 4500) ON CONFLICT DO NOTHING;
INSERT INTO order_items (id, order_id, menu_item_id, quantity, price_at_time) VALUES (2, 1, 66, 1, 14000) ON CONFLICT DO NOTHING;
INSERT INTO order_items (id, order_id, menu_item_id, quantity, price_at_time) VALUES (3, 1, 39, 1, 29000) ON CONFLICT DO NOTHING;
INSERT INTO orders (id, user_id, slot_id, vendor_id, status, total_amount, created_at, qr_code, pickup_confirmed_at, pickup_confirmed_by, eta_minutes, actual_completion_minutes, fraud_flag, stationery_job_id, booking_type) VALUES (2, 1, 63, 68, 'picked', 35000, NOW() - INTERVAL '37 days 7 hours', 'qr_order_2', NOW() - INTERVAL '37 days 7 hours' + INTERVAL '12 minutes', 68, 10, 12, false, NULL, 'food') ON CONFLICT DO NOTHING;
INSERT INTO order_items (id, order_id, menu_item_id, quantity, price_at_time) VALUES (4, 2, 74, 2, 12000) ON CONFLICT DO NOTHING;
INSERT INTO order_items (id, order_id, menu_item_id, quantity, price_at_time) VALUES (5, 2, 75, 1, 4000) ON CONFLICT DO NOTHING;
INSERT INTO order_items (id, order_id, menu_item_id, quantity, price_at_time) VALUES (6, 2, 97, 1, 7000) ON CONFLICT DO NOTHING;
INSERT INTO orders (id, user_id, slot_id, vendor_id, status, total_amount, created_at, qr_code, pickup_confirmed_at, pickup_confirmed_by, eta_minutes, actual_completion_minutes, fraud_flag, stationery_job_id, booking_type) VALUES (3, 1, 94, 69, 'picked', 26000, NOW() - INTERVAL '4 days 1 hours', 'qr_order_3', NOW() - INTERVAL '4 days 1 hours' + INTERVAL '12 minutes', 69, 10, 12, false, NULL, 'food') ON CONFLICT DO NOTHING;
INSERT INTO order_items (id, order_id, menu_item_id, quantity, price_at_time) VALUES (7, 3, 105, 2, 9000) ON CONFLICT DO NOTHING;
INSERT INTO order_items (id, order_id, menu_item_id, quantity, price_at_time) VALUES (8, 3, 124, 2, 4000) ON CONFLICT DO NOTHING;
INSERT INTO orders (id, user_id, slot_id, vendor_id, status, total_amount, created_at, qr_code, pickup_confirmed_at, pickup_confirmed_by, eta_minutes, actual_completion_minutes, fraud_flag, stationery_job_id, booking_type) VALUES (4, 2, 125, 70, 'picked', 4000, NOW() - INTERVAL '32 days 16 hours', 'qr_order_4', NOW() - INTERVAL '32 days 16 hours' + INTERVAL '12 minutes', 70, 10, 12, false, NULL, 'food') ON CONFLICT DO NOTHING;
INSERT INTO order_items (id, order_id, menu_item_id, quantity, price_at_time) VALUES (9, 4, 146, 1, 2000) ON CONFLICT DO NOTHING;
INSERT INTO order_items (id, order_id, menu_item_id, quantity, price_at_time) VALUES (10, 4, 146, 1, 2000) ON CONFLICT DO NOTHING;
INSERT INTO orders (id, user_id, slot_id, vendor_id, status, total_amount, created_at, qr_code, pickup_confirmed_at, pickup_confirmed_by, eta_minutes, actual_completion_minutes, fraud_flag, stationery_job_id, booking_type) VALUES (5, 2, 156, 71, 'picked', 50000, NOW() - INTERVAL '49 days 19 hours', 'qr_order_5', NOW() - INTERVAL '49 days 19 hours' + INTERVAL '12 minutes', 71, 10, 12, false, NULL, 'food') ON CONFLICT DO NOTHING;
INSERT INTO order_items (id, order_id, menu_item_id, quantity, price_at_time) VALUES (11, 5, 183, 2, 9500) ON CONFLICT DO NOTHING;
INSERT INTO order_items (id, order_id, menu_item_id, quantity, price_at_time) VALUES (12, 5, 177, 1, 9000) ON CONFLICT DO NOTHING;
INSERT INTO order_items (id, order_id, menu_item_id, quantity, price_at_time) VALUES (13, 5, 197, 2, 11000) ON CONFLICT DO NOTHING;
INSERT INTO orders (id, user_id, slot_id, vendor_id, status, total_amount, created_at, qr_code, pickup_confirmed_at, pickup_confirmed_by, eta_minutes, actual_completion_minutes, fraud_flag, stationery_job_id, booking_type) VALUES (6, 2, 7, 66, 'picked', 14000, NOW() - INTERVAL '2 days 14 hours', 'qr_order_6', NOW() - INTERVAL '2 days 14 hours' + INTERVAL '12 minutes', 66, 10, 12, false, NULL, 'food') ON CONFLICT DO NOTHING;
INSERT INTO order_items (id, order_id, menu_item_id, quantity, price_at_time) VALUES (14, 6, 11, 1, 6000) ON CONFLICT DO NOTHING;
INSERT INTO order_items (id, order_id, menu_item_id, quantity, price_at_time) VALUES (15, 6, 29, 2, 4000) ON CONFLICT DO NOTHING;
INSERT INTO orders (id, user_id, slot_id, vendor_id, status, total_amount, created_at, qr_code, pickup_confirmed_at, pickup_confirmed_by, eta_minutes, actual_completion_minutes, fraud_flag, stationery_job_id, booking_type) VALUES (7, 3, 38, 67, 'cancelled', 46000, NOW() - INTERVAL '39 days 20 hours', 'qr_order_7', NULL, NULL, 10, NULL, false, NULL, 'food') ON CONFLICT DO NOTHING;
INSERT INTO order_items (id, order_id, menu_item_id, quantity, price_at_time) VALUES (16, 7, 51, 2, 21000) ON CONFLICT DO NOTHING;
INSERT INTO order_items (id, order_id, menu_item_id, quantity, price_at_time) VALUES (17, 7, 54, 1, 4000) ON CONFLICT DO NOTHING;
INSERT INTO orders (id, user_id, slot_id, vendor_id, status, total_amount, created_at, qr_code, pickup_confirmed_at, pickup_confirmed_by, eta_minutes, actual_completion_minutes, fraud_flag, stationery_job_id, booking_type) VALUES (8, 3, 69, 68, 'cancelled', 18000, NOW() - INTERVAL '62 days 3 hours', 'qr_order_8', NULL, NULL, 10, NULL, false, NULL, 'food') ON CONFLICT DO NOTHING;
INSERT INTO order_items (id, order_id, menu_item_id, quantity, price_at_time) VALUES (18, 8, 93, 2, 9000) ON CONFLICT DO NOTHING;
INSERT INTO orders (id, user_id, slot_id, vendor_id, status, total_amount, created_at, qr_code, pickup_confirmed_at, pickup_confirmed_by, eta_minutes, actual_completion_minutes, fraud_flag, stationery_job_id, booking_type) VALUES (9, 3, 100, 69, 'picked', 46000, NOW() - INTERVAL '38 days 0 hours', 'qr_order_9', NOW() - INTERVAL '38 days 0 hours' + INTERVAL '12 minutes', 69, 10, 12, false, NULL, 'food') ON CONFLICT DO NOTHING;
INSERT INTO order_items (id, order_id, menu_item_id, quantity, price_at_time) VALUES (19, 9, 127, 2, 9000) ON CONFLICT DO NOTHING;
INSERT INTO order_items (id, order_id, menu_item_id, quantity, price_at_time) VALUES (20, 9, 102, 1, 5000) ON CONFLICT DO NOTHING;
INSERT INTO order_items (id, order_id, menu_item_id, quantity, price_at_time) VALUES (21, 9, 133, 2, 11500) ON CONFLICT DO NOTHING;
INSERT INTO orders (id, user_id, slot_id, vendor_id, status, total_amount, created_at, qr_code, pickup_confirmed_at, pickup_confirmed_by, eta_minutes, actual_completion_minutes, fraud_flag, stationery_job_id, booking_type) VALUES (10, 4, 131, 70, 'ready', 20500, NOW() - INTERVAL '30 days 19 hours', 'qr_order_10', NULL, NULL, 10, NULL, false, NULL, 'food') ON CONFLICT DO NOTHING;
INSERT INTO order_items (id, order_id, menu_item_id, quantity, price_at_time) VALUES (22, 10, 149, 1, 8500) ON CONFLICT DO NOTHING;
INSERT INTO order_items (id, order_id, menu_item_id, quantity, price_at_time) VALUES (23, 10, 151, 1, 12000) ON CONFLICT DO NOTHING;
INSERT INTO orders (id, user_id, slot_id, vendor_id, status, total_amount, created_at, qr_code, pickup_confirmed_at, pickup_confirmed_by, eta_minutes, actual_completion_minutes, fraud_flag, stationery_job_id, booking_type) VALUES (11, 4, 162, 71, 'picked', 25000, NOW() - INTERVAL '81 days 20 hours', 'qr_order_11', NOW() - INTERVAL '81 days 20 hours' + INTERVAL '12 minutes', 71, 10, 12, false, NULL, 'food') ON CONFLICT DO NOTHING;
INSERT INTO order_items (id, order_id, menu_item_id, quantity, price_at_time) VALUES (24, 11, 187, 2, 12500) ON CONFLICT DO NOTHING;
INSERT INTO orders (id, user_id, slot_id, vendor_id, status, total_amount, created_at, qr_code, pickup_confirmed_at, pickup_confirmed_by, eta_minutes, actual_completion_minutes, fraud_flag, stationery_job_id, booking_type) VALUES (12, 4, 13, 66, 'picked', 18000, NOW() - INTERVAL '47 days 23 hours', 'qr_order_12', NOW() - INTERVAL '47 days 23 hours' + INTERVAL '12 minutes', 66, 10, 12, false, NULL, 'food') ON CONFLICT DO NOTHING;
INSERT INTO order_items (id, order_id, menu_item_id, quantity, price_at_time) VALUES (25, 12, 6, 2, 9000) ON CONFLICT DO NOTHING;
INSERT INTO orders (id, user_id, slot_id, vendor_id, status, total_amount, created_at, qr_code, pickup_confirmed_at, pickup_confirmed_by, eta_minutes, actual_completion_minutes, fraud_flag, stationery_job_id, booking_type) VALUES (13, 5, 44, 67, 'picked', 40000, NOW() - INTERVAL '54 days 5 hours', 'qr_order_13', NOW() - INTERVAL '54 days 5 hours' + INTERVAL '12 minutes', 67, 10, 12, false, NULL, 'food') ON CONFLICT DO NOTHING;
INSERT INTO order_items (id, order_id, menu_item_id, quantity, price_at_time) VALUES (26, 13, 43, 2, 20000) ON CONFLICT DO NOTHING;
INSERT INTO orders (id, user_id, slot_id, vendor_id, status, total_amount, created_at, qr_code, pickup_confirmed_at, pickup_confirmed_by, eta_minutes, actual_completion_minutes, fraud_flag, stationery_job_id, booking_type) VALUES (14, 5, 75, 68, 'picked', 30000, NOW() - INTERVAL '35 days 5 hours', 'qr_order_14', NOW() - INTERVAL '35 days 5 hours' + INTERVAL '12 minutes', 68, 10, 12, false, NULL, 'food') ON CONFLICT DO NOTHING;
INSERT INTO order_items (id, order_id, menu_item_id, quantity, price_at_time) VALUES (27, 14, 99, 2, 11000) ON CONFLICT DO NOTHING;
INSERT INTO order_items (id, order_id, menu_item_id, quantity, price_at_time) VALUES (28, 14, 90, 1, 8000) ON CONFLICT DO NOTHING;
INSERT INTO orders (id, user_id, slot_id, vendor_id, status, total_amount, created_at, qr_code, pickup_confirmed_at, pickup_confirmed_by, eta_minutes, actual_completion_minutes, fraud_flag, stationery_job_id, booking_type) VALUES (15, 5, 106, 69, 'picked', 18000, NOW() - INTERVAL '10 days 4 hours', 'qr_order_15', NOW() - INTERVAL '10 days 4 hours' + INTERVAL '12 minutes', 69, 10, 12, false, NULL, 'food') ON CONFLICT DO NOTHING;
INSERT INTO order_items (id, order_id, menu_item_id, quantity, price_at_time) VALUES (29, 15, 127, 2, 9000) ON CONFLICT DO NOTHING;
INSERT INTO orders (id, user_id, slot_id, vendor_id, status, total_amount, created_at, qr_code, pickup_confirmed_at, pickup_confirmed_by, eta_minutes, actual_completion_minutes, fraud_flag, stationery_job_id, booking_type) VALUES (16, 6, 137, 70, 'picked', 20000, NOW() - INTERVAL '51 days 0 hours', 'qr_order_16', NOW() - INTERVAL '51 days 0 hours' + INTERVAL '12 minutes', 70, 10, 12, false, NULL, 'food') ON CONFLICT DO NOTHING;
INSERT INTO order_items (id, order_id, menu_item_id, quantity, price_at_time) VALUES (30, 16, 142, 2, 6000) ON CONFLICT DO NOTHING;
INSERT INTO order_items (id, order_id, menu_item_id, quantity, price_at_time) VALUES (31, 16, 158, 2, 4000) ON CONFLICT DO NOTHING;
INSERT INTO orders (id, user_id, slot_id, vendor_id, status, total_amount, created_at, qr_code, pickup_confirmed_at, pickup_confirmed_by, eta_minutes, actual_completion_minutes, fraud_flag, stationery_job_id, booking_type) VALUES (17, 6, 168, 71, 'picked', 28000, NOW() - INTERVAL '82 days 11 hours', 'qr_order_17', NOW() - INTERVAL '82 days 11 hours' + INTERVAL '12 minutes', 71, 10, 12, false, NULL, 'food') ON CONFLICT DO NOTHING;
INSERT INTO order_items (id, order_id, menu_item_id, quantity, price_at_time) VALUES (32, 17, 182, 2, 14000) ON CONFLICT DO NOTHING;
INSERT INTO orders (id, user_id, slot_id, vendor_id, status, total_amount, created_at, qr_code, pickup_confirmed_at, pickup_confirmed_by, eta_minutes, actual_completion_minutes, fraud_flag, stationery_job_id, booking_type) VALUES (18, 6, 19, 66, 'picked', 36000, NOW() - INTERVAL '72 days 10 hours', 'qr_order_18', NOW() - INTERVAL '72 days 10 hours' + INTERVAL '12 minutes', 66, 10, 12, false, NULL, 'food') ON CONFLICT DO NOTHING;
INSERT INTO order_items (id, order_id, menu_item_id, quantity, price_at_time) VALUES (33, 18, 15, 1, 16000) ON CONFLICT DO NOTHING;
INSERT INTO order_items (id, order_id, menu_item_id, quantity, price_at_time) VALUES (34, 18, 30, 2, 4500) ON CONFLICT DO NOTHING;
INSERT INTO order_items (id, order_id, menu_item_id, quantity, price_at_time) VALUES (35, 18, 27, 1, 11000) ON CONFLICT DO NOTHING;
INSERT INTO orders (id, user_id, slot_id, vendor_id, status, total_amount, created_at, qr_code, pickup_confirmed_at, pickup_confirmed_by, eta_minutes, actual_completion_minutes, fraud_flag, stationery_job_id, booking_type) VALUES (19, 7, 50, 67, 'picked', 33000, NOW() - INTERVAL '5 days 9 hours', 'qr_order_19', NOW() - INTERVAL '5 days 9 hours' + INTERVAL '12 minutes', 67, 10, 12, false, NULL, 'food') ON CONFLICT DO NOTHING;
INSERT INTO order_items (id, order_id, menu_item_id, quantity, price_at_time) VALUES (36, 19, 42, 1, 17000) ON CONFLICT DO NOTHING;
INSERT INTO order_items (id, order_id, menu_item_id, quantity, price_at_time) VALUES (37, 19, 50, 1, 16000) ON CONFLICT DO NOTHING;
INSERT INTO orders (id, user_id, slot_id, vendor_id, status, total_amount, created_at, qr_code, pickup_confirmed_at, pickup_confirmed_by, eta_minutes, actual_completion_minutes, fraud_flag, stationery_job_id, booking_type) VALUES (20, 7, 81, 68, 'picked', 32000, NOW() - INTERVAL '48 days 21 hours', 'qr_order_20', NOW() - INTERVAL '48 days 21 hours' + INTERVAL '12 minutes', 68, 10, 12, false, NULL, 'food') ON CONFLICT DO NOTHING;
INSERT INTO order_items (id, order_id, menu_item_id, quantity, price_at_time) VALUES (38, 20, 95, 1, 10000) ON CONFLICT DO NOTHING;
INSERT INTO order_items (id, order_id, menu_item_id, quantity, price_at_time) VALUES (39, 20, 95, 1, 10000) ON CONFLICT DO NOTHING;
INSERT INTO order_items (id, order_id, menu_item_id, quantity, price_at_time) VALUES (40, 20, 100, 2, 6000) ON CONFLICT DO NOTHING;
INSERT INTO orders (id, user_id, slot_id, vendor_id, status, total_amount, created_at, qr_code, pickup_confirmed_at, pickup_confirmed_by, eta_minutes, actual_completion_minutes, fraud_flag, stationery_job_id, booking_type) VALUES (21, 7, 112, 69, 'placed', 33500, NOW() - INTERVAL '36 days 1 hours', 'qr_order_21', NULL, NULL, 10, NULL, false, NULL, 'food') ON CONFLICT DO NOTHING;
INSERT INTO order_items (id, order_id, menu_item_id, quantity, price_at_time) VALUES (41, 21, 125, 1, 5500) ON CONFLICT DO NOTHING;
INSERT INTO order_items (id, order_id, menu_item_id, quantity, price_at_time) VALUES (42, 21, 130, 2, 9500) ON CONFLICT DO NOTHING;
INSERT INTO order_items (id, order_id, menu_item_id, quantity, price_at_time) VALUES (43, 21, 117, 2, 4500) ON CONFLICT DO NOTHING;
INSERT INTO orders (id, user_id, slot_id, vendor_id, status, total_amount, created_at, qr_code, pickup_confirmed_at, pickup_confirmed_by, eta_minutes, actual_completion_minutes, fraud_flag, stationery_job_id, booking_type) VALUES (22, 8, 143, 70, 'picked', 16000, NOW() - INTERVAL '48 days 17 hours', 'qr_order_22', NOW() - INTERVAL '48 days 17 hours' + INTERVAL '12 minutes', 70, 10, 12, false, NULL, 'food') ON CONFLICT DO NOTHING;
INSERT INTO order_items (id, order_id, menu_item_id, quantity, price_at_time) VALUES (44, 22, 157, 1, 8000) ON CONFLICT DO NOTHING;
INSERT INTO order_items (id, order_id, menu_item_id, quantity, price_at_time) VALUES (45, 22, 160, 2, 2500) ON CONFLICT DO NOTHING;
INSERT INTO order_items (id, order_id, menu_item_id, quantity, price_at_time) VALUES (46, 22, 147, 1, 3000) ON CONFLICT DO NOTHING;
INSERT INTO orders (id, user_id, slot_id, vendor_id, status, total_amount, created_at, qr_code, pickup_confirmed_at, pickup_confirmed_by, eta_minutes, actual_completion_minutes, fraud_flag, stationery_job_id, booking_type) VALUES (23, 8, 174, 71, 'placed', 40500, NOW() - INTERVAL '59 days 2 hours', 'qr_order_23', NULL, NULL, 10, NULL, false, NULL, 'food') ON CONFLICT DO NOTHING;
INSERT INTO order_items (id, order_id, menu_item_id, quantity, price_at_time) VALUES (47, 23, 181, 1, 12000) ON CONFLICT DO NOTHING;
INSERT INTO order_items (id, order_id, menu_item_id, quantity, price_at_time) VALUES (48, 23, 171, 2, 9500) ON CONFLICT DO NOTHING;
INSERT INTO order_items (id, order_id, menu_item_id, quantity, price_at_time) VALUES (49, 23, 183, 1, 9500) ON CONFLICT DO NOTHING;
INSERT INTO orders (id, user_id, slot_id, vendor_id, status, total_amount, created_at, qr_code, pickup_confirmed_at, pickup_confirmed_by, eta_minutes, actual_completion_minutes, fraud_flag, stationery_job_id, booking_type) VALUES (24, 8, 25, 66, 'ready', 55500, NOW() - INTERVAL '27 days 2 hours', 'qr_order_24', NULL, NULL, 10, NULL, false, NULL, 'food') ON CONFLICT DO NOTHING;
INSERT INTO order_items (id, order_id, menu_item_id, quantity, price_at_time) VALUES (50, 24, 14, 1, 14000) ON CONFLICT DO NOTHING;
INSERT INTO order_items (id, order_id, menu_item_id, quantity, price_at_time) VALUES (51, 24, 15, 2, 16000) ON CONFLICT DO NOTHING;
INSERT INTO order_items (id, order_id, menu_item_id, quantity, price_at_time) VALUES (52, 24, 10, 1, 9500) ON CONFLICT DO NOTHING;
INSERT INTO orders (id, user_id, slot_id, vendor_id, status, total_amount, created_at, qr_code, pickup_confirmed_at, pickup_confirmed_by, eta_minutes, actual_completion_minutes, fraud_flag, stationery_job_id, booking_type) VALUES (25, 9, 56, 67, 'picked', 58000, NOW() - INTERVAL '19 days 4 hours', 'qr_order_25', NOW() - INTERVAL '19 days 4 hours' + INTERVAL '12 minutes', 67, 10, 12, false, NULL, 'food') ON CONFLICT DO NOTHING;
INSERT INTO order_items (id, order_id, menu_item_id, quantity, price_at_time) VALUES (53, 25, 51, 1, 21000) ON CONFLICT DO NOTHING;
INSERT INTO order_items (id, order_id, menu_item_id, quantity, price_at_time) VALUES (54, 25, 42, 1, 17000) ON CONFLICT DO NOTHING;
INSERT INTO order_items (id, order_id, menu_item_id, quantity, price_at_time) VALUES (55, 25, 43, 1, 20000) ON CONFLICT DO NOTHING;
INSERT INTO orders (id, user_id, slot_id, vendor_id, status, total_amount, created_at, qr_code, pickup_confirmed_at, pickup_confirmed_by, eta_minutes, actual_completion_minutes, fraud_flag, stationery_job_id, booking_type) VALUES (26, 9, 87, 68, 'picked', 15500, NOW() - INTERVAL '31 days 18 hours', 'qr_order_26', NOW() - INTERVAL '31 days 18 hours' + INTERVAL '12 minutes', 68, 10, 12, false, NULL, 'food') ON CONFLICT DO NOTHING;
INSERT INTO order_items (id, order_id, menu_item_id, quantity, price_at_time) VALUES (56, 26, 70, 1, 4500) ON CONFLICT DO NOTHING;
INSERT INTO order_items (id, order_id, menu_item_id, quantity, price_at_time) VALUES (57, 26, 85, 1, 11000) ON CONFLICT DO NOTHING;
INSERT INTO orders (id, user_id, slot_id, vendor_id, status, total_amount, created_at, qr_code, pickup_confirmed_at, pickup_confirmed_by, eta_minutes, actual_completion_minutes, fraud_flag, stationery_job_id, booking_type) VALUES (27, 9, 118, 69, 'picked', 15000, NOW() - INTERVAL '54 days 16 hours', 'qr_order_27', NOW() - INTERVAL '54 days 16 hours' + INTERVAL '12 minutes', 69, 10, 12, false, NULL, 'food') ON CONFLICT DO NOTHING;
INSERT INTO order_items (id, order_id, menu_item_id, quantity, price_at_time) VALUES (58, 27, 106, 2, 7500) ON CONFLICT DO NOTHING;
INSERT INTO orders (id, user_id, slot_id, vendor_id, status, total_amount, created_at, qr_code, pickup_confirmed_at, pickup_confirmed_by, eta_minutes, actual_completion_minutes, fraud_flag, stationery_job_id, booking_type) VALUES (28, 10, 149, 70, 'picked', 46000, NOW() - INTERVAL '47 days 16 hours', 'qr_order_28', NOW() - INTERVAL '47 days 16 hours' + INTERVAL '12 minutes', 70, 10, 12, false, NULL, 'food') ON CONFLICT DO NOTHING;
INSERT INTO order_items (id, order_id, menu_item_id, quantity, price_at_time) VALUES (59, 28, 141, 2, 5000) ON CONFLICT DO NOTHING;
INSERT INTO order_items (id, order_id, menu_item_id, quantity, price_at_time) VALUES (60, 28, 167, 1, 6000) ON CONFLICT DO NOTHING;
INSERT INTO order_items (id, order_id, menu_item_id, quantity, price_at_time) VALUES (61, 28, 137, 2, 15000) ON CONFLICT DO NOTHING;
INSERT INTO orders (id, user_id, slot_id, vendor_id, status, total_amount, created_at, qr_code, pickup_confirmed_at, pickup_confirmed_by, eta_minutes, actual_completion_minutes, fraud_flag, stationery_job_id, booking_type) VALUES (29, 10, 180, 71, 'picked', 43000, NOW() - INTERVAL '4 days 1 hours', 'qr_order_29', NOW() - INTERVAL '4 days 1 hours' + INTERVAL '12 minutes', 71, 10, 12, false, NULL, 'food') ON CONFLICT DO NOTHING;
INSERT INTO order_items (id, order_id, menu_item_id, quantity, price_at_time) VALUES (62, 29, 193, 2, 9500) ON CONFLICT DO NOTHING;
INSERT INTO order_items (id, order_id, menu_item_id, quantity, price_at_time) VALUES (63, 29, 174, 2, 12000) ON CONFLICT DO NOTHING;
INSERT INTO orders (id, user_id, slot_id, vendor_id, status, total_amount, created_at, qr_code, pickup_confirmed_at, pickup_confirmed_by, eta_minutes, actual_completion_minutes, fraud_flag, stationery_job_id, booking_type) VALUES (30, 10, 1, 66, 'ready', 10000, NOW() - INTERVAL '57 days 2 hours', 'qr_order_30', NULL, NULL, 10, NULL, false, NULL, 'food') ON CONFLICT DO NOTHING;
INSERT INTO order_items (id, order_id, menu_item_id, quantity, price_at_time) VALUES (64, 30, 21, 1, 10000) ON CONFLICT DO NOTHING;
INSERT INTO orders (id, user_id, slot_id, vendor_id, status, total_amount, created_at, qr_code, pickup_confirmed_at, pickup_confirmed_by, eta_minutes, actual_completion_minutes, fraud_flag, stationery_job_id, booking_type) VALUES (31, 11, 32, 67, 'picked', 40000, NOW() - INTERVAL '36 days 19 hours', 'qr_order_31', NOW() - INTERVAL '36 days 19 hours' + INTERVAL '12 minutes', 67, 10, 12, false, NULL, 'food') ON CONFLICT DO NOTHING;
INSERT INTO order_items (id, order_id, menu_item_id, quantity, price_at_time) VALUES (65, 31, 55, 2, 5000) ON CONFLICT DO NOTHING;
INSERT INTO order_items (id, order_id, menu_item_id, quantity, price_at_time) VALUES (66, 31, 68, 2, 5000) ON CONFLICT DO NOTHING;
INSERT INTO order_items (id, order_id, menu_item_id, quantity, price_at_time) VALUES (67, 31, 64, 2, 10000) ON CONFLICT DO NOTHING;
INSERT INTO orders (id, user_id, slot_id, vendor_id, status, total_amount, created_at, qr_code, pickup_confirmed_at, pickup_confirmed_by, eta_minutes, actual_completion_minutes, fraud_flag, stationery_job_id, booking_type) VALUES (32, 11, 63, 68, 'picked', 38000, NOW() - INTERVAL '15 days 20 hours', 'qr_order_32', NOW() - INTERVAL '15 days 20 hours' + INTERVAL '12 minutes', 68, 10, 12, false, NULL, 'food') ON CONFLICT DO NOTHING;
INSERT INTO order_items (id, order_id, menu_item_id, quantity, price_at_time) VALUES (68, 32, 82, 2, 5500) ON CONFLICT DO NOTHING;
INSERT INTO order_items (id, order_id, menu_item_id, quantity, price_at_time) VALUES (69, 32, 97, 1, 7000) ON CONFLICT DO NOTHING;
INSERT INTO order_items (id, order_id, menu_item_id, quantity, price_at_time) VALUES (70, 32, 95, 2, 10000) ON CONFLICT DO NOTHING;
INSERT INTO orders (id, user_id, slot_id, vendor_id, status, total_amount, created_at, qr_code, pickup_confirmed_at, pickup_confirmed_by, eta_minutes, actual_completion_minutes, fraud_flag, stationery_job_id, booking_type) VALUES (33, 11, 94, 69, 'preparing', 51000, NOW() - INTERVAL '52 days 13 hours', 'qr_order_33', NULL, NULL, 10, NULL, false, NULL, 'food') ON CONFLICT DO NOTHING;
INSERT INTO order_items (id, order_id, menu_item_id, quantity, price_at_time) VALUES (71, 33, 108, 2, 12000) ON CONFLICT DO NOTHING;
INSERT INTO order_items (id, order_id, menu_item_id, quantity, price_at_time) VALUES (72, 33, 129, 2, 8000) ON CONFLICT DO NOTHING;
INSERT INTO order_items (id, order_id, menu_item_id, quantity, price_at_time) VALUES (73, 33, 118, 2, 5500) ON CONFLICT DO NOTHING;
INSERT INTO orders (id, user_id, slot_id, vendor_id, status, total_amount, created_at, qr_code, pickup_confirmed_at, pickup_confirmed_by, eta_minutes, actual_completion_minutes, fraud_flag, stationery_job_id, booking_type) VALUES (34, 12, 125, 70, 'cancelled', 17000, NOW() - INTERVAL '61 days 2 hours', 'qr_order_34', NULL, NULL, 10, NULL, false, NULL, 'food') ON CONFLICT DO NOTHING;
INSERT INTO order_items (id, order_id, menu_item_id, quantity, price_at_time) VALUES (74, 34, 140, 1, 17000) ON CONFLICT DO NOTHING;
INSERT INTO orders (id, user_id, slot_id, vendor_id, status, total_amount, created_at, qr_code, pickup_confirmed_at, pickup_confirmed_by, eta_minutes, actual_completion_minutes, fraud_flag, stationery_job_id, booking_type) VALUES (35, 12, 156, 71, 'picked', 49000, NOW() - INTERVAL '48 days 4 hours', 'qr_order_35', NOW() - INTERVAL '48 days 4 hours' + INTERVAL '12 minutes', 71, 10, 12, false, NULL, 'food') ON CONFLICT DO NOTHING;
INSERT INTO order_items (id, order_id, menu_item_id, quantity, price_at_time) VALUES (75, 35, 171, 2, 9500) ON CONFLICT DO NOTHING;
INSERT INTO order_items (id, order_id, menu_item_id, quantity, price_at_time) VALUES (76, 35, 175, 2, 5500) ON CONFLICT DO NOTHING;
INSERT INTO order_items (id, order_id, menu_item_id, quantity, price_at_time) VALUES (77, 35, 190, 2, 9500) ON CONFLICT DO NOTHING;
INSERT INTO orders (id, user_id, slot_id, vendor_id, status, total_amount, created_at, qr_code, pickup_confirmed_at, pickup_confirmed_by, eta_minutes, actual_completion_minutes, fraud_flag, stationery_job_id, booking_type) VALUES (36, 12, 7, 66, 'confirmed', 39000, NOW() - INTERVAL '7 days 9 hours', 'qr_order_36', NULL, NULL, 10, NULL, false, NULL, 'food') ON CONFLICT DO NOTHING;
INSERT INTO order_items (id, order_id, menu_item_id, quantity, price_at_time) VALUES (78, 36, 20, 2, 8500) ON CONFLICT DO NOTHING;
INSERT INTO order_items (id, order_id, menu_item_id, quantity, price_at_time) VALUES (79, 36, 7, 1, 3000) ON CONFLICT DO NOTHING;
INSERT INTO order_items (id, order_id, menu_item_id, quantity, price_at_time) VALUES (80, 36, 10, 2, 9500) ON CONFLICT DO NOTHING;
INSERT INTO orders (id, user_id, slot_id, vendor_id, status, total_amount, created_at, qr_code, pickup_confirmed_at, pickup_confirmed_by, eta_minutes, actual_completion_minutes, fraud_flag, stationery_job_id, booking_type) VALUES (37, 13, 38, 67, 'picked', 44000, NOW() - INTERVAL '14 days 11 hours', 'qr_order_37', NOW() - INTERVAL '14 days 11 hours' + INTERVAL '12 minutes', 67, 10, 12, false, NULL, 'food') ON CONFLICT DO NOTHING;
INSERT INTO order_items (id, order_id, menu_item_id, quantity, price_at_time) VALUES (81, 37, 58, 1, 3000) ON CONFLICT DO NOTHING;
INSERT INTO order_items (id, order_id, menu_item_id, quantity, price_at_time) VALUES (82, 37, 52, 1, 28000) ON CONFLICT DO NOTHING;
INSERT INTO order_items (id, order_id, menu_item_id, quantity, price_at_time) VALUES (83, 37, 62, 1, 13000) ON CONFLICT DO NOTHING;
INSERT INTO orders (id, user_id, slot_id, vendor_id, status, total_amount, created_at, qr_code, pickup_confirmed_at, pickup_confirmed_by, eta_minutes, actual_completion_minutes, fraud_flag, stationery_job_id, booking_type) VALUES (38, 13, 69, 68, 'picked', 24500, NOW() - INTERVAL '85 days 22 hours', 'qr_order_38', NOW() - INTERVAL '85 days 22 hours' + INTERVAL '12 minutes', 68, 10, 12, false, NULL, 'food') ON CONFLICT DO NOTHING;
INSERT INTO order_items (id, order_id, menu_item_id, quantity, price_at_time) VALUES (84, 38, 70, 1, 4500) ON CONFLICT DO NOTHING;
INSERT INTO order_items (id, order_id, menu_item_id, quantity, price_at_time) VALUES (85, 38, 86, 2, 10000) ON CONFLICT DO NOTHING;
INSERT INTO orders (id, user_id, slot_id, vendor_id, status, total_amount, created_at, qr_code, pickup_confirmed_at, pickup_confirmed_by, eta_minutes, actual_completion_minutes, fraud_flag, stationery_job_id, booking_type) VALUES (39, 13, 100, 69, 'placed', 20000, NOW() - INTERVAL '45 days 0 hours', 'qr_order_39', NULL, NULL, 10, NULL, false, NULL, 'food') ON CONFLICT DO NOTHING;
INSERT INTO order_items (id, order_id, menu_item_id, quantity, price_at_time) VALUES (86, 39, 111, 2, 10000) ON CONFLICT DO NOTHING;
INSERT INTO orders (id, user_id, slot_id, vendor_id, status, total_amount, created_at, qr_code, pickup_confirmed_at, pickup_confirmed_by, eta_minutes, actual_completion_minutes, fraud_flag, stationery_job_id, booking_type) VALUES (40, 14, 131, 70, 'picked', 14000, NOW() - INTERVAL '82 days 0 hours', 'qr_order_40', NOW() - INTERVAL '82 days 0 hours' + INTERVAL '12 minutes', 70, 10, 12, false, NULL, 'food') ON CONFLICT DO NOTHING;
INSERT INTO order_items (id, order_id, menu_item_id, quantity, price_at_time) VALUES (87, 40, 148, 2, 7000) ON CONFLICT DO NOTHING;
INSERT INTO orders (id, user_id, slot_id, vendor_id, status, total_amount, created_at, qr_code, pickup_confirmed_at, pickup_confirmed_by, eta_minutes, actual_completion_minutes, fraud_flag, stationery_job_id, booking_type) VALUES (41, 14, 162, 71, 'picked', 41000, NOW() - INTERVAL '44 days 5 hours', 'qr_order_41', NOW() - INTERVAL '44 days 5 hours' + INTERVAL '12 minutes', 71, 10, 12, false, NULL, 'food') ON CONFLICT DO NOTHING;
INSERT INTO order_items (id, order_id, menu_item_id, quantity, price_at_time) VALUES (88, 41, 187, 2, 12500) ON CONFLICT DO NOTHING;
INSERT INTO order_items (id, order_id, menu_item_id, quantity, price_at_time) VALUES (89, 41, 173, 1, 16000) ON CONFLICT DO NOTHING;
INSERT INTO orders (id, user_id, slot_id, vendor_id, status, total_amount, created_at, qr_code, pickup_confirmed_at, pickup_confirmed_by, eta_minutes, actual_completion_minutes, fraud_flag, stationery_job_id, booking_type) VALUES (42, 14, 13, 66, 'picked', 42000, NOW() - INTERVAL '80 days 1 hours', 'qr_order_42', NOW() - INTERVAL '80 days 1 hours' + INTERVAL '12 minutes', 66, 10, 12, false, NULL, 'food') ON CONFLICT DO NOTHING;
INSERT INTO order_items (id, order_id, menu_item_id, quantity, price_at_time) VALUES (90, 42, 6, 2, 9000) ON CONFLICT DO NOTHING;
INSERT INTO order_items (id, order_id, menu_item_id, quantity, price_at_time) VALUES (91, 42, 29, 2, 4000) ON CONFLICT DO NOTHING;
INSERT INTO order_items (id, order_id, menu_item_id, quantity, price_at_time) VALUES (92, 42, 32, 2, 8000) ON CONFLICT DO NOTHING;
INSERT INTO orders (id, user_id, slot_id, vendor_id, status, total_amount, created_at, qr_code, pickup_confirmed_at, pickup_confirmed_by, eta_minutes, actual_completion_minutes, fraud_flag, stationery_job_id, booking_type) VALUES (43, 15, 44, 67, 'picked', 5000, NOW() - INTERVAL '28 days 16 hours', 'qr_order_43', NOW() - INTERVAL '28 days 16 hours' + INTERVAL '12 minutes', 67, 10, 12, false, NULL, 'food') ON CONFLICT DO NOTHING;
INSERT INTO order_items (id, order_id, menu_item_id, quantity, price_at_time) VALUES (93, 43, 57, 2, 2500) ON CONFLICT DO NOTHING;
INSERT INTO orders (id, user_id, slot_id, vendor_id, status, total_amount, created_at, qr_code, pickup_confirmed_at, pickup_confirmed_by, eta_minutes, actual_completion_minutes, fraud_flag, stationery_job_id, booking_type) VALUES (44, 15, 75, 68, 'picked', 15500, NOW() - INTERVAL '76 days 15 hours', 'qr_order_44', NOW() - INTERVAL '76 days 15 hours' + INTERVAL '12 minutes', 68, 10, 12, false, NULL, 'food') ON CONFLICT DO NOTHING;
INSERT INTO order_items (id, order_id, menu_item_id, quantity, price_at_time) VALUES (94, 44, 88, 1, 5000) ON CONFLICT DO NOTHING;
INSERT INTO order_items (id, order_id, menu_item_id, quantity, price_at_time) VALUES (95, 44, 83, 2, 4000) ON CONFLICT DO NOTHING;
INSERT INTO order_items (id, order_id, menu_item_id, quantity, price_at_time) VALUES (96, 44, 72, 1, 2500) ON CONFLICT DO NOTHING;
INSERT INTO orders (id, user_id, slot_id, vendor_id, status, total_amount, created_at, qr_code, pickup_confirmed_at, pickup_confirmed_by, eta_minutes, actual_completion_minutes, fraud_flag, stationery_job_id, booking_type) VALUES (45, 15, 106, 69, 'picked', 25000, NOW() - INTERVAL '28 days 4 hours', 'qr_order_45', NOW() - INTERVAL '28 days 4 hours' + INTERVAL '12 minutes', 69, 10, 12, false, NULL, 'food') ON CONFLICT DO NOTHING;
INSERT INTO order_items (id, order_id, menu_item_id, quantity, price_at_time) VALUES (97, 45, 120, 2, 7000) ON CONFLICT DO NOTHING;
INSERT INTO order_items (id, order_id, menu_item_id, quantity, price_at_time) VALUES (98, 45, 109, 1, 11000) ON CONFLICT DO NOTHING;
INSERT INTO orders (id, user_id, slot_id, vendor_id, status, total_amount, created_at, qr_code, pickup_confirmed_at, pickup_confirmed_by, eta_minutes, actual_completion_minutes, fraud_flag, stationery_job_id, booking_type) VALUES (46, 16, 137, 70, 'picked', 3000, NOW() - INTERVAL '56 days 5 hours', 'qr_order_46', NOW() - INTERVAL '56 days 5 hours' + INTERVAL '12 minutes', 70, 10, 12, false, NULL, 'food') ON CONFLICT DO NOTHING;
INSERT INTO order_items (id, order_id, menu_item_id, quantity, price_at_time) VALUES (99, 46, 159, 1, 3000) ON CONFLICT DO NOTHING;
INSERT INTO orders (id, user_id, slot_id, vendor_id, status, total_amount, created_at, qr_code, pickup_confirmed_at, pickup_confirmed_by, eta_minutes, actual_completion_minutes, fraud_flag, stationery_job_id, booking_type) VALUES (47, 16, 168, 71, 'picked', 33000, NOW() - INTERVAL '46 days 2 hours', 'qr_order_47', NOW() - INTERVAL '46 days 2 hours' + INTERVAL '12 minutes', 71, 10, 12, false, NULL, 'food') ON CONFLICT DO NOTHING;
INSERT INTO order_items (id, order_id, menu_item_id, quantity, price_at_time) VALUES (100, 47, 170, 2, 5500) ON CONFLICT DO NOTHING;
INSERT INTO order_items (id, order_id, menu_item_id, quantity, price_at_time) VALUES (101, 47, 169, 2, 11000) ON CONFLICT DO NOTHING;
INSERT INTO orders (id, user_id, slot_id, vendor_id, status, total_amount, created_at, qr_code, pickup_confirmed_at, pickup_confirmed_by, eta_minutes, actual_completion_minutes, fraud_flag, stationery_job_id, booking_type) VALUES (48, 16, 19, 66, 'placed', 29500, NOW() - INTERVAL '41 days 18 hours', 'qr_order_48', NULL, NULL, 10, NULL, false, NULL, 'food') ON CONFLICT DO NOTHING;
INSERT INTO order_items (id, order_id, menu_item_id, quantity, price_at_time) VALUES (102, 48, 26, 2, 8000) ON CONFLICT DO NOTHING;
INSERT INTO order_items (id, order_id, menu_item_id, quantity, price_at_time) VALUES (103, 48, 19, 1, 13500) ON CONFLICT DO NOTHING;
INSERT INTO orders (id, user_id, slot_id, vendor_id, status, total_amount, created_at, qr_code, pickup_confirmed_at, pickup_confirmed_by, eta_minutes, actual_completion_minutes, fraud_flag, stationery_job_id, booking_type) VALUES (49, 17, 50, 67, 'picked', 67000, NOW() - INTERVAL '42 days 5 hours', 'qr_order_49', NOW() - INTERVAL '42 days 5 hours' + INTERVAL '12 minutes', 67, 10, 12, false, NULL, 'food') ON CONFLICT DO NOTHING;
INSERT INTO order_items (id, order_id, menu_item_id, quantity, price_at_time) VALUES (104, 49, 64, 2, 10000) ON CONFLICT DO NOTHING;
INSERT INTO order_items (id, order_id, menu_item_id, quantity, price_at_time) VALUES (105, 49, 40, 2, 16000) ON CONFLICT DO NOTHING;
INSERT INTO order_items (id, order_id, menu_item_id, quantity, price_at_time) VALUES (106, 49, 41, 1, 15000) ON CONFLICT DO NOTHING;
INSERT INTO orders (id, user_id, slot_id, vendor_id, status, total_amount, created_at, qr_code, pickup_confirmed_at, pickup_confirmed_by, eta_minutes, actual_completion_minutes, fraud_flag, stationery_job_id, booking_type) VALUES (50, 17, 81, 68, 'picked', 24000, NOW() - INTERVAL '52 days 16 hours', 'qr_order_50', NOW() - INTERVAL '52 days 16 hours' + INTERVAL '12 minutes', 68, 10, 12, false, NULL, 'food') ON CONFLICT DO NOTHING;
INSERT INTO order_items (id, order_id, menu_item_id, quantity, price_at_time) VALUES (107, 50, 94, 2, 12000) ON CONFLICT DO NOTHING;
INSERT INTO orders (id, user_id, slot_id, vendor_id, status, total_amount, created_at, qr_code, pickup_confirmed_at, pickup_confirmed_by, eta_minutes, actual_completion_minutes, fraud_flag, stationery_job_id, booking_type) VALUES (51, 17, 112, 69, 'ready', 7500, NOW() - INTERVAL '29 days 10 hours', 'qr_order_51', NULL, NULL, 10, NULL, false, NULL, 'food') ON CONFLICT DO NOTHING;
INSERT INTO order_items (id, order_id, menu_item_id, quantity, price_at_time) VALUES (108, 51, 106, 1, 7500) ON CONFLICT DO NOTHING;
INSERT INTO orders (id, user_id, slot_id, vendor_id, status, total_amount, created_at, qr_code, pickup_confirmed_at, pickup_confirmed_by, eta_minutes, actual_completion_minutes, fraud_flag, stationery_job_id, booking_type) VALUES (52, 18, 143, 70, 'picked', 11000, NOW() - INTERVAL '25 days 11 hours', 'qr_order_52', NOW() - INTERVAL '25 days 11 hours' + INTERVAL '12 minutes', 70, 10, 12, false, NULL, 'food') ON CONFLICT DO NOTHING;
INSERT INTO order_items (id, order_id, menu_item_id, quantity, price_at_time) VALUES (109, 52, 144, 1, 6000) ON CONFLICT DO NOTHING;
INSERT INTO order_items (id, order_id, menu_item_id, quantity, price_at_time) VALUES (110, 52, 141, 1, 5000) ON CONFLICT DO NOTHING;
INSERT INTO orders (id, user_id, slot_id, vendor_id, status, total_amount, created_at, qr_code, pickup_confirmed_at, pickup_confirmed_by, eta_minutes, actual_completion_minutes, fraud_flag, stationery_job_id, booking_type) VALUES (53, 18, 174, 71, 'picked', 14000, NOW() - INTERVAL '23 days 19 hours', 'qr_order_53', NOW() - INTERVAL '23 days 19 hours' + INTERVAL '12 minutes', 71, 10, 12, false, NULL, 'food') ON CONFLICT DO NOTHING;
INSERT INTO order_items (id, order_id, menu_item_id, quantity, price_at_time) VALUES (111, 53, 172, 1, 14000) ON CONFLICT DO NOTHING;
INSERT INTO orders (id, user_id, slot_id, vendor_id, status, total_amount, created_at, qr_code, pickup_confirmed_at, pickup_confirmed_by, eta_minutes, actual_completion_minutes, fraud_flag, stationery_job_id, booking_type) VALUES (54, 18, 25, 66, 'cancelled', 18000, NOW() - INTERVAL '81 days 15 hours', 'qr_order_54', NULL, NULL, 10, NULL, false, NULL, 'food') ON CONFLICT DO NOTHING;
INSERT INTO order_items (id, order_id, menu_item_id, quantity, price_at_time) VALUES (112, 54, 29, 2, 4000) ON CONFLICT DO NOTHING;
INSERT INTO order_items (id, order_id, menu_item_id, quantity, price_at_time) VALUES (113, 54, 21, 1, 10000) ON CONFLICT DO NOTHING;
INSERT INTO orders (id, user_id, slot_id, vendor_id, status, total_amount, created_at, qr_code, pickup_confirmed_at, pickup_confirmed_by, eta_minutes, actual_completion_minutes, fraud_flag, stationery_job_id, booking_type) VALUES (55, 19, 56, 67, 'picked', 61000, NOW() - INTERVAL '61 days 14 hours', 'qr_order_55', NOW() - INTERVAL '61 days 14 hours' + INTERVAL '12 minutes', 67, 10, 12, false, NULL, 'food') ON CONFLICT DO NOTHING;
INSERT INTO order_items (id, order_id, menu_item_id, quantity, price_at_time) VALUES (114, 55, 54, 2, 4000) ON CONFLICT DO NOTHING;
INSERT INTO order_items (id, order_id, menu_item_id, quantity, price_at_time) VALUES (115, 55, 38, 2, 24000) ON CONFLICT DO NOTHING;
INSERT INTO order_items (id, order_id, menu_item_id, quantity, price_at_time) VALUES (116, 55, 67, 1, 5000) ON CONFLICT DO NOTHING;
INSERT INTO orders (id, user_id, slot_id, vendor_id, status, total_amount, created_at, qr_code, pickup_confirmed_at, pickup_confirmed_by, eta_minutes, actual_completion_minutes, fraud_flag, stationery_job_id, booking_type) VALUES (56, 19, 87, 68, 'picked', 21000, NOW() - INTERVAL '58 days 1 hours', 'qr_order_56', NOW() - INTERVAL '58 days 1 hours' + INTERVAL '12 minutes', 68, 10, 12, false, NULL, 'food') ON CONFLICT DO NOTHING;
INSERT INTO order_items (id, order_id, menu_item_id, quantity, price_at_time) VALUES (117, 56, 92, 2, 10500) ON CONFLICT DO NOTHING;
INSERT INTO orders (id, user_id, slot_id, vendor_id, status, total_amount, created_at, qr_code, pickup_confirmed_at, pickup_confirmed_by, eta_minutes, actual_completion_minutes, fraud_flag, stationery_job_id, booking_type) VALUES (57, 19, 118, 69, 'picked', 26500, NOW() - INTERVAL '12 days 19 hours', 'qr_order_57', NOW() - INTERVAL '12 days 19 hours' + INTERVAL '12 minutes', 69, 10, 12, false, NULL, 'food') ON CONFLICT DO NOTHING;
INSERT INTO order_items (id, order_id, menu_item_id, quantity, price_at_time) VALUES (118, 57, 134, 2, 4500) ON CONFLICT DO NOTHING;
INSERT INTO order_items (id, order_id, menu_item_id, quantity, price_at_time) VALUES (119, 57, 131, 1, 8000) ON CONFLICT DO NOTHING;
INSERT INTO order_items (id, order_id, menu_item_id, quantity, price_at_time) VALUES (120, 57, 130, 1, 9500) ON CONFLICT DO NOTHING;
INSERT INTO orders (id, user_id, slot_id, vendor_id, status, total_amount, created_at, qr_code, pickup_confirmed_at, pickup_confirmed_by, eta_minutes, actual_completion_minutes, fraud_flag, stationery_job_id, booking_type) VALUES (58, 20, 149, 70, 'picked', 20000, NOW() - INTERVAL '61 days 16 hours', 'qr_order_58', NOW() - INTERVAL '61 days 16 hours' + INTERVAL '12 minutes', 70, 10, 12, false, NULL, 'food') ON CONFLICT DO NOTHING;
INSERT INTO order_items (id, order_id, menu_item_id, quantity, price_at_time) VALUES (121, 58, 138, 2, 10000) ON CONFLICT DO NOTHING;
INSERT INTO orders (id, user_id, slot_id, vendor_id, status, total_amount, created_at, qr_code, pickup_confirmed_at, pickup_confirmed_by, eta_minutes, actual_completion_minutes, fraud_flag, stationery_job_id, booking_type) VALUES (59, 20, 180, 71, 'picked', 12500, NOW() - INTERVAL '44 days 22 hours', 'qr_order_59', NOW() - INTERVAL '44 days 22 hours' + INTERVAL '12 minutes', 71, 10, 12, false, NULL, 'food') ON CONFLICT DO NOTHING;
INSERT INTO order_items (id, order_id, menu_item_id, quantity, price_at_time) VALUES (122, 59, 200, 1, 12500) ON CONFLICT DO NOTHING;
INSERT INTO orders (id, user_id, slot_id, vendor_id, status, total_amount, created_at, qr_code, pickup_confirmed_at, pickup_confirmed_by, eta_minutes, actual_completion_minutes, fraud_flag, stationery_job_id, booking_type) VALUES (60, 20, 1, 66, 'picked', 47500, NOW() - INTERVAL '57 days 14 hours', 'qr_order_60', NOW() - INTERVAL '57 days 14 hours' + INTERVAL '12 minutes', 66, 10, 12, false, NULL, 'food') ON CONFLICT DO NOTHING;
INSERT INTO order_items (id, order_id, menu_item_id, quantity, price_at_time) VALUES (123, 60, 34, 1, 1500) ON CONFLICT DO NOTHING;
INSERT INTO order_items (id, order_id, menu_item_id, quantity, price_at_time) VALUES (124, 60, 24, 2, 9500) ON CONFLICT DO NOTHING;
INSERT INTO order_items (id, order_id, menu_item_id, quantity, price_at_time) VALUES (125, 60, 19, 2, 13500) ON CONFLICT DO NOTHING;
INSERT INTO orders (id, user_id, slot_id, vendor_id, status, total_amount, created_at, qr_code, pickup_confirmed_at, pickup_confirmed_by, eta_minutes, actual_completion_minutes, fraud_flag, stationery_job_id, booking_type) VALUES (61, 21, 32, 67, 'picked', 136000, NOW() - INTERVAL '44 days 21 hours', 'qr_order_61', NOW() - INTERVAL '44 days 21 hours' + INTERVAL '12 minutes', 67, 10, 12, false, NULL, 'food') ON CONFLICT DO NOTHING;
INSERT INTO order_items (id, order_id, menu_item_id, quantity, price_at_time) VALUES (126, 61, 38, 2, 24000) ON CONFLICT DO NOTHING;
INSERT INTO order_items (id, order_id, menu_item_id, quantity, price_at_time) VALUES (127, 61, 39, 2, 29000) ON CONFLICT DO NOTHING;
INSERT INTO order_items (id, order_id, menu_item_id, quantity, price_at_time) VALUES (128, 61, 41, 2, 15000) ON CONFLICT DO NOTHING;
INSERT INTO orders (id, user_id, slot_id, vendor_id, status, total_amount, created_at, qr_code, pickup_confirmed_at, pickup_confirmed_by, eta_minutes, actual_completion_minutes, fraud_flag, stationery_job_id, booking_type) VALUES (62, 21, 63, 68, 'picked', 8000, NOW() - INTERVAL '85 days 19 hours', 'qr_order_62', NOW() - INTERVAL '85 days 19 hours' + INTERVAL '12 minutes', 68, 10, 12, false, NULL, 'food') ON CONFLICT DO NOTHING;
INSERT INTO order_items (id, order_id, menu_item_id, quantity, price_at_time) VALUES (129, 62, 90, 1, 8000) ON CONFLICT DO NOTHING;
INSERT INTO orders (id, user_id, slot_id, vendor_id, status, total_amount, created_at, qr_code, pickup_confirmed_at, pickup_confirmed_by, eta_minutes, actual_completion_minutes, fraud_flag, stationery_job_id, booking_type) VALUES (63, 21, 94, 69, 'picked', 31000, NOW() - INTERVAL '19 days 11 hours', 'qr_order_63', NOW() - INTERVAL '19 days 11 hours' + INTERVAL '12 minutes', 69, 10, 12, false, NULL, 'food') ON CONFLICT DO NOTHING;
INSERT INTO order_items (id, order_id, menu_item_id, quantity, price_at_time) VALUES (130, 63, 127, 1, 9000) ON CONFLICT DO NOTHING;
INSERT INTO order_items (id, order_id, menu_item_id, quantity, price_at_time) VALUES (131, 63, 107, 2, 11000) ON CONFLICT DO NOTHING;
INSERT INTO orders (id, user_id, slot_id, vendor_id, status, total_amount, created_at, qr_code, pickup_confirmed_at, pickup_confirmed_by, eta_minutes, actual_completion_minutes, fraud_flag, stationery_job_id, booking_type) VALUES (64, 22, 125, 70, 'picked', 34000, NOW() - INTERVAL '83 days 10 hours', 'qr_order_64', NOW() - INTERVAL '83 days 10 hours' + INTERVAL '12 minutes', 70, 10, 12, false, NULL, 'food') ON CONFLICT DO NOTHING;
INSERT INTO order_items (id, order_id, menu_item_id, quantity, price_at_time) VALUES (132, 64, 140, 2, 17000) ON CONFLICT DO NOTHING;
INSERT INTO orders (id, user_id, slot_id, vendor_id, status, total_amount, created_at, qr_code, pickup_confirmed_at, pickup_confirmed_by, eta_minutes, actual_completion_minutes, fraud_flag, stationery_job_id, booking_type) VALUES (65, 22, 156, 71, 'picked', 26000, NOW() - INTERVAL '3 days 11 hours', 'qr_order_65', NOW() - INTERVAL '3 days 11 hours' + INTERVAL '12 minutes', 71, 10, 12, false, NULL, 'food') ON CONFLICT DO NOTHING;
INSERT INTO order_items (id, order_id, menu_item_id, quantity, price_at_time) VALUES (133, 65, 179, 1, 11000) ON CONFLICT DO NOTHING;
INSERT INTO order_items (id, order_id, menu_item_id, quantity, price_at_time) VALUES (134, 65, 189, 2, 7500) ON CONFLICT DO NOTHING;
INSERT INTO orders (id, user_id, slot_id, vendor_id, status, total_amount, created_at, qr_code, pickup_confirmed_at, pickup_confirmed_by, eta_minutes, actual_completion_minutes, fraud_flag, stationery_job_id, booking_type) VALUES (66, 22, 7, 66, 'picked', 13500, NOW() - INTERVAL '18 days 4 hours', 'qr_order_66', NOW() - INTERVAL '18 days 4 hours' + INTERVAL '12 minutes', 66, 10, 12, false, NULL, 'food') ON CONFLICT DO NOTHING;
INSERT INTO order_items (id, order_id, menu_item_id, quantity, price_at_time) VALUES (135, 66, 19, 1, 13500) ON CONFLICT DO NOTHING;
INSERT INTO orders (id, user_id, slot_id, vendor_id, status, total_amount, created_at, qr_code, pickup_confirmed_at, pickup_confirmed_by, eta_minutes, actual_completion_minutes, fraud_flag, stationery_job_id, booking_type) VALUES (67, 23, 38, 67, 'picked', 111000, NOW() - INTERVAL '70 days 23 hours', 'qr_order_67', NOW() - INTERVAL '70 days 23 hours' + INTERVAL '12 minutes', 67, 10, 12, false, NULL, 'food') ON CONFLICT DO NOTHING;
INSERT INTO order_items (id, order_id, menu_item_id, quantity, price_at_time) VALUES (136, 67, 37, 2, 26000) ON CONFLICT DO NOTHING;
INSERT INTO order_items (id, order_id, menu_item_id, quantity, price_at_time) VALUES (137, 67, 43, 2, 20000) ON CONFLICT DO NOTHING;
INSERT INTO order_items (id, order_id, menu_item_id, quantity, price_at_time) VALUES (138, 67, 44, 1, 19000) ON CONFLICT DO NOTHING;
INSERT INTO orders (id, user_id, slot_id, vendor_id, status, total_amount, created_at, qr_code, pickup_confirmed_at, pickup_confirmed_by, eta_minutes, actual_completion_minutes, fraud_flag, stationery_job_id, booking_type) VALUES (68, 23, 69, 68, 'picked', 45000, NOW() - INTERVAL '80 days 5 hours', 'qr_order_68', NOW() - INTERVAL '80 days 5 hours' + INTERVAL '12 minutes', 68, 10, 12, false, NULL, 'food') ON CONFLICT DO NOTHING;
INSERT INTO order_items (id, order_id, menu_item_id, quantity, price_at_time) VALUES (139, 68, 97, 1, 7000) ON CONFLICT DO NOTHING;
INSERT INTO order_items (id, order_id, menu_item_id, quantity, price_at_time) VALUES (140, 68, 95, 2, 10000) ON CONFLICT DO NOTHING;
INSERT INTO order_items (id, order_id, menu_item_id, quantity, price_at_time) VALUES (141, 68, 84, 2, 9000) ON CONFLICT DO NOTHING;
INSERT INTO orders (id, user_id, slot_id, vendor_id, status, total_amount, created_at, qr_code, pickup_confirmed_at, pickup_confirmed_by, eta_minutes, actual_completion_minutes, fraud_flag, stationery_job_id, booking_type) VALUES (69, 23, 100, 69, 'picked', 30000, NOW() - INTERVAL '58 days 7 hours', 'qr_order_69', NOW() - INTERVAL '58 days 7 hours' + INTERVAL '12 minutes', 69, 10, 12, false, NULL, 'food') ON CONFLICT DO NOTHING;
INSERT INTO order_items (id, order_id, menu_item_id, quantity, price_at_time) VALUES (142, 69, 117, 2, 4500) ON CONFLICT DO NOTHING;
INSERT INTO order_items (id, order_id, menu_item_id, quantity, price_at_time) VALUES (143, 69, 132, 1, 10000) ON CONFLICT DO NOTHING;
INSERT INTO order_items (id, order_id, menu_item_id, quantity, price_at_time) VALUES (144, 69, 125, 2, 5500) ON CONFLICT DO NOTHING;
INSERT INTO orders (id, user_id, slot_id, vendor_id, status, total_amount, created_at, qr_code, pickup_confirmed_at, pickup_confirmed_by, eta_minutes, actual_completion_minutes, fraud_flag, stationery_job_id, booking_type) VALUES (70, 24, 131, 70, 'picked', 19500, NOW() - INTERVAL '37 days 12 hours', 'qr_order_70', NOW() - INTERVAL '37 days 12 hours' + INTERVAL '12 minutes', 70, 10, 12, false, NULL, 'food') ON CONFLICT DO NOTHING;
INSERT INTO order_items (id, order_id, menu_item_id, quantity, price_at_time) VALUES (145, 70, 161, 1, 4500) ON CONFLICT DO NOTHING;
INSERT INTO order_items (id, order_id, menu_item_id, quantity, price_at_time) VALUES (146, 70, 147, 1, 3000) ON CONFLICT DO NOTHING;
INSERT INTO order_items (id, order_id, menu_item_id, quantity, price_at_time) VALUES (147, 70, 151, 1, 12000) ON CONFLICT DO NOTHING;
INSERT INTO orders (id, user_id, slot_id, vendor_id, status, total_amount, created_at, qr_code, pickup_confirmed_at, pickup_confirmed_by, eta_minutes, actual_completion_minutes, fraud_flag, stationery_job_id, booking_type) VALUES (71, 24, 162, 71, 'picked', 11000, NOW() - INTERVAL '48 days 17 hours', 'qr_order_71', NOW() - INTERVAL '48 days 17 hours' + INTERVAL '12 minutes', 71, 10, 12, false, NULL, 'food') ON CONFLICT DO NOTHING;
INSERT INTO order_items (id, order_id, menu_item_id, quantity, price_at_time) VALUES (148, 71, 175, 2, 5500) ON CONFLICT DO NOTHING;
INSERT INTO orders (id, user_id, slot_id, vendor_id, status, total_amount, created_at, qr_code, pickup_confirmed_at, pickup_confirmed_by, eta_minutes, actual_completion_minutes, fraud_flag, stationery_job_id, booking_type) VALUES (72, 24, 13, 66, 'picked', 24500, NOW() - INTERVAL '21 days 8 hours', 'qr_order_72', NOW() - INTERVAL '21 days 8 hours' + INTERVAL '12 minutes', 66, 10, 12, false, NULL, 'food') ON CONFLICT DO NOTHING;
INSERT INTO order_items (id, order_id, menu_item_id, quantity, price_at_time) VALUES (149, 72, 33, 1, 10000) ON CONFLICT DO NOTHING;
INSERT INTO order_items (id, order_id, menu_item_id, quantity, price_at_time) VALUES (150, 72, 28, 1, 14500) ON CONFLICT DO NOTHING;
INSERT INTO orders (id, user_id, slot_id, vendor_id, status, total_amount, created_at, qr_code, pickup_confirmed_at, pickup_confirmed_by, eta_minutes, actual_completion_minutes, fraud_flag, stationery_job_id, booking_type) VALUES (73, 25, 44, 67, 'placed', 92000, NOW() - INTERVAL '29 days 14 hours', 'qr_order_73', NULL, NULL, 10, NULL, false, NULL, 'food') ON CONFLICT DO NOTHING;
INSERT INTO order_items (id, order_id, menu_item_id, quantity, price_at_time) VALUES (151, 73, 36, 2, 22000) ON CONFLICT DO NOTHING;
INSERT INTO order_items (id, order_id, menu_item_id, quantity, price_at_time) VALUES (152, 73, 38, 2, 24000) ON CONFLICT DO NOTHING;
INSERT INTO orders (id, user_id, slot_id, vendor_id, status, total_amount, created_at, qr_code, pickup_confirmed_at, pickup_confirmed_by, eta_minutes, actual_completion_minutes, fraud_flag, stationery_job_id, booking_type) VALUES (74, 25, 75, 68, 'picked', 10500, NOW() - INTERVAL '31 days 12 hours', 'qr_order_74', NOW() - INTERVAL '31 days 12 hours' + INTERVAL '12 minutes', 68, 10, 12, false, NULL, 'food') ON CONFLICT DO NOTHING;
INSERT INTO order_items (id, order_id, menu_item_id, quantity, price_at_time) VALUES (153, 74, 92, 1, 10500) ON CONFLICT DO NOTHING;
INSERT INTO orders (id, user_id, slot_id, vendor_id, status, total_amount, created_at, qr_code, pickup_confirmed_at, pickup_confirmed_by, eta_minutes, actual_completion_minutes, fraud_flag, stationery_job_id, booking_type) VALUES (75, 25, 106, 69, 'picked', 39000, NOW() - INTERVAL '13 days 22 hours', 'qr_order_75', NOW() - INTERVAL '13 days 22 hours' + INTERVAL '12 minutes', 69, 10, 12, false, NULL, 'food') ON CONFLICT DO NOTHING;
INSERT INTO order_items (id, order_id, menu_item_id, quantity, price_at_time) VALUES (154, 75, 123, 1, 12000) ON CONFLICT DO NOTHING;
INSERT INTO order_items (id, order_id, menu_item_id, quantity, price_at_time) VALUES (155, 75, 110, 1, 13000) ON CONFLICT DO NOTHING;
INSERT INTO order_items (id, order_id, menu_item_id, quantity, price_at_time) VALUES (156, 75, 120, 2, 7000) ON CONFLICT DO NOTHING;
INSERT INTO orders (id, user_id, slot_id, vendor_id, status, total_amount, created_at, qr_code, pickup_confirmed_at, pickup_confirmed_by, eta_minutes, actual_completion_minutes, fraud_flag, stationery_job_id, booking_type) VALUES (76, 26, 137, 70, 'picked', 20000, NOW() - INTERVAL '18 days 22 hours', 'qr_order_76', NOW() - INTERVAL '18 days 22 hours' + INTERVAL '12 minutes', 70, 10, 12, false, NULL, 'food') ON CONFLICT DO NOTHING;
INSERT INTO order_items (id, order_id, menu_item_id, quantity, price_at_time) VALUES (157, 76, 163, 1, 3000) ON CONFLICT DO NOTHING;
INSERT INTO order_items (id, order_id, menu_item_id, quantity, price_at_time) VALUES (158, 76, 140, 1, 17000) ON CONFLICT DO NOTHING;
INSERT INTO orders (id, user_id, slot_id, vendor_id, status, total_amount, created_at, qr_code, pickup_confirmed_at, pickup_confirmed_by, eta_minutes, actual_completion_minutes, fraud_flag, stationery_job_id, booking_type) VALUES (77, 26, 168, 71, 'picked', 39000, NOW() - INTERVAL '20 days 17 hours', 'qr_order_77', NOW() - INTERVAL '20 days 17 hours' + INTERVAL '12 minutes', 71, 10, 12, false, NULL, 'food') ON CONFLICT DO NOTHING;
INSERT INTO order_items (id, order_id, menu_item_id, quantity, price_at_time) VALUES (159, 77, 195, 1, 13500) ON CONFLICT DO NOTHING;
INSERT INTO order_items (id, order_id, menu_item_id, quantity, price_at_time) VALUES (160, 77, 186, 1, 13000) ON CONFLICT DO NOTHING;
INSERT INTO order_items (id, order_id, menu_item_id, quantity, price_at_time) VALUES (161, 77, 187, 1, 12500) ON CONFLICT DO NOTHING;
INSERT INTO orders (id, user_id, slot_id, vendor_id, status, total_amount, created_at, qr_code, pickup_confirmed_at, pickup_confirmed_by, eta_minutes, actual_completion_minutes, fraud_flag, stationery_job_id, booking_type) VALUES (78, 26, 19, 66, 'picked', 22000, NOW() - INTERVAL '54 days 20 hours', 'qr_order_78', NOW() - INTERVAL '54 days 20 hours' + INTERVAL '12 minutes', 66, 10, 12, false, NULL, 'food') ON CONFLICT DO NOTHING;
INSERT INTO order_items (id, order_id, menu_item_id, quantity, price_at_time) VALUES (162, 78, 30, 1, 4500) ON CONFLICT DO NOTHING;
INSERT INTO order_items (id, order_id, menu_item_id, quantity, price_at_time) VALUES (163, 78, 8, 2, 4000) ON CONFLICT DO NOTHING;
INSERT INTO order_items (id, order_id, menu_item_id, quantity, price_at_time) VALUES (164, 78, 2, 1, 9500) ON CONFLICT DO NOTHING;
INSERT INTO orders (id, user_id, slot_id, vendor_id, status, total_amount, created_at, qr_code, pickup_confirmed_at, pickup_confirmed_by, eta_minutes, actual_completion_minutes, fraud_flag, stationery_job_id, booking_type) VALUES (79, 27, 50, 67, 'ready', 2500, NOW() - INTERVAL '38 days 13 hours', 'qr_order_79', NULL, NULL, 10, NULL, false, NULL, 'food') ON CONFLICT DO NOTHING;
INSERT INTO order_items (id, order_id, menu_item_id, quantity, price_at_time) VALUES (165, 79, 57, 1, 2500) ON CONFLICT DO NOTHING;
INSERT INTO orders (id, user_id, slot_id, vendor_id, status, total_amount, created_at, qr_code, pickup_confirmed_at, pickup_confirmed_by, eta_minutes, actual_completion_minutes, fraud_flag, stationery_job_id, booking_type) VALUES (80, 27, 81, 68, 'picked', 51500, NOW() - INTERVAL '24 days 21 hours', 'qr_order_80', NOW() - INTERVAL '24 days 21 hours' + INTERVAL '12 minutes', 68, 10, 12, false, NULL, 'food') ON CONFLICT DO NOTHING;
INSERT INTO order_items (id, order_id, menu_item_id, quantity, price_at_time) VALUES (166, 80, 74, 2, 12000) ON CONFLICT DO NOTHING;
INSERT INTO order_items (id, order_id, menu_item_id, quantity, price_at_time) VALUES (167, 80, 73, 1, 9500) ON CONFLICT DO NOTHING;
INSERT INTO order_items (id, order_id, menu_item_id, quantity, price_at_time) VALUES (168, 80, 93, 2, 9000) ON CONFLICT DO NOTHING;
INSERT INTO orders (id, user_id, slot_id, vendor_id, status, total_amount, created_at, qr_code, pickup_confirmed_at, pickup_confirmed_by, eta_minutes, actual_completion_minutes, fraud_flag, stationery_job_id, booking_type) VALUES (81, 27, 112, 69, 'picked', 29000, NOW() - INTERVAL '50 days 11 hours', 'qr_order_81', NOW() - INTERVAL '50 days 11 hours' + INTERVAL '12 minutes', 69, 10, 12, false, NULL, 'food') ON CONFLICT DO NOTHING;
INSERT INTO order_items (id, order_id, menu_item_id, quantity, price_at_time) VALUES (169, 81, 103, 2, 7000) ON CONFLICT DO NOTHING;
INSERT INTO order_items (id, order_id, menu_item_id, quantity, price_at_time) VALUES (170, 81, 106, 2, 7500) ON CONFLICT DO NOTHING;
INSERT INTO orders (id, user_id, slot_id, vendor_id, status, total_amount, created_at, qr_code, pickup_confirmed_at, pickup_confirmed_by, eta_minutes, actual_completion_minutes, fraud_flag, stationery_job_id, booking_type) VALUES (82, 28, 143, 70, 'picked', 8000, NOW() - INTERVAL '85 days 20 hours', 'qr_order_82', NOW() - INTERVAL '85 days 20 hours' + INTERVAL '12 minutes', 70, 10, 12, false, NULL, 'food') ON CONFLICT DO NOTHING;
INSERT INTO order_items (id, order_id, menu_item_id, quantity, price_at_time) VALUES (171, 82, 156, 1, 8000) ON CONFLICT DO NOTHING;
INSERT INTO orders (id, user_id, slot_id, vendor_id, status, total_amount, created_at, qr_code, pickup_confirmed_at, pickup_confirmed_by, eta_minutes, actual_completion_minutes, fraud_flag, stationery_job_id, booking_type) VALUES (83, 28, 174, 71, 'picked', 36500, NOW() - INTERVAL '70 days 10 hours', 'qr_order_83', NOW() - INTERVAL '70 days 10 hours' + INTERVAL '12 minutes', 71, 10, 12, false, NULL, 'food') ON CONFLICT DO NOTHING;
INSERT INTO order_items (id, order_id, menu_item_id, quantity, price_at_time) VALUES (172, 83, 179, 2, 11000) ON CONFLICT DO NOTHING;
INSERT INTO order_items (id, order_id, menu_item_id, quantity, price_at_time) VALUES (173, 83, 198, 1, 8000) ON CONFLICT DO NOTHING;
INSERT INTO order_items (id, order_id, menu_item_id, quantity, price_at_time) VALUES (174, 83, 176, 1, 6500) ON CONFLICT DO NOTHING;
INSERT INTO orders (id, user_id, slot_id, vendor_id, status, total_amount, created_at, qr_code, pickup_confirmed_at, pickup_confirmed_by, eta_minutes, actual_completion_minutes, fraud_flag, stationery_job_id, booking_type) VALUES (84, 28, 25, 66, 'ready', 22000, NOW() - INTERVAL '59 days 1 hours', 'qr_order_84', NULL, NULL, 10, NULL, false, NULL, 'food') ON CONFLICT DO NOTHING;
INSERT INTO order_items (id, order_id, menu_item_id, quantity, price_at_time) VALUES (175, 84, 13, 1, 11000) ON CONFLICT DO NOTHING;
INSERT INTO order_items (id, order_id, menu_item_id, quantity, price_at_time) VALUES (176, 84, 13, 1, 11000) ON CONFLICT DO NOTHING;
INSERT INTO orders (id, user_id, slot_id, vendor_id, status, total_amount, created_at, qr_code, pickup_confirmed_at, pickup_confirmed_by, eta_minutes, actual_completion_minutes, fraud_flag, stationery_job_id, booking_type) VALUES (85, 29, 56, 67, 'picked', 54000, NOW() - INTERVAL '40 days 16 hours', 'qr_order_85', NOW() - INTERVAL '40 days 16 hours' + INTERVAL '12 minutes', 67, 10, 12, false, NULL, 'food') ON CONFLICT DO NOTHING;
INSERT INTO order_items (id, order_id, menu_item_id, quantity, price_at_time) VALUES (177, 85, 65, 2, 14000) ON CONFLICT DO NOTHING;
INSERT INTO order_items (id, order_id, menu_item_id, quantity, price_at_time) VALUES (178, 85, 37, 1, 26000) ON CONFLICT DO NOTHING;
INSERT INTO orders (id, user_id, slot_id, vendor_id, status, total_amount, created_at, qr_code, pickup_confirmed_at, pickup_confirmed_by, eta_minutes, actual_completion_minutes, fraud_flag, stationery_job_id, booking_type) VALUES (86, 29, 87, 68, 'picked', 31000, NOW() - INTERVAL '7 days 20 hours', 'qr_order_86', NOW() - INTERVAL '7 days 20 hours' + INTERVAL '12 minutes', 68, 10, 12, false, NULL, 'food') ON CONFLICT DO NOTHING;
INSERT INTO order_items (id, order_id, menu_item_id, quantity, price_at_time) VALUES (179, 86, 86, 1, 10000) ON CONFLICT DO NOTHING;
INSERT INTO order_items (id, order_id, menu_item_id, quantity, price_at_time) VALUES (180, 86, 92, 2, 10500) ON CONFLICT DO NOTHING;
INSERT INTO orders (id, user_id, slot_id, vendor_id, status, total_amount, created_at, qr_code, pickup_confirmed_at, pickup_confirmed_by, eta_minutes, actual_completion_minutes, fraud_flag, stationery_job_id, booking_type) VALUES (87, 29, 118, 69, 'confirmed', 41000, NOW() - INTERVAL '57 days 12 hours', 'qr_order_87', NULL, NULL, 10, NULL, false, NULL, 'food') ON CONFLICT DO NOTHING;
INSERT INTO order_items (id, order_id, menu_item_id, quantity, price_at_time) VALUES (181, 87, 113, 2, 9000) ON CONFLICT DO NOTHING;
INSERT INTO order_items (id, order_id, menu_item_id, quantity, price_at_time) VALUES (182, 87, 133, 2, 11500) ON CONFLICT DO NOTHING;
INSERT INTO orders (id, user_id, slot_id, vendor_id, status, total_amount, created_at, qr_code, pickup_confirmed_at, pickup_confirmed_by, eta_minutes, actual_completion_minutes, fraud_flag, stationery_job_id, booking_type) VALUES (88, 30, 149, 70, 'placed', 5000, NOW() - INTERVAL '67 days 8 hours', 'qr_order_88', NULL, NULL, 10, NULL, false, NULL, 'food') ON CONFLICT DO NOTHING;
INSERT INTO order_items (id, order_id, menu_item_id, quantity, price_at_time) VALUES (183, 88, 162, 1, 5000) ON CONFLICT DO NOTHING;
INSERT INTO orders (id, user_id, slot_id, vendor_id, status, total_amount, created_at, qr_code, pickup_confirmed_at, pickup_confirmed_by, eta_minutes, actual_completion_minutes, fraud_flag, stationery_job_id, booking_type) VALUES (89, 30, 180, 71, 'picked', 46500, NOW() - INTERVAL '24 days 17 hours', 'qr_order_89', NOW() - INTERVAL '24 days 17 hours' + INTERVAL '12 minutes', 71, 10, 12, false, NULL, 'food') ON CONFLICT DO NOTHING;
INSERT INTO order_items (id, order_id, menu_item_id, quantity, price_at_time) VALUES (184, 89, 188, 1, 14500) ON CONFLICT DO NOTHING;
INSERT INTO order_items (id, order_id, menu_item_id, quantity, price_at_time) VALUES (185, 89, 173, 2, 16000) ON CONFLICT DO NOTHING;
INSERT INTO orders (id, user_id, slot_id, vendor_id, status, total_amount, created_at, qr_code, pickup_confirmed_at, pickup_confirmed_by, eta_minutes, actual_completion_minutes, fraud_flag, stationery_job_id, booking_type) VALUES (90, 30, 1, 66, 'picked', 26500, NOW() - INTERVAL '40 days 14 hours', 'qr_order_90', NOW() - INTERVAL '40 days 14 hours' + INTERVAL '12 minutes', 66, 10, 12, false, NULL, 'food') ON CONFLICT DO NOTHING;
INSERT INTO order_items (id, order_id, menu_item_id, quantity, price_at_time) VALUES (186, 90, 28, 1, 14500) ON CONFLICT DO NOTHING;
INSERT INTO order_items (id, order_id, menu_item_id, quantity, price_at_time) VALUES (187, 90, 29, 2, 4000) ON CONFLICT DO NOTHING;
INSERT INTO order_items (id, order_id, menu_item_id, quantity, price_at_time) VALUES (188, 90, 29, 1, 4000) ON CONFLICT DO NOTHING;
INSERT INTO orders (id, user_id, slot_id, vendor_id, status, total_amount, created_at, qr_code, pickup_confirmed_at, pickup_confirmed_by, eta_minutes, actual_completion_minutes, fraud_flag, stationery_job_id, booking_type) VALUES (91, 31, 32, 67, 'ready', 86000, NOW() - INTERVAL '46 days 19 hours', 'qr_order_91', NULL, NULL, 10, NULL, false, NULL, 'food') ON CONFLICT DO NOTHING;
INSERT INTO order_items (id, order_id, menu_item_id, quantity, price_at_time) VALUES (189, 91, 52, 1, 28000) ON CONFLICT DO NOTHING;
INSERT INTO order_items (id, order_id, menu_item_id, quantity, price_at_time) VALUES (190, 91, 39, 2, 29000) ON CONFLICT DO NOTHING;
INSERT INTO orders (id, user_id, slot_id, vendor_id, status, total_amount, created_at, qr_code, pickup_confirmed_at, pickup_confirmed_by, eta_minutes, actual_completion_minutes, fraud_flag, stationery_job_id, booking_type) VALUES (92, 31, 63, 68, 'picked', 7000, NOW() - INTERVAL '21 days 0 hours', 'qr_order_92', NOW() - INTERVAL '21 days 0 hours' + INTERVAL '12 minutes', 68, 10, 12, false, NULL, 'food') ON CONFLICT DO NOTHING;
INSERT INTO order_items (id, order_id, menu_item_id, quantity, price_at_time) VALUES (191, 92, 97, 1, 7000) ON CONFLICT DO NOTHING;
INSERT INTO orders (id, user_id, slot_id, vendor_id, status, total_amount, created_at, qr_code, pickup_confirmed_at, pickup_confirmed_by, eta_minutes, actual_completion_minutes, fraud_flag, stationery_job_id, booking_type) VALUES (93, 31, 94, 69, 'picked', 20000, NOW() - INTERVAL '31 days 20 hours', 'qr_order_93', NOW() - INTERVAL '31 days 20 hours' + INTERVAL '12 minutes', 69, 10, 12, false, NULL, 'food') ON CONFLICT DO NOTHING;
INSERT INTO order_items (id, order_id, menu_item_id, quantity, price_at_time) VALUES (192, 93, 125, 2, 5500) ON CONFLICT DO NOTHING;
INSERT INTO order_items (id, order_id, menu_item_id, quantity, price_at_time) VALUES (193, 93, 104, 1, 9000) ON CONFLICT DO NOTHING;
INSERT INTO orders (id, user_id, slot_id, vendor_id, status, total_amount, created_at, qr_code, pickup_confirmed_at, pickup_confirmed_by, eta_minutes, actual_completion_minutes, fraud_flag, stationery_job_id, booking_type) VALUES (94, 32, 125, 70, 'picked', 21000, NOW() - INTERVAL '48 days 11 hours', 'qr_order_94', NOW() - INTERVAL '48 days 11 hours' + INTERVAL '12 minutes', 70, 10, 12, false, NULL, 'food') ON CONFLICT DO NOTHING;
INSERT INTO order_items (id, order_id, menu_item_id, quantity, price_at_time) VALUES (194, 94, 139, 1, 13000) ON CONFLICT DO NOTHING;
INSERT INTO order_items (id, order_id, menu_item_id, quantity, price_at_time) VALUES (195, 94, 158, 2, 4000) ON CONFLICT DO NOTHING;
INSERT INTO orders (id, user_id, slot_id, vendor_id, status, total_amount, created_at, qr_code, pickup_confirmed_at, pickup_confirmed_by, eta_minutes, actual_completion_minutes, fraud_flag, stationery_job_id, booking_type) VALUES (95, 32, 156, 71, 'picked', 11000, NOW() - INTERVAL '36 days 7 hours', 'qr_order_95', NOW() - INTERVAL '36 days 7 hours' + INTERVAL '12 minutes', 71, 10, 12, false, NULL, 'food') ON CONFLICT DO NOTHING;
INSERT INTO order_items (id, order_id, menu_item_id, quantity, price_at_time) VALUES (196, 95, 169, 1, 11000) ON CONFLICT DO NOTHING;
INSERT INTO orders (id, user_id, slot_id, vendor_id, status, total_amount, created_at, qr_code, pickup_confirmed_at, pickup_confirmed_by, eta_minutes, actual_completion_minutes, fraud_flag, stationery_job_id, booking_type) VALUES (96, 32, 7, 66, 'picked', 20000, NOW() - INTERVAL '50 days 17 hours', 'qr_order_96', NOW() - INTERVAL '50 days 17 hours' + INTERVAL '12 minutes', 66, 10, 12, false, NULL, 'food') ON CONFLICT DO NOTHING;
INSERT INTO order_items (id, order_id, menu_item_id, quantity, price_at_time) VALUES (197, 96, 17, 2, 10000) ON CONFLICT DO NOTHING;
INSERT INTO orders (id, user_id, slot_id, vendor_id, status, total_amount, created_at, qr_code, pickup_confirmed_at, pickup_confirmed_by, eta_minutes, actual_completion_minutes, fraud_flag, stationery_job_id, booking_type) VALUES (97, 33, 38, 67, 'ready', 31000, NOW() - INTERVAL '28 days 19 hours', 'qr_order_97', NULL, NULL, 10, NULL, false, NULL, 'food') ON CONFLICT DO NOTHING;
INSERT INTO order_items (id, order_id, menu_item_id, quantity, price_at_time) VALUES (198, 97, 66, 1, 14000) ON CONFLICT DO NOTHING;
INSERT INTO order_items (id, order_id, menu_item_id, quantity, price_at_time) VALUES (199, 97, 42, 1, 17000) ON CONFLICT DO NOTHING;
INSERT INTO orders (id, user_id, slot_id, vendor_id, status, total_amount, created_at, qr_code, pickup_confirmed_at, pickup_confirmed_by, eta_minutes, actual_completion_minutes, fraud_flag, stationery_job_id, booking_type) VALUES (98, 33, 69, 68, 'confirmed', 38000, NOW() - INTERVAL '58 days 5 hours', 'qr_order_98', NULL, NULL, 10, NULL, false, NULL, 'food') ON CONFLICT DO NOTHING;
INSERT INTO order_items (id, order_id, menu_item_id, quantity, price_at_time) VALUES (200, 98, 97, 1, 7000) ON CONFLICT DO NOTHING;
INSERT INTO order_items (id, order_id, menu_item_id, quantity, price_at_time) VALUES (201, 98, 89, 2, 6000) ON CONFLICT DO NOTHING;
INSERT INTO order_items (id, order_id, menu_item_id, quantity, price_at_time) VALUES (202, 98, 73, 2, 9500) ON CONFLICT DO NOTHING;
INSERT INTO orders (id, user_id, slot_id, vendor_id, status, total_amount, created_at, qr_code, pickup_confirmed_at, pickup_confirmed_by, eta_minutes, actual_completion_minutes, fraud_flag, stationery_job_id, booking_type) VALUES (99, 33, 100, 69, 'confirmed', 33500, NOW() - INTERVAL '21 days 22 hours', 'qr_order_99', NULL, NULL, 10, NULL, false, NULL, 'food') ON CONFLICT DO NOTHING;
INSERT INTO order_items (id, order_id, menu_item_id, quantity, price_at_time) VALUES (203, 99, 113, 2, 9000) ON CONFLICT DO NOTHING;
INSERT INTO order_items (id, order_id, menu_item_id, quantity, price_at_time) VALUES (204, 99, 134, 1, 4500) ON CONFLICT DO NOTHING;
INSERT INTO order_items (id, order_id, menu_item_id, quantity, price_at_time) VALUES (205, 99, 109, 1, 11000) ON CONFLICT DO NOTHING;
INSERT INTO orders (id, user_id, slot_id, vendor_id, status, total_amount, created_at, qr_code, pickup_confirmed_at, pickup_confirmed_by, eta_minutes, actual_completion_minutes, fraud_flag, stationery_job_id, booking_type) VALUES (100, 34, 131, 70, 'ready', 8000, NOW() - INTERVAL '31 days 15 hours', 'qr_order_100', NULL, NULL, 10, NULL, false, NULL, 'food') ON CONFLICT DO NOTHING;
INSERT INTO order_items (id, order_id, menu_item_id, quantity, price_at_time) VALUES (206, 100, 158, 2, 4000) ON CONFLICT DO NOTHING;
INSERT INTO orders (id, user_id, slot_id, vendor_id, status, total_amount, created_at, qr_code, pickup_confirmed_at, pickup_confirmed_by, eta_minutes, actual_completion_minutes, fraud_flag, stationery_job_id, booking_type) VALUES (101, 34, 162, 71, 'picked', 57000, NOW() - INTERVAL '71 days 4 hours', 'qr_order_101', NOW() - INTERVAL '71 days 4 hours' + INTERVAL '12 minutes', 71, 10, 12, false, NULL, 'food') ON CONFLICT DO NOTHING;
INSERT INTO order_items (id, order_id, menu_item_id, quantity, price_at_time) VALUES (207, 101, 173, 1, 16000) ON CONFLICT DO NOTHING;
INSERT INTO order_items (id, order_id, menu_item_id, quantity, price_at_time) VALUES (208, 101, 187, 2, 12500) ON CONFLICT DO NOTHING;
INSERT INTO order_items (id, order_id, menu_item_id, quantity, price_at_time) VALUES (209, 101, 198, 2, 8000) ON CONFLICT DO NOTHING;
INSERT INTO orders (id, user_id, slot_id, vendor_id, status, total_amount, created_at, qr_code, pickup_confirmed_at, pickup_confirmed_by, eta_minutes, actual_completion_minutes, fraud_flag, stationery_job_id, booking_type) VALUES (102, 34, 13, 66, 'ready', 10000, NOW() - INTERVAL '74 days 2 hours', 'qr_order_102', NULL, NULL, 10, NULL, false, NULL, 'food') ON CONFLICT DO NOTHING;
INSERT INTO order_items (id, order_id, menu_item_id, quantity, price_at_time) VALUES (210, 102, 21, 1, 10000) ON CONFLICT DO NOTHING;
INSERT INTO orders (id, user_id, slot_id, vendor_id, status, total_amount, created_at, qr_code, pickup_confirmed_at, pickup_confirmed_by, eta_minutes, actual_completion_minutes, fraud_flag, stationery_job_id, booking_type) VALUES (103, 35, 44, 67, 'picked', 16000, NOW() - INTERVAL '67 days 11 hours', 'qr_order_103', NOW() - INTERVAL '67 days 11 hours' + INTERVAL '12 minutes', 67, 10, 12, false, NULL, 'food') ON CONFLICT DO NOTHING;
INSERT INTO order_items (id, order_id, menu_item_id, quantity, price_at_time) VALUES (211, 103, 46, 1, 16000) ON CONFLICT DO NOTHING;
INSERT INTO orders (id, user_id, slot_id, vendor_id, status, total_amount, created_at, qr_code, pickup_confirmed_at, pickup_confirmed_by, eta_minutes, actual_completion_minutes, fraud_flag, stationery_job_id, booking_type) VALUES (104, 35, 75, 68, 'picked', 24000, NOW() - INTERVAL '8 days 3 hours', 'qr_order_104', NOW() - INTERVAL '8 days 3 hours' + INTERVAL '12 minutes', 68, 10, 12, false, NULL, 'food') ON CONFLICT DO NOTHING;
INSERT INTO order_items (id, order_id, menu_item_id, quantity, price_at_time) VALUES (212, 104, 78, 2, 6000) ON CONFLICT DO NOTHING;
INSERT INTO order_items (id, order_id, menu_item_id, quantity, price_at_time) VALUES (213, 104, 79, 1, 6000) ON CONFLICT DO NOTHING;
INSERT INTO order_items (id, order_id, menu_item_id, quantity, price_at_time) VALUES (214, 104, 89, 1, 6000) ON CONFLICT DO NOTHING;
INSERT INTO orders (id, user_id, slot_id, vendor_id, status, total_amount, created_at, qr_code, pickup_confirmed_at, pickup_confirmed_by, eta_minutes, actual_completion_minutes, fraud_flag, stationery_job_id, booking_type) VALUES (105, 35, 106, 69, 'picked', 5500, NOW() - INTERVAL '67 days 9 hours', 'qr_order_105', NOW() - INTERVAL '67 days 9 hours' + INTERVAL '12 minutes', 69, 10, 12, false, NULL, 'food') ON CONFLICT DO NOTHING;
INSERT INTO order_items (id, order_id, menu_item_id, quantity, price_at_time) VALUES (215, 105, 118, 1, 5500) ON CONFLICT DO NOTHING;
INSERT INTO orders (id, user_id, slot_id, vendor_id, status, total_amount, created_at, qr_code, pickup_confirmed_at, pickup_confirmed_by, eta_minutes, actual_completion_minutes, fraud_flag, stationery_job_id, booking_type) VALUES (106, 36, 137, 70, 'picked', 6500, NOW() - INTERVAL '71 days 8 hours', 'qr_order_106', NOW() - INTERVAL '71 days 8 hours' + INTERVAL '12 minutes', 70, 10, 12, false, NULL, 'food') ON CONFLICT DO NOTHING;
INSERT INTO order_items (id, order_id, menu_item_id, quantity, price_at_time) VALUES (216, 106, 154, 1, 6500) ON CONFLICT DO NOTHING;
INSERT INTO orders (id, user_id, slot_id, vendor_id, status, total_amount, created_at, qr_code, pickup_confirmed_at, pickup_confirmed_by, eta_minutes, actual_completion_minutes, fraud_flag, stationery_job_id, booking_type) VALUES (107, 36, 168, 71, 'picked', 27500, NOW() - INTERVAL '22 days 18 hours', 'qr_order_107', NOW() - INTERVAL '22 days 18 hours' + INTERVAL '12 minutes', 71, 10, 12, false, NULL, 'food') ON CONFLICT DO NOTHING;
INSERT INTO order_items (id, order_id, menu_item_id, quantity, price_at_time) VALUES (217, 107, 177, 1, 9000) ON CONFLICT DO NOTHING;
INSERT INTO order_items (id, order_id, menu_item_id, quantity, price_at_time) VALUES (218, 107, 189, 1, 7500) ON CONFLICT DO NOTHING;
INSERT INTO order_items (id, order_id, menu_item_id, quantity, price_at_time) VALUES (219, 107, 169, 1, 11000) ON CONFLICT DO NOTHING;
INSERT INTO orders (id, user_id, slot_id, vendor_id, status, total_amount, created_at, qr_code, pickup_confirmed_at, pickup_confirmed_by, eta_minutes, actual_completion_minutes, fraud_flag, stationery_job_id, booking_type) VALUES (108, 36, 19, 66, 'picked', 47000, NOW() - INTERVAL '83 days 18 hours', 'qr_order_108', NOW() - INTERVAL '83 days 18 hours' + INTERVAL '12 minutes', 66, 10, 12, false, NULL, 'food') ON CONFLICT DO NOTHING;
INSERT INTO order_items (id, order_id, menu_item_id, quantity, price_at_time) VALUES (220, 108, 14, 2, 14000) ON CONFLICT DO NOTHING;
INSERT INTO order_items (id, order_id, menu_item_id, quantity, price_at_time) VALUES (221, 108, 2, 2, 9500) ON CONFLICT DO NOTHING;
INSERT INTO orders (id, user_id, slot_id, vendor_id, status, total_amount, created_at, qr_code, pickup_confirmed_at, pickup_confirmed_by, eta_minutes, actual_completion_minutes, fraud_flag, stationery_job_id, booking_type) VALUES (109, 37, 50, 67, 'confirmed', 48000, NOW() - INTERVAL '70 days 9 hours', 'qr_order_109', NULL, NULL, 10, NULL, false, NULL, 'food') ON CONFLICT DO NOTHING;
INSERT INTO order_items (id, order_id, menu_item_id, quantity, price_at_time) VALUES (222, 109, 54, 2, 4000) ON CONFLICT DO NOTHING;
INSERT INTO order_items (id, order_id, menu_item_id, quantity, price_at_time) VALUES (223, 109, 50, 2, 16000) ON CONFLICT DO NOTHING;
INSERT INTO order_items (id, order_id, menu_item_id, quantity, price_at_time) VALUES (224, 109, 54, 2, 4000) ON CONFLICT DO NOTHING;
INSERT INTO orders (id, user_id, slot_id, vendor_id, status, total_amount, created_at, qr_code, pickup_confirmed_at, pickup_confirmed_by, eta_minutes, actual_completion_minutes, fraud_flag, stationery_job_id, booking_type) VALUES (110, 37, 81, 68, 'picked', 28000, NOW() - INTERVAL '8 days 5 hours', 'qr_order_110', NOW() - INTERVAL '8 days 5 hours' + INTERVAL '12 minutes', 68, 10, 12, false, NULL, 'food') ON CONFLICT DO NOTHING;
INSERT INTO order_items (id, order_id, menu_item_id, quantity, price_at_time) VALUES (225, 110, 95, 2, 10000) ON CONFLICT DO NOTHING;
INSERT INTO order_items (id, order_id, menu_item_id, quantity, price_at_time) VALUES (226, 110, 98, 1, 8000) ON CONFLICT DO NOTHING;
INSERT INTO orders (id, user_id, slot_id, vendor_id, status, total_amount, created_at, qr_code, pickup_confirmed_at, pickup_confirmed_by, eta_minutes, actual_completion_minutes, fraud_flag, stationery_job_id, booking_type) VALUES (111, 37, 112, 69, 'picked', 31500, NOW() - INTERVAL '19 days 10 hours', 'qr_order_111', NOW() - INTERVAL '19 days 10 hours' + INTERVAL '12 minutes', 69, 10, 12, false, NULL, 'food') ON CONFLICT DO NOTHING;
INSERT INTO order_items (id, order_id, menu_item_id, quantity, price_at_time) VALUES (227, 111, 122, 2, 8500) ON CONFLICT DO NOTHING;
INSERT INTO order_items (id, order_id, menu_item_id, quantity, price_at_time) VALUES (228, 111, 127, 1, 9000) ON CONFLICT DO NOTHING;
INSERT INTO order_items (id, order_id, menu_item_id, quantity, price_at_time) VALUES (229, 111, 125, 1, 5500) ON CONFLICT DO NOTHING;
INSERT INTO orders (id, user_id, slot_id, vendor_id, status, total_amount, created_at, qr_code, pickup_confirmed_at, pickup_confirmed_by, eta_minutes, actual_completion_minutes, fraud_flag, stationery_job_id, booking_type) VALUES (112, 38, 143, 70, 'picked', 9000, NOW() - INTERVAL '60 days 3 hours', 'qr_order_112', NOW() - INTERVAL '60 days 3 hours' + INTERVAL '12 minutes', 70, 10, 12, false, NULL, 'food') ON CONFLICT DO NOTHING;
INSERT INTO order_items (id, order_id, menu_item_id, quantity, price_at_time) VALUES (230, 112, 163, 1, 3000) ON CONFLICT DO NOTHING;
INSERT INTO order_items (id, order_id, menu_item_id, quantity, price_at_time) VALUES (231, 112, 144, 1, 6000) ON CONFLICT DO NOTHING;
INSERT INTO orders (id, user_id, slot_id, vendor_id, status, total_amount, created_at, qr_code, pickup_confirmed_at, pickup_confirmed_by, eta_minutes, actual_completion_minutes, fraud_flag, stationery_job_id, booking_type) VALUES (113, 38, 174, 71, 'picked', 38500, NOW() - INTERVAL '50 days 19 hours', 'qr_order_113', NOW() - INTERVAL '50 days 19 hours' + INTERVAL '12 minutes', 71, 10, 12, false, NULL, 'food') ON CONFLICT DO NOTHING;
INSERT INTO order_items (id, order_id, menu_item_id, quantity, price_at_time) VALUES (232, 113, 183, 1, 9500) ON CONFLICT DO NOTHING;
INSERT INTO order_items (id, order_id, menu_item_id, quantity, price_at_time) VALUES (233, 113, 188, 2, 14500) ON CONFLICT DO NOTHING;
INSERT INTO orders (id, user_id, slot_id, vendor_id, status, total_amount, created_at, qr_code, pickup_confirmed_at, pickup_confirmed_by, eta_minutes, actual_completion_minutes, fraud_flag, stationery_job_id, booking_type) VALUES (114, 38, 25, 66, 'picked', 35500, NOW() - INTERVAL '21 days 15 hours', 'qr_order_114', NOW() - INTERVAL '21 days 15 hours' + INTERVAL '12 minutes', 66, 10, 12, false, NULL, 'food') ON CONFLICT DO NOTHING;
INSERT INTO order_items (id, order_id, menu_item_id, quantity, price_at_time) VALUES (234, 114, 30, 2, 4500) ON CONFLICT DO NOTHING;
INSERT INTO order_items (id, order_id, menu_item_id, quantity, price_at_time) VALUES (235, 114, 20, 2, 8500) ON CONFLICT DO NOTHING;
INSERT INTO order_items (id, order_id, menu_item_id, quantity, price_at_time) VALUES (236, 114, 2, 1, 9500) ON CONFLICT DO NOTHING;
INSERT INTO orders (id, user_id, slot_id, vendor_id, status, total_amount, created_at, qr_code, pickup_confirmed_at, pickup_confirmed_by, eta_minutes, actual_completion_minutes, fraud_flag, stationery_job_id, booking_type) VALUES (115, 39, 56, 67, 'placed', 37000, NOW() - INTERVAL '65 days 14 hours', 'qr_order_115', NULL, NULL, 10, NULL, false, NULL, 'food') ON CONFLICT DO NOTHING;
INSERT INTO order_items (id, order_id, menu_item_id, quantity, price_at_time) VALUES (237, 115, 48, 2, 18500) ON CONFLICT DO NOTHING;
INSERT INTO orders (id, user_id, slot_id, vendor_id, status, total_amount, created_at, qr_code, pickup_confirmed_at, pickup_confirmed_by, eta_minutes, actual_completion_minutes, fraud_flag, stationery_job_id, booking_type) VALUES (116, 39, 87, 68, 'picked', 39000, NOW() - INTERVAL '37 days 15 hours', 'qr_order_116', NOW() - INTERVAL '37 days 15 hours' + INTERVAL '12 minutes', 68, 10, 12, false, NULL, 'food') ON CONFLICT DO NOTHING;
INSERT INTO order_items (id, order_id, menu_item_id, quantity, price_at_time) VALUES (238, 116, 99, 2, 11000) ON CONFLICT DO NOTHING;
INSERT INTO order_items (id, order_id, menu_item_id, quantity, price_at_time) VALUES (239, 116, 69, 1, 3000) ON CONFLICT DO NOTHING;
INSERT INTO order_items (id, order_id, menu_item_id, quantity, price_at_time) VALUES (240, 116, 96, 1, 14000) ON CONFLICT DO NOTHING;
INSERT INTO orders (id, user_id, slot_id, vendor_id, status, total_amount, created_at, qr_code, pickup_confirmed_at, pickup_confirmed_by, eta_minutes, actual_completion_minutes, fraud_flag, stationery_job_id, booking_type) VALUES (117, 39, 118, 69, 'confirmed', 27000, NOW() - INTERVAL '47 days 12 hours', 'qr_order_117', NULL, NULL, 10, NULL, false, NULL, 'food') ON CONFLICT DO NOTHING;
INSERT INTO order_items (id, order_id, menu_item_id, quantity, price_at_time) VALUES (241, 117, 104, 2, 9000) ON CONFLICT DO NOTHING;
INSERT INTO order_items (id, order_id, menu_item_id, quantity, price_at_time) VALUES (242, 117, 105, 1, 9000) ON CONFLICT DO NOTHING;
INSERT INTO orders (id, user_id, slot_id, vendor_id, status, total_amount, created_at, qr_code, pickup_confirmed_at, pickup_confirmed_by, eta_minutes, actual_completion_minutes, fraud_flag, stationery_job_id, booking_type) VALUES (118, 40, 149, 70, 'picked', 22000, NOW() - INTERVAL '37 days 2 hours', 'qr_order_118', NOW() - INTERVAL '37 days 2 hours' + INTERVAL '12 minutes', 70, 10, 12, false, NULL, 'food') ON CONFLICT DO NOTHING;
INSERT INTO order_items (id, order_id, menu_item_id, quantity, price_at_time) VALUES (243, 118, 167, 2, 6000) ON CONFLICT DO NOTHING;
INSERT INTO order_items (id, order_id, menu_item_id, quantity, price_at_time) VALUES (244, 118, 152, 1, 10000) ON CONFLICT DO NOTHING;
INSERT INTO orders (id, user_id, slot_id, vendor_id, status, total_amount, created_at, qr_code, pickup_confirmed_at, pickup_confirmed_by, eta_minutes, actual_completion_minutes, fraud_flag, stationery_job_id, booking_type) VALUES (119, 40, 180, 71, 'picked', 24000, NOW() - INTERVAL '13 days 12 hours', 'qr_order_119', NOW() - INTERVAL '13 days 12 hours' + INTERVAL '12 minutes', 71, 10, 12, false, NULL, 'food') ON CONFLICT DO NOTHING;
INSERT INTO order_items (id, order_id, menu_item_id, quantity, price_at_time) VALUES (245, 119, 189, 2, 7500) ON CONFLICT DO NOTHING;
INSERT INTO order_items (id, order_id, menu_item_id, quantity, price_at_time) VALUES (246, 119, 177, 1, 9000) ON CONFLICT DO NOTHING;
INSERT INTO orders (id, user_id, slot_id, vendor_id, status, total_amount, created_at, qr_code, pickup_confirmed_at, pickup_confirmed_by, eta_minutes, actual_completion_minutes, fraud_flag, stationery_job_id, booking_type) VALUES (120, 40, 1, 66, 'picked', 15000, NOW() - INTERVAL '52 days 16 hours', 'qr_order_120', NOW() - INTERVAL '52 days 16 hours' + INTERVAL '12 minutes', 66, 10, 12, false, NULL, 'food') ON CONFLICT DO NOTHING;
INSERT INTO order_items (id, order_id, menu_item_id, quantity, price_at_time) VALUES (247, 120, 3, 1, 15000) ON CONFLICT DO NOTHING;
INSERT INTO orders (id, user_id, slot_id, vendor_id, status, total_amount, created_at, qr_code, pickup_confirmed_at, pickup_confirmed_by, eta_minutes, actual_completion_minutes, fraud_flag, stationery_job_id, booking_type) VALUES (121, 41, 32, 67, 'picked', 25000, NOW() - INTERVAL '43 days 15 hours', 'qr_order_121', NOW() - INTERVAL '43 days 15 hours' + INTERVAL '12 minutes', 67, 10, 12, false, NULL, 'food') ON CONFLICT DO NOTHING;
INSERT INTO order_items (id, order_id, menu_item_id, quantity, price_at_time) VALUES (248, 121, 64, 1, 10000) ON CONFLICT DO NOTHING;
INSERT INTO order_items (id, order_id, menu_item_id, quantity, price_at_time) VALUES (249, 121, 67, 1, 5000) ON CONFLICT DO NOTHING;
INSERT INTO order_items (id, order_id, menu_item_id, quantity, price_at_time) VALUES (250, 121, 55, 2, 5000) ON CONFLICT DO NOTHING;
INSERT INTO orders (id, user_id, slot_id, vendor_id, status, total_amount, created_at, qr_code, pickup_confirmed_at, pickup_confirmed_by, eta_minutes, actual_completion_minutes, fraud_flag, stationery_job_id, booking_type) VALUES (122, 41, 63, 68, 'picked', 26000, NOW() - INTERVAL '79 days 23 hours', 'qr_order_122', NOW() - INTERVAL '79 days 23 hours' + INTERVAL '12 minutes', 68, 10, 12, false, NULL, 'food') ON CONFLICT DO NOTHING;
INSERT INTO order_items (id, order_id, menu_item_id, quantity, price_at_time) VALUES (251, 122, 90, 2, 8000) ON CONFLICT DO NOTHING;
INSERT INTO order_items (id, order_id, menu_item_id, quantity, price_at_time) VALUES (252, 122, 88, 2, 5000) ON CONFLICT DO NOTHING;
INSERT INTO orders (id, user_id, slot_id, vendor_id, status, total_amount, created_at, qr_code, pickup_confirmed_at, pickup_confirmed_by, eta_minutes, actual_completion_minutes, fraud_flag, stationery_job_id, booking_type) VALUES (123, 41, 94, 69, 'preparing', 50000, NOW() - INTERVAL '48 days 10 hours', 'qr_order_123', NULL, NULL, 10, NULL, false, NULL, 'food') ON CONFLICT DO NOTHING;
INSERT INTO order_items (id, order_id, menu_item_id, quantity, price_at_time) VALUES (253, 123, 109, 2, 11000) ON CONFLICT DO NOTHING;
INSERT INTO order_items (id, order_id, menu_item_id, quantity, price_at_time) VALUES (254, 123, 121, 1, 8000) ON CONFLICT DO NOTHING;
INSERT INTO order_items (id, order_id, menu_item_id, quantity, price_at_time) VALUES (255, 123, 132, 2, 10000) ON CONFLICT DO NOTHING;
INSERT INTO orders (id, user_id, slot_id, vendor_id, status, total_amount, created_at, qr_code, pickup_confirmed_at, pickup_confirmed_by, eta_minutes, actual_completion_minutes, fraud_flag, stationery_job_id, booking_type) VALUES (124, 42, 125, 70, 'cancelled', 20000, NOW() - INTERVAL '75 days 18 hours', 'qr_order_124', NULL, NULL, 10, NULL, false, NULL, 'food') ON CONFLICT DO NOTHING;
INSERT INTO order_items (id, order_id, menu_item_id, quantity, price_at_time) VALUES (256, 124, 138, 2, 10000) ON CONFLICT DO NOTHING;
INSERT INTO orders (id, user_id, slot_id, vendor_id, status, total_amount, created_at, qr_code, pickup_confirmed_at, pickup_confirmed_by, eta_minutes, actual_completion_minutes, fraud_flag, stationery_job_id, booking_type) VALUES (125, 42, 156, 71, 'picked', 23000, NOW() - INTERVAL '81 days 23 hours', 'qr_order_125', NOW() - INTERVAL '81 days 23 hours' + INTERVAL '12 minutes', 71, 10, 12, false, NULL, 'food') ON CONFLICT DO NOTHING;
INSERT INTO order_items (id, order_id, menu_item_id, quantity, price_at_time) VALUES (257, 125, 192, 1, 8000) ON CONFLICT DO NOTHING;
INSERT INTO order_items (id, order_id, menu_item_id, quantity, price_at_time) VALUES (258, 125, 183, 1, 9500) ON CONFLICT DO NOTHING;
INSERT INTO order_items (id, order_id, menu_item_id, quantity, price_at_time) VALUES (259, 125, 175, 1, 5500) ON CONFLICT DO NOTHING;
INSERT INTO orders (id, user_id, slot_id, vendor_id, status, total_amount, created_at, qr_code, pickup_confirmed_at, pickup_confirmed_by, eta_minutes, actual_completion_minutes, fraud_flag, stationery_job_id, booking_type) VALUES (126, 42, 7, 66, 'picked', 11000, NOW() - INTERVAL '41 days 13 hours', 'qr_order_126', NOW() - INTERVAL '41 days 13 hours' + INTERVAL '12 minutes', 66, 10, 12, false, NULL, 'food') ON CONFLICT DO NOTHING;
INSERT INTO order_items (id, order_id, menu_item_id, quantity, price_at_time) VALUES (260, 126, 27, 1, 11000) ON CONFLICT DO NOTHING;
INSERT INTO orders (id, user_id, slot_id, vendor_id, status, total_amount, created_at, qr_code, pickup_confirmed_at, pickup_confirmed_by, eta_minutes, actual_completion_minutes, fraud_flag, stationery_job_id, booking_type) VALUES (127, 43, 38, 67, 'picked', 39000, NOW() - INTERVAL '79 days 15 hours', 'qr_order_127', NOW() - INTERVAL '79 days 15 hours' + INTERVAL '12 minutes', 67, 10, 12, false, NULL, 'food') ON CONFLICT DO NOTHING;
INSERT INTO order_items (id, order_id, menu_item_id, quantity, price_at_time) VALUES (261, 127, 38, 1, 24000) ON CONFLICT DO NOTHING;
INSERT INTO order_items (id, order_id, menu_item_id, quantity, price_at_time) VALUES (262, 127, 68, 1, 5000) ON CONFLICT DO NOTHING;
INSERT INTO order_items (id, order_id, menu_item_id, quantity, price_at_time) VALUES (263, 127, 55, 2, 5000) ON CONFLICT DO NOTHING;
INSERT INTO orders (id, user_id, slot_id, vendor_id, status, total_amount, created_at, qr_code, pickup_confirmed_at, pickup_confirmed_by, eta_minutes, actual_completion_minutes, fraud_flag, stationery_job_id, booking_type) VALUES (128, 43, 69, 68, 'picked', 38000, NOW() - INTERVAL '41 days 5 hours', 'qr_order_128', NOW() - INTERVAL '41 days 5 hours' + INTERVAL '12 minutes', 68, 10, 12, false, NULL, 'food') ON CONFLICT DO NOTHING;
INSERT INTO order_items (id, order_id, menu_item_id, quantity, price_at_time) VALUES (264, 128, 90, 2, 8000) ON CONFLICT DO NOTHING;
INSERT INTO order_items (id, order_id, menu_item_id, quantity, price_at_time) VALUES (265, 128, 85, 2, 11000) ON CONFLICT DO NOTHING;
INSERT INTO orders (id, user_id, slot_id, vendor_id, status, total_amount, created_at, qr_code, pickup_confirmed_at, pickup_confirmed_by, eta_minutes, actual_completion_minutes, fraud_flag, stationery_job_id, booking_type) VALUES (129, 43, 100, 69, 'picked', 44000, NOW() - INTERVAL '32 days 8 hours', 'qr_order_129', NOW() - INTERVAL '32 days 8 hours' + INTERVAL '12 minutes', 69, 10, 12, false, NULL, 'food') ON CONFLICT DO NOTHING;
INSERT INTO order_items (id, order_id, menu_item_id, quantity, price_at_time) VALUES (266, 129, 121, 1, 8000) ON CONFLICT DO NOTHING;
INSERT INTO order_items (id, order_id, menu_item_id, quantity, price_at_time) VALUES (267, 129, 121, 2, 8000) ON CONFLICT DO NOTHING;
INSERT INTO order_items (id, order_id, menu_item_id, quantity, price_at_time) VALUES (268, 129, 115, 2, 10000) ON CONFLICT DO NOTHING;
INSERT INTO orders (id, user_id, slot_id, vendor_id, status, total_amount, created_at, qr_code, pickup_confirmed_at, pickup_confirmed_by, eta_minutes, actual_completion_minutes, fraud_flag, stationery_job_id, booking_type) VALUES (130, 44, 131, 70, 'picked', 37000, NOW() - INTERVAL '45 days 17 hours', 'qr_order_130', NOW() - INTERVAL '45 days 17 hours' + INTERVAL '12 minutes', 70, 10, 12, false, NULL, 'food') ON CONFLICT DO NOTHING;
INSERT INTO order_items (id, order_id, menu_item_id, quantity, price_at_time) VALUES (269, 130, 152, 2, 10000) ON CONFLICT DO NOTHING;
INSERT INTO order_items (id, order_id, menu_item_id, quantity, price_at_time) VALUES (270, 130, 142, 2, 6000) ON CONFLICT DO NOTHING;
INSERT INTO order_items (id, order_id, menu_item_id, quantity, price_at_time) VALUES (271, 130, 160, 2, 2500) ON CONFLICT DO NOTHING;
INSERT INTO orders (id, user_id, slot_id, vendor_id, status, total_amount, created_at, qr_code, pickup_confirmed_at, pickup_confirmed_by, eta_minutes, actual_completion_minutes, fraud_flag, stationery_job_id, booking_type) VALUES (131, 44, 162, 71, 'cancelled', 13000, NOW() - INTERVAL '19 days 9 hours', 'qr_order_131', NULL, NULL, 10, NULL, false, NULL, 'food') ON CONFLICT DO NOTHING;
INSERT INTO order_items (id, order_id, menu_item_id, quantity, price_at_time) VALUES (272, 131, 186, 1, 13000) ON CONFLICT DO NOTHING;
INSERT INTO orders (id, user_id, slot_id, vendor_id, status, total_amount, created_at, qr_code, pickup_confirmed_at, pickup_confirmed_by, eta_minutes, actual_completion_minutes, fraud_flag, stationery_job_id, booking_type) VALUES (132, 44, 13, 66, 'picked', 27000, NOW() - INTERVAL '57 days 20 hours', 'qr_order_132', NOW() - INTERVAL '57 days 20 hours' + INTERVAL '12 minutes', 66, 10, 12, false, NULL, 'food') ON CONFLICT DO NOTHING;
INSERT INTO order_items (id, order_id, menu_item_id, quantity, price_at_time) VALUES (273, 132, 31, 1, 5000) ON CONFLICT DO NOTHING;
INSERT INTO order_items (id, order_id, menu_item_id, quantity, price_at_time) VALUES (274, 132, 13, 2, 11000) ON CONFLICT DO NOTHING;
INSERT INTO orders (id, user_id, slot_id, vendor_id, status, total_amount, created_at, qr_code, pickup_confirmed_at, pickup_confirmed_by, eta_minutes, actual_completion_minutes, fraud_flag, stationery_job_id, booking_type) VALUES (133, 45, 44, 67, 'placed', 16000, NOW() - INTERVAL '35 days 4 hours', 'qr_order_133', NULL, NULL, 10, NULL, false, NULL, 'food') ON CONFLICT DO NOTHING;
INSERT INTO order_items (id, order_id, menu_item_id, quantity, price_at_time) VALUES (275, 133, 50, 1, 16000) ON CONFLICT DO NOTHING;
INSERT INTO orders (id, user_id, slot_id, vendor_id, status, total_amount, created_at, qr_code, pickup_confirmed_at, pickup_confirmed_by, eta_minutes, actual_completion_minutes, fraud_flag, stationery_job_id, booking_type) VALUES (134, 45, 75, 68, 'picked', 28000, NOW() - INTERVAL '68 days 7 hours', 'qr_order_134', NOW() - INTERVAL '68 days 7 hours' + INTERVAL '12 minutes', 68, 10, 12, false, NULL, 'food') ON CONFLICT DO NOTHING;
INSERT INTO order_items (id, order_id, menu_item_id, quantity, price_at_time) VALUES (276, 134, 83, 1, 4000) ON CONFLICT DO NOTHING;
INSERT INTO order_items (id, order_id, menu_item_id, quantity, price_at_time) VALUES (277, 134, 75, 2, 4000) ON CONFLICT DO NOTHING;
INSERT INTO order_items (id, order_id, menu_item_id, quantity, price_at_time) VALUES (278, 134, 90, 2, 8000) ON CONFLICT DO NOTHING;
INSERT INTO orders (id, user_id, slot_id, vendor_id, status, total_amount, created_at, qr_code, pickup_confirmed_at, pickup_confirmed_by, eta_minutes, actual_completion_minutes, fraud_flag, stationery_job_id, booking_type) VALUES (135, 45, 106, 69, 'picked', 62000, NOW() - INTERVAL '18 days 0 hours', 'qr_order_135', NOW() - INTERVAL '18 days 0 hours' + INTERVAL '12 minutes', 69, 10, 12, false, NULL, 'food') ON CONFLICT DO NOTHING;
INSERT INTO order_items (id, order_id, menu_item_id, quantity, price_at_time) VALUES (279, 135, 112, 2, 9500) ON CONFLICT DO NOTHING;
INSERT INTO order_items (id, order_id, menu_item_id, quantity, price_at_time) VALUES (280, 135, 132, 2, 10000) ON CONFLICT DO NOTHING;
INSERT INTO order_items (id, order_id, menu_item_id, quantity, price_at_time) VALUES (281, 135, 114, 2, 11500) ON CONFLICT DO NOTHING;
INSERT INTO orders (id, user_id, slot_id, vendor_id, status, total_amount, created_at, qr_code, pickup_confirmed_at, pickup_confirmed_by, eta_minutes, actual_completion_minutes, fraud_flag, stationery_job_id, booking_type) VALUES (136, 46, 137, 70, 'picked', 8500, NOW() - INTERVAL '83 days 1 hours', 'qr_order_136', NOW() - INTERVAL '83 days 1 hours' + INTERVAL '12 minutes', 70, 10, 12, false, NULL, 'food') ON CONFLICT DO NOTHING;
INSERT INTO order_items (id, order_id, menu_item_id, quantity, price_at_time) VALUES (282, 136, 149, 1, 8500) ON CONFLICT DO NOTHING;
INSERT INTO orders (id, user_id, slot_id, vendor_id, status, total_amount, created_at, qr_code, pickup_confirmed_at, pickup_confirmed_by, eta_minutes, actual_completion_minutes, fraud_flag, stationery_job_id, booking_type) VALUES (137, 46, 168, 71, 'placed', 11000, NOW() - INTERVAL '23 days 13 hours', 'qr_order_137', NULL, NULL, 10, NULL, false, NULL, 'food') ON CONFLICT DO NOTHING;
INSERT INTO order_items (id, order_id, menu_item_id, quantity, price_at_time) VALUES (283, 137, 170, 2, 5500) ON CONFLICT DO NOTHING;
INSERT INTO orders (id, user_id, slot_id, vendor_id, status, total_amount, created_at, qr_code, pickup_confirmed_at, pickup_confirmed_by, eta_minutes, actual_completion_minutes, fraud_flag, stationery_job_id, booking_type) VALUES (138, 46, 19, 66, 'ready', 23500, NOW() - INTERVAL '24 days 23 hours', 'qr_order_138', NULL, NULL, 10, NULL, false, NULL, 'food') ON CONFLICT DO NOTHING;
INSERT INTO order_items (id, order_id, menu_item_id, quantity, price_at_time) VALUES (284, 138, 3, 1, 15000) ON CONFLICT DO NOTHING;
INSERT INTO order_items (id, order_id, menu_item_id, quantity, price_at_time) VALUES (285, 138, 20, 1, 8500) ON CONFLICT DO NOTHING;
INSERT INTO orders (id, user_id, slot_id, vendor_id, status, total_amount, created_at, qr_code, pickup_confirmed_at, pickup_confirmed_by, eta_minutes, actual_completion_minutes, fraud_flag, stationery_job_id, booking_type) VALUES (139, 47, 50, 67, 'placed', 50000, NOW() - INTERVAL '43 days 9 hours', 'qr_order_139', NULL, NULL, 10, NULL, false, NULL, 'food') ON CONFLICT DO NOTHING;
INSERT INTO order_items (id, order_id, menu_item_id, quantity, price_at_time) VALUES (286, 139, 68, 2, 5000) ON CONFLICT DO NOTHING;
INSERT INTO order_items (id, order_id, menu_item_id, quantity, price_at_time) VALUES (287, 139, 43, 2, 20000) ON CONFLICT DO NOTHING;
INSERT INTO orders (id, user_id, slot_id, vendor_id, status, total_amount, created_at, qr_code, pickup_confirmed_at, pickup_confirmed_by, eta_minutes, actual_completion_minutes, fraud_flag, stationery_job_id, booking_type) VALUES (140, 47, 81, 68, 'picked', 16000, NOW() - INTERVAL '15 days 10 hours', 'qr_order_140', NOW() - INTERVAL '15 days 10 hours' + INTERVAL '12 minutes', 68, 10, 12, false, NULL, 'food') ON CONFLICT DO NOTHING;
INSERT INTO order_items (id, order_id, menu_item_id, quantity, price_at_time) VALUES (288, 140, 98, 2, 8000) ON CONFLICT DO NOTHING;
INSERT INTO orders (id, user_id, slot_id, vendor_id, status, total_amount, created_at, qr_code, pickup_confirmed_at, pickup_confirmed_by, eta_minutes, actual_completion_minutes, fraud_flag, stationery_job_id, booking_type) VALUES (141, 47, 112, 69, 'ready', 25000, NOW() - INTERVAL '2 days 23 hours', 'qr_order_141', NULL, NULL, 10, NULL, false, NULL, 'food') ON CONFLICT DO NOTHING;
INSERT INTO order_items (id, order_id, menu_item_id, quantity, price_at_time) VALUES (289, 141, 120, 1, 7000) ON CONFLICT DO NOTHING;
INSERT INTO order_items (id, order_id, menu_item_id, quantity, price_at_time) VALUES (290, 141, 113, 2, 9000) ON CONFLICT DO NOTHING;
INSERT INTO orders (id, user_id, slot_id, vendor_id, status, total_amount, created_at, qr_code, pickup_confirmed_at, pickup_confirmed_by, eta_minutes, actual_completion_minutes, fraud_flag, stationery_job_id, booking_type) VALUES (142, 48, 143, 70, 'preparing', 2500, NOW() - INTERVAL '66 days 10 hours', 'qr_order_142', NULL, NULL, 10, NULL, false, NULL, 'food') ON CONFLICT DO NOTHING;
INSERT INTO order_items (id, order_id, menu_item_id, quantity, price_at_time) VALUES (291, 142, 160, 1, 2500) ON CONFLICT DO NOTHING;
INSERT INTO orders (id, user_id, slot_id, vendor_id, status, total_amount, created_at, qr_code, pickup_confirmed_at, pickup_confirmed_by, eta_minutes, actual_completion_minutes, fraud_flag, stationery_job_id, booking_type) VALUES (143, 48, 174, 71, 'picked', 31500, NOW() - INTERVAL '18 days 15 hours', 'qr_order_143', NOW() - INTERVAL '18 days 15 hours' + INTERVAL '12 minutes', 71, 10, 12, false, NULL, 'food') ON CONFLICT DO NOTHING;
INSERT INTO order_items (id, order_id, menu_item_id, quantity, price_at_time) VALUES (292, 143, 183, 1, 9500) ON CONFLICT DO NOTHING;
INSERT INTO order_items (id, order_id, menu_item_id, quantity, price_at_time) VALUES (293, 143, 184, 2, 11000) ON CONFLICT DO NOTHING;
INSERT INTO orders (id, user_id, slot_id, vendor_id, status, total_amount, created_at, qr_code, pickup_confirmed_at, pickup_confirmed_by, eta_minutes, actual_completion_minutes, fraud_flag, stationery_job_id, booking_type) VALUES (144, 48, 25, 66, 'picked', 33500, NOW() - INTERVAL '35 days 10 hours', 'qr_order_144', NOW() - INTERVAL '35 days 10 hours' + INTERVAL '12 minutes', 66, 10, 12, false, NULL, 'food') ON CONFLICT DO NOTHING;
INSERT INTO order_items (id, order_id, menu_item_id, quantity, price_at_time) VALUES (294, 144, 1, 2, 12000) ON CONFLICT DO NOTHING;
INSERT INTO order_items (id, order_id, menu_item_id, quantity, price_at_time) VALUES (295, 144, 24, 1, 9500) ON CONFLICT DO NOTHING;
INSERT INTO orders (id, user_id, slot_id, vendor_id, status, total_amount, created_at, qr_code, pickup_confirmed_at, pickup_confirmed_by, eta_minutes, actual_completion_minutes, fraud_flag, stationery_job_id, booking_type) VALUES (145, 49, 56, 67, 'picked', 46000, NOW() - INTERVAL '16 days 14 hours', 'qr_order_145', NOW() - INTERVAL '16 days 14 hours' + INTERVAL '12 minutes', 67, 10, 12, false, NULL, 'food') ON CONFLICT DO NOTHING;
INSERT INTO order_items (id, order_id, menu_item_id, quantity, price_at_time) VALUES (296, 145, 45, 2, 18000) ON CONFLICT DO NOTHING;
INSERT INTO order_items (id, order_id, menu_item_id, quantity, price_at_time) VALUES (297, 145, 67, 2, 5000) ON CONFLICT DO NOTHING;
INSERT INTO orders (id, user_id, slot_id, vendor_id, status, total_amount, created_at, qr_code, pickup_confirmed_at, pickup_confirmed_by, eta_minutes, actual_completion_minutes, fraud_flag, stationery_job_id, booking_type) VALUES (146, 49, 87, 68, 'picked', 12000, NOW() - INTERVAL '82 days 9 hours', 'qr_order_146', NOW() - INTERVAL '82 days 9 hours' + INTERVAL '12 minutes', 68, 10, 12, false, NULL, 'food') ON CONFLICT DO NOTHING;
INSERT INTO order_items (id, order_id, menu_item_id, quantity, price_at_time) VALUES (298, 146, 83, 1, 4000) ON CONFLICT DO NOTHING;
INSERT INTO order_items (id, order_id, menu_item_id, quantity, price_at_time) VALUES (299, 146, 77, 2, 4000) ON CONFLICT DO NOTHING;
INSERT INTO orders (id, user_id, slot_id, vendor_id, status, total_amount, created_at, qr_code, pickup_confirmed_at, pickup_confirmed_by, eta_minutes, actual_completion_minutes, fraud_flag, stationery_job_id, booking_type) VALUES (147, 49, 118, 69, 'picked', 14500, NOW() - INTERVAL '78 days 11 hours', 'qr_order_147', NOW() - INTERVAL '78 days 11 hours' + INTERVAL '12 minutes', 69, 10, 12, false, NULL, 'food') ON CONFLICT DO NOTHING;
INSERT INTO order_items (id, order_id, menu_item_id, quantity, price_at_time) VALUES (300, 147, 132, 1, 10000) ON CONFLICT DO NOTHING;
INSERT INTO order_items (id, order_id, menu_item_id, quantity, price_at_time) VALUES (301, 147, 117, 1, 4500) ON CONFLICT DO NOTHING;
INSERT INTO orders (id, user_id, slot_id, vendor_id, status, total_amount, created_at, qr_code, pickup_confirmed_at, pickup_confirmed_by, eta_minutes, actual_completion_minutes, fraud_flag, stationery_job_id, booking_type) VALUES (148, 50, 149, 70, 'picked', 23000, NOW() - INTERVAL '68 days 22 hours', 'qr_order_148', NOW() - INTERVAL '68 days 22 hours' + INTERVAL '12 minutes', 70, 10, 12, false, NULL, 'food') ON CONFLICT DO NOTHING;
INSERT INTO order_items (id, order_id, menu_item_id, quantity, price_at_time) VALUES (302, 148, 139, 1, 13000) ON CONFLICT DO NOTHING;
INSERT INTO order_items (id, order_id, menu_item_id, quantity, price_at_time) VALUES (303, 148, 138, 1, 10000) ON CONFLICT DO NOTHING;
INSERT INTO orders (id, user_id, slot_id, vendor_id, status, total_amount, created_at, qr_code, pickup_confirmed_at, pickup_confirmed_by, eta_minutes, actual_completion_minutes, fraud_flag, stationery_job_id, booking_type) VALUES (149, 50, 180, 71, 'picked', 31000, NOW() - INTERVAL '20 days 5 hours', 'qr_order_149', NOW() - INTERVAL '20 days 5 hours' + INTERVAL '12 minutes', 71, 10, 12, false, NULL, 'food') ON CONFLICT DO NOTHING;
INSERT INTO order_items (id, order_id, menu_item_id, quantity, price_at_time) VALUES (304, 149, 196, 1, 7000) ON CONFLICT DO NOTHING;
INSERT INTO order_items (id, order_id, menu_item_id, quantity, price_at_time) VALUES (305, 149, 181, 2, 12000) ON CONFLICT DO NOTHING;
INSERT INTO orders (id, user_id, slot_id, vendor_id, status, total_amount, created_at, qr_code, pickup_confirmed_at, pickup_confirmed_by, eta_minutes, actual_completion_minutes, fraud_flag, stationery_job_id, booking_type) VALUES (150, 50, 1, 66, 'picked', 4500, NOW() - INTERVAL '66 days 14 hours', 'qr_order_150', NOW() - INTERVAL '66 days 14 hours' + INTERVAL '12 minutes', 66, 10, 12, false, NULL, 'food') ON CONFLICT DO NOTHING;
INSERT INTO order_items (id, order_id, menu_item_id, quantity, price_at_time) VALUES (306, 150, 30, 1, 4500) ON CONFLICT DO NOTHING;
INSERT INTO orders (id, user_id, slot_id, vendor_id, status, total_amount, created_at, qr_code, pickup_confirmed_at, pickup_confirmed_by, eta_minutes, actual_completion_minutes, fraud_flag, stationery_job_id, booking_type) VALUES (151, 51, 32, 67, 'picked', 20000, NOW() - INTERVAL '59 days 18 hours', 'qr_order_151', NOW() - INTERVAL '59 days 18 hours' + INTERVAL '12 minutes', 67, 10, 12, false, NULL, 'food') ON CONFLICT DO NOTHING;
INSERT INTO order_items (id, order_id, menu_item_id, quantity, price_at_time) VALUES (307, 151, 64, 2, 10000) ON CONFLICT DO NOTHING;
INSERT INTO orders (id, user_id, slot_id, vendor_id, status, total_amount, created_at, qr_code, pickup_confirmed_at, pickup_confirmed_by, eta_minutes, actual_completion_minutes, fraud_flag, stationery_job_id, booking_type) VALUES (152, 51, 63, 68, 'ready', 5500, NOW() - INTERVAL '51 days 8 hours', 'qr_order_152', NULL, NULL, 10, NULL, false, NULL, 'food') ON CONFLICT DO NOTHING;
INSERT INTO order_items (id, order_id, menu_item_id, quantity, price_at_time) VALUES (308, 152, 82, 1, 5500) ON CONFLICT DO NOTHING;
INSERT INTO orders (id, user_id, slot_id, vendor_id, status, total_amount, created_at, qr_code, pickup_confirmed_at, pickup_confirmed_by, eta_minutes, actual_completion_minutes, fraud_flag, stationery_job_id, booking_type) VALUES (153, 51, 94, 69, 'picked', 9000, NOW() - INTERVAL '45 days 22 hours', 'qr_order_153', NOW() - INTERVAL '45 days 22 hours' + INTERVAL '12 minutes', 69, 10, 12, false, NULL, 'food') ON CONFLICT DO NOTHING;
INSERT INTO order_items (id, order_id, menu_item_id, quantity, price_at_time) VALUES (309, 153, 105, 1, 9000) ON CONFLICT DO NOTHING;
INSERT INTO orders (id, user_id, slot_id, vendor_id, status, total_amount, created_at, qr_code, pickup_confirmed_at, pickup_confirmed_by, eta_minutes, actual_completion_minutes, fraud_flag, stationery_job_id, booking_type) VALUES (154, 52, 125, 70, 'cancelled', 16500, NOW() - INTERVAL '61 days 1 hours', 'qr_order_154', NULL, NULL, 10, NULL, false, NULL, 'food') ON CONFLICT DO NOTHING;
INSERT INTO order_items (id, order_id, menu_item_id, quantity, price_at_time) VALUES (310, 154, 161, 1, 4500) ON CONFLICT DO NOTHING;
INSERT INTO order_items (id, order_id, menu_item_id, quantity, price_at_time) VALUES (311, 154, 143, 2, 6000) ON CONFLICT DO NOTHING;
INSERT INTO orders (id, user_id, slot_id, vendor_id, status, total_amount, created_at, qr_code, pickup_confirmed_at, pickup_confirmed_by, eta_minutes, actual_completion_minutes, fraud_flag, stationery_job_id, booking_type) VALUES (155, 52, 156, 71, 'picked', 21000, NOW() - INTERVAL '49 days 14 hours', 'qr_order_155', NOW() - INTERVAL '49 days 14 hours' + INTERVAL '12 minutes', 71, 10, 12, false, NULL, 'food') ON CONFLICT DO NOTHING;
INSERT INTO order_items (id, order_id, menu_item_id, quantity, price_at_time) VALUES (312, 155, 192, 1, 8000) ON CONFLICT DO NOTHING;
INSERT INTO order_items (id, order_id, menu_item_id, quantity, price_at_time) VALUES (313, 155, 176, 2, 6500) ON CONFLICT DO NOTHING;
INSERT INTO orders (id, user_id, slot_id, vendor_id, status, total_amount, created_at, qr_code, pickup_confirmed_at, pickup_confirmed_by, eta_minutes, actual_completion_minutes, fraud_flag, stationery_job_id, booking_type) VALUES (156, 52, 7, 66, 'picked', 37000, NOW() - INTERVAL '69 days 12 hours', 'qr_order_156', NOW() - INTERVAL '69 days 12 hours' + INTERVAL '12 minutes', 66, 10, 12, false, NULL, 'food') ON CONFLICT DO NOTHING;
INSERT INTO order_items (id, order_id, menu_item_id, quantity, price_at_time) VALUES (314, 156, 9, 1, 8000) ON CONFLICT DO NOTHING;
INSERT INTO order_items (id, order_id, menu_item_id, quantity, price_at_time) VALUES (315, 156, 1, 1, 12000) ON CONFLICT DO NOTHING;
INSERT INTO order_items (id, order_id, menu_item_id, quantity, price_at_time) VALUES (316, 156, 20, 2, 8500) ON CONFLICT DO NOTHING;
INSERT INTO orders (id, user_id, slot_id, vendor_id, status, total_amount, created_at, qr_code, pickup_confirmed_at, pickup_confirmed_by, eta_minutes, actual_completion_minutes, fraud_flag, stationery_job_id, booking_type) VALUES (157, 53, 38, 67, 'picked', 39000, NOW() - INTERVAL '70 days 13 hours', 'qr_order_157', NOW() - INTERVAL '70 days 13 hours' + INTERVAL '12 minutes', 67, 10, 12, false, NULL, 'food') ON CONFLICT DO NOTHING;
INSERT INTO order_items (id, order_id, menu_item_id, quantity, price_at_time) VALUES (317, 157, 59, 1, 4500) ON CONFLICT DO NOTHING;
INSERT INTO order_items (id, order_id, menu_item_id, quantity, price_at_time) VALUES (318, 157, 50, 2, 16000) ON CONFLICT DO NOTHING;
INSERT INTO order_items (id, order_id, menu_item_id, quantity, price_at_time) VALUES (319, 157, 57, 1, 2500) ON CONFLICT DO NOTHING;
INSERT INTO orders (id, user_id, slot_id, vendor_id, status, total_amount, created_at, qr_code, pickup_confirmed_at, pickup_confirmed_by, eta_minutes, actual_completion_minutes, fraud_flag, stationery_job_id, booking_type) VALUES (158, 53, 69, 68, 'picked', 28500, NOW() - INTERVAL '15 days 1 hours', 'qr_order_158', NOW() - INTERVAL '15 days 1 hours' + INTERVAL '12 minutes', 68, 10, 12, false, NULL, 'food') ON CONFLICT DO NOTHING;
INSERT INTO order_items (id, order_id, menu_item_id, quantity, price_at_time) VALUES (320, 158, 95, 1, 10000) ON CONFLICT DO NOTHING;
INSERT INTO order_items (id, order_id, menu_item_id, quantity, price_at_time) VALUES (321, 158, 84, 1, 9000) ON CONFLICT DO NOTHING;
INSERT INTO order_items (id, order_id, menu_item_id, quantity, price_at_time) VALUES (322, 158, 73, 1, 9500) ON CONFLICT DO NOTHING;
INSERT INTO orders (id, user_id, slot_id, vendor_id, status, total_amount, created_at, qr_code, pickup_confirmed_at, pickup_confirmed_by, eta_minutes, actual_completion_minutes, fraud_flag, stationery_job_id, booking_type) VALUES (159, 53, 100, 69, 'picked', 36500, NOW() - INTERVAL '58 days 19 hours', 'qr_order_159', NOW() - INTERVAL '58 days 19 hours' + INTERVAL '12 minutes', 69, 10, 12, false, NULL, 'food') ON CONFLICT DO NOTHING;
INSERT INTO order_items (id, order_id, menu_item_id, quantity, price_at_time) VALUES (323, 159, 105, 1, 9000) ON CONFLICT DO NOTHING;
INSERT INTO order_items (id, order_id, menu_item_id, quantity, price_at_time) VALUES (324, 159, 104, 2, 9000) ON CONFLICT DO NOTHING;
INSERT INTO order_items (id, order_id, menu_item_id, quantity, price_at_time) VALUES (325, 159, 130, 1, 9500) ON CONFLICT DO NOTHING;
INSERT INTO orders (id, user_id, slot_id, vendor_id, status, total_amount, created_at, qr_code, pickup_confirmed_at, pickup_confirmed_by, eta_minutes, actual_completion_minutes, fraud_flag, stationery_job_id, booking_type) VALUES (160, 54, 131, 70, 'picked', 45000, NOW() - INTERVAL '8 days 4 hours', 'qr_order_160', NOW() - INTERVAL '8 days 4 hours' + INTERVAL '12 minutes', 70, 10, 12, false, NULL, 'food') ON CONFLICT DO NOTHING;
INSERT INTO order_items (id, order_id, menu_item_id, quantity, price_at_time) VALUES (326, 160, 153, 1, 14000) ON CONFLICT DO NOTHING;
INSERT INTO order_items (id, order_id, menu_item_id, quantity, price_at_time) VALUES (327, 160, 155, 2, 7500) ON CONFLICT DO NOTHING;
INSERT INTO order_items (id, order_id, menu_item_id, quantity, price_at_time) VALUES (328, 160, 150, 2, 8000) ON CONFLICT DO NOTHING;
INSERT INTO orders (id, user_id, slot_id, vendor_id, status, total_amount, created_at, qr_code, pickup_confirmed_at, pickup_confirmed_by, eta_minutes, actual_completion_minutes, fraud_flag, stationery_job_id, booking_type) VALUES (161, 54, 162, 71, 'confirmed', 23000, NOW() - INTERVAL '85 days 16 hours', 'qr_order_161', NULL, NULL, 10, NULL, false, NULL, 'food') ON CONFLICT DO NOTHING;
INSERT INTO order_items (id, order_id, menu_item_id, quantity, price_at_time) VALUES (329, 161, 194, 2, 11500) ON CONFLICT DO NOTHING;
INSERT INTO orders (id, user_id, slot_id, vendor_id, status, total_amount, created_at, qr_code, pickup_confirmed_at, pickup_confirmed_by, eta_minutes, actual_completion_minutes, fraud_flag, stationery_job_id, booking_type) VALUES (162, 54, 13, 66, 'picked', 47000, NOW() - INTERVAL '72 days 18 hours', 'qr_order_162', NOW() - INTERVAL '72 days 18 hours' + INTERVAL '12 minutes', 66, 10, 12, false, NULL, 'food') ON CONFLICT DO NOTHING;
INSERT INTO order_items (id, order_id, menu_item_id, quantity, price_at_time) VALUES (330, 162, 12, 2, 8000) ON CONFLICT DO NOTHING;
INSERT INTO order_items (id, order_id, menu_item_id, quantity, price_at_time) VALUES (331, 162, 32, 1, 8000) ON CONFLICT DO NOTHING;
INSERT INTO order_items (id, order_id, menu_item_id, quantity, price_at_time) VALUES (332, 162, 23, 2, 11500) ON CONFLICT DO NOTHING;
INSERT INTO orders (id, user_id, slot_id, vendor_id, status, total_amount, created_at, qr_code, pickup_confirmed_at, pickup_confirmed_by, eta_minutes, actual_completion_minutes, fraud_flag, stationery_job_id, booking_type) VALUES (163, 55, 44, 67, 'ready', 19000, NOW() - INTERVAL '41 days 22 hours', 'qr_order_163', NULL, NULL, 10, NULL, false, NULL, 'food') ON CONFLICT DO NOTHING;
INSERT INTO order_items (id, order_id, menu_item_id, quantity, price_at_time) VALUES (333, 163, 61, 1, 11000) ON CONFLICT DO NOTHING;
INSERT INTO order_items (id, order_id, menu_item_id, quantity, price_at_time) VALUES (334, 163, 54, 2, 4000) ON CONFLICT DO NOTHING;
INSERT INTO orders (id, user_id, slot_id, vendor_id, status, total_amount, created_at, qr_code, pickup_confirmed_at, pickup_confirmed_by, eta_minutes, actual_completion_minutes, fraud_flag, stationery_job_id, booking_type) VALUES (164, 55, 75, 68, 'picked', 8000, NOW() - INTERVAL '69 days 15 hours', 'qr_order_164', NOW() - INTERVAL '69 days 15 hours' + INTERVAL '12 minutes', 68, 10, 12, false, NULL, 'food') ON CONFLICT DO NOTHING;
INSERT INTO order_items (id, order_id, menu_item_id, quantity, price_at_time) VALUES (335, 164, 83, 2, 4000) ON CONFLICT DO NOTHING;
INSERT INTO orders (id, user_id, slot_id, vendor_id, status, total_amount, created_at, qr_code, pickup_confirmed_at, pickup_confirmed_by, eta_minutes, actual_completion_minutes, fraud_flag, stationery_job_id, booking_type) VALUES (165, 55, 106, 69, 'confirmed', 14000, NOW() - INTERVAL '19 days 14 hours', 'qr_order_165', NULL, NULL, 10, NULL, false, NULL, 'food') ON CONFLICT DO NOTHING;
INSERT INTO order_items (id, order_id, menu_item_id, quantity, price_at_time) VALUES (336, 165, 128, 2, 7000) ON CONFLICT DO NOTHING;
INSERT INTO orders (id, user_id, slot_id, vendor_id, status, total_amount, created_at, qr_code, pickup_confirmed_at, pickup_confirmed_by, eta_minutes, actual_completion_minutes, fraud_flag, stationery_job_id, booking_type) VALUES (166, 56, 137, 70, 'picked', 12000, NOW() - INTERVAL '18 days 12 hours', 'qr_order_166', NOW() - INTERVAL '18 days 12 hours' + INTERVAL '12 minutes', 70, 10, 12, false, NULL, 'food') ON CONFLICT DO NOTHING;
INSERT INTO order_items (id, order_id, menu_item_id, quantity, price_at_time) VALUES (337, 166, 151, 1, 12000) ON CONFLICT DO NOTHING;
INSERT INTO orders (id, user_id, slot_id, vendor_id, status, total_amount, created_at, qr_code, pickup_confirmed_at, pickup_confirmed_by, eta_minutes, actual_completion_minutes, fraud_flag, stationery_job_id, booking_type) VALUES (167, 56, 168, 71, 'picked', 35000, NOW() - INTERVAL '11 days 14 hours', 'qr_order_167', NOW() - INTERVAL '11 days 14 hours' + INTERVAL '12 minutes', 71, 10, 12, false, NULL, 'food') ON CONFLICT DO NOTHING;
INSERT INTO order_items (id, order_id, menu_item_id, quantity, price_at_time) VALUES (338, 167, 173, 1, 16000) ON CONFLICT DO NOTHING;
INSERT INTO order_items (id, order_id, menu_item_id, quantity, price_at_time) VALUES (339, 167, 171, 2, 9500) ON CONFLICT DO NOTHING;
INSERT INTO orders (id, user_id, slot_id, vendor_id, status, total_amount, created_at, qr_code, pickup_confirmed_at, pickup_confirmed_by, eta_minutes, actual_completion_minutes, fraud_flag, stationery_job_id, booking_type) VALUES (168, 56, 19, 66, 'picked', 11000, NOW() - INTERVAL '78 days 19 hours', 'qr_order_168', NOW() - INTERVAL '78 days 19 hours' + INTERVAL '12 minutes', 66, 10, 12, false, NULL, 'food') ON CONFLICT DO NOTHING;
INSERT INTO order_items (id, order_id, menu_item_id, quantity, price_at_time) VALUES (340, 168, 5, 1, 11000) ON CONFLICT DO NOTHING;
INSERT INTO orders (id, user_id, slot_id, vendor_id, status, total_amount, created_at, qr_code, pickup_confirmed_at, pickup_confirmed_by, eta_minutes, actual_completion_minutes, fraud_flag, stationery_job_id, booking_type) VALUES (169, 57, 50, 67, 'preparing', 78000, NOW() - INTERVAL '76 days 23 hours', 'qr_order_169', NULL, NULL, 10, NULL, false, NULL, 'food') ON CONFLICT DO NOTHING;
INSERT INTO order_items (id, order_id, menu_item_id, quantity, price_at_time) VALUES (341, 169, 48, 2, 18500) ON CONFLICT DO NOTHING;
INSERT INTO order_items (id, order_id, menu_item_id, quantity, price_at_time) VALUES (342, 169, 48, 2, 18500) ON CONFLICT DO NOTHING;
INSERT INTO order_items (id, order_id, menu_item_id, quantity, price_at_time) VALUES (343, 169, 54, 1, 4000) ON CONFLICT DO NOTHING;
INSERT INTO orders (id, user_id, slot_id, vendor_id, status, total_amount, created_at, qr_code, pickup_confirmed_at, pickup_confirmed_by, eta_minutes, actual_completion_minutes, fraud_flag, stationery_job_id, booking_type) VALUES (170, 57, 81, 68, 'picked', 11000, NOW() - INTERVAL '25 days 23 hours', 'qr_order_170', NOW() - INTERVAL '25 days 23 hours' + INTERVAL '12 minutes', 68, 10, 12, false, NULL, 'food') ON CONFLICT DO NOTHING;
INSERT INTO order_items (id, order_id, menu_item_id, quantity, price_at_time) VALUES (344, 170, 99, 1, 11000) ON CONFLICT DO NOTHING;
INSERT INTO orders (id, user_id, slot_id, vendor_id, status, total_amount, created_at, qr_code, pickup_confirmed_at, pickup_confirmed_by, eta_minutes, actual_completion_minutes, fraud_flag, stationery_job_id, booking_type) VALUES (171, 57, 112, 69, 'picked', 17000, NOW() - INTERVAL '27 days 12 hours', 'qr_order_171', NOW() - INTERVAL '27 days 12 hours' + INTERVAL '12 minutes', 69, 10, 12, false, NULL, 'food') ON CONFLICT DO NOTHING;
INSERT INTO order_items (id, order_id, menu_item_id, quantity, price_at_time) VALUES (345, 171, 122, 2, 8500) ON CONFLICT DO NOTHING;
INSERT INTO orders (id, user_id, slot_id, vendor_id, status, total_amount, created_at, qr_code, pickup_confirmed_at, pickup_confirmed_by, eta_minutes, actual_completion_minutes, fraud_flag, stationery_job_id, booking_type) VALUES (172, 58, 143, 70, 'picked', 21000, NOW() - INTERVAL '69 days 20 hours', 'qr_order_172', NOW() - INTERVAL '69 days 20 hours' + INTERVAL '12 minutes', 70, 10, 12, false, NULL, 'food') ON CONFLICT DO NOTHING;
INSERT INTO order_items (id, order_id, menu_item_id, quantity, price_at_time) VALUES (346, 172, 154, 2, 6500) ON CONFLICT DO NOTHING;
INSERT INTO order_items (id, order_id, menu_item_id, quantity, price_at_time) VALUES (347, 172, 158, 2, 4000) ON CONFLICT DO NOTHING;
INSERT INTO orders (id, user_id, slot_id, vendor_id, status, total_amount, created_at, qr_code, pickup_confirmed_at, pickup_confirmed_by, eta_minutes, actual_completion_minutes, fraud_flag, stationery_job_id, booking_type) VALUES (173, 58, 174, 71, 'picked', 22000, NOW() - INTERVAL '61 days 10 hours', 'qr_order_173', NOW() - INTERVAL '61 days 10 hours' + INTERVAL '12 minutes', 71, 10, 12, false, NULL, 'food') ON CONFLICT DO NOTHING;
INSERT INTO order_items (id, order_id, menu_item_id, quantity, price_at_time) VALUES (348, 173, 191, 2, 11000) ON CONFLICT DO NOTHING;
INSERT INTO orders (id, user_id, slot_id, vendor_id, status, total_amount, created_at, qr_code, pickup_confirmed_at, pickup_confirmed_by, eta_minutes, actual_completion_minutes, fraud_flag, stationery_job_id, booking_type) VALUES (174, 58, 25, 66, 'picked', 43000, NOW() - INTERVAL '73 days 7 hours', 'qr_order_174', NOW() - INTERVAL '73 days 7 hours' + INTERVAL '12 minutes', 66, 10, 12, false, NULL, 'food') ON CONFLICT DO NOTHING;
INSERT INTO order_items (id, order_id, menu_item_id, quantity, price_at_time) VALUES (349, 174, 10, 1, 9500) ON CONFLICT DO NOTHING;
INSERT INTO order_items (id, order_id, menu_item_id, quantity, price_at_time) VALUES (350, 174, 17, 2, 10000) ON CONFLICT DO NOTHING;
INSERT INTO order_items (id, order_id, menu_item_id, quantity, price_at_time) VALUES (351, 174, 19, 1, 13500) ON CONFLICT DO NOTHING;
INSERT INTO orders (id, user_id, slot_id, vendor_id, status, total_amount, created_at, qr_code, pickup_confirmed_at, pickup_confirmed_by, eta_minutes, actual_completion_minutes, fraud_flag, stationery_job_id, booking_type) VALUES (175, 59, 56, 67, 'picked', 72000, NOW() - INTERVAL '30 days 12 hours', 'qr_order_175', NOW() - INTERVAL '30 days 12 hours' + INTERVAL '12 minutes', 67, 10, 12, false, NULL, 'food') ON CONFLICT DO NOTHING;
INSERT INTO order_items (id, order_id, menu_item_id, quantity, price_at_time) VALUES (352, 175, 50, 2, 16000) ON CONFLICT DO NOTHING;
INSERT INTO order_items (id, order_id, menu_item_id, quantity, price_at_time) VALUES (353, 175, 56, 2, 6000) ON CONFLICT DO NOTHING;
INSERT INTO order_items (id, order_id, menu_item_id, quantity, price_at_time) VALUES (354, 175, 66, 2, 14000) ON CONFLICT DO NOTHING;
INSERT INTO orders (id, user_id, slot_id, vendor_id, status, total_amount, created_at, qr_code, pickup_confirmed_at, pickup_confirmed_by, eta_minutes, actual_completion_minutes, fraud_flag, stationery_job_id, booking_type) VALUES (176, 59, 87, 68, 'picked', 6000, NOW() - INTERVAL '46 days 5 hours', 'qr_order_176', NOW() - INTERVAL '46 days 5 hours' + INTERVAL '12 minutes', 68, 10, 12, false, NULL, 'food') ON CONFLICT DO NOTHING;
INSERT INTO order_items (id, order_id, menu_item_id, quantity, price_at_time) VALUES (355, 176, 100, 1, 6000) ON CONFLICT DO NOTHING;
INSERT INTO orders (id, user_id, slot_id, vendor_id, status, total_amount, created_at, qr_code, pickup_confirmed_at, pickup_confirmed_by, eta_minutes, actual_completion_minutes, fraud_flag, stationery_job_id, booking_type) VALUES (177, 59, 118, 69, 'placed', 9000, NOW() - INTERVAL '70 days 20 hours', 'qr_order_177', NULL, NULL, 10, NULL, false, NULL, 'food') ON CONFLICT DO NOTHING;
INSERT INTO order_items (id, order_id, menu_item_id, quantity, price_at_time) VALUES (356, 177, 104, 1, 9000) ON CONFLICT DO NOTHING;
INSERT INTO orders (id, user_id, slot_id, vendor_id, status, total_amount, created_at, qr_code, pickup_confirmed_at, pickup_confirmed_by, eta_minutes, actual_completion_minutes, fraud_flag, stationery_job_id, booking_type) VALUES (178, 60, 149, 70, 'placed', 19000, NOW() - INTERVAL '7 days 0 hours', 'qr_order_178', NULL, NULL, 10, NULL, false, NULL, 'food') ON CONFLICT DO NOTHING;
INSERT INTO order_items (id, order_id, menu_item_id, quantity, price_at_time) VALUES (357, 178, 143, 1, 6000) ON CONFLICT DO NOTHING;
INSERT INTO order_items (id, order_id, menu_item_id, quantity, price_at_time) VALUES (358, 178, 139, 1, 13000) ON CONFLICT DO NOTHING;
INSERT INTO orders (id, user_id, slot_id, vendor_id, status, total_amount, created_at, qr_code, pickup_confirmed_at, pickup_confirmed_by, eta_minutes, actual_completion_minutes, fraud_flag, stationery_job_id, booking_type) VALUES (179, 60, 180, 71, 'picked', 29000, NOW() - INTERVAL '65 days 14 hours', 'qr_order_179', NOW() - INTERVAL '65 days 14 hours' + INTERVAL '12 minutes', 71, 10, 12, false, NULL, 'food') ON CONFLICT DO NOTHING;
INSERT INTO order_items (id, order_id, menu_item_id, quantity, price_at_time) VALUES (359, 179, 171, 2, 9500) ON CONFLICT DO NOTHING;
INSERT INTO order_items (id, order_id, menu_item_id, quantity, price_at_time) VALUES (360, 179, 199, 1, 10000) ON CONFLICT DO NOTHING;
INSERT INTO orders (id, user_id, slot_id, vendor_id, status, total_amount, created_at, qr_code, pickup_confirmed_at, pickup_confirmed_by, eta_minutes, actual_completion_minutes, fraud_flag, stationery_job_id, booking_type) VALUES (180, 60, 1, 66, 'picked', 19000, NOW() - INTERVAL '71 days 13 hours', 'qr_order_180', NOW() - INTERVAL '71 days 13 hours' + INTERVAL '12 minutes', 66, 10, 12, false, NULL, 'food') ON CONFLICT DO NOTHING;
INSERT INTO order_items (id, order_id, menu_item_id, quantity, price_at_time) VALUES (361, 180, 2, 2, 9500) ON CONFLICT DO NOTHING;
INSERT INTO orders (id, user_id, slot_id, vendor_id, status, total_amount, created_at, qr_code, pickup_confirmed_at, pickup_confirmed_by, eta_minutes, actual_completion_minutes, fraud_flag, stationery_job_id, booking_type) VALUES (181, 61, 32, 67, 'picked', 33000, NOW() - INTERVAL '37 days 0 hours', 'qr_order_181', NOW() - INTERVAL '37 days 0 hours' + INTERVAL '12 minutes', 67, 10, 12, false, NULL, 'food') ON CONFLICT DO NOTHING;
INSERT INTO order_items (id, order_id, menu_item_id, quantity, price_at_time) VALUES (362, 181, 62, 1, 13000) ON CONFLICT DO NOTHING;
INSERT INTO order_items (id, order_id, menu_item_id, quantity, price_at_time) VALUES (363, 181, 41, 1, 15000) ON CONFLICT DO NOTHING;
INSERT INTO order_items (id, order_id, menu_item_id, quantity, price_at_time) VALUES (364, 181, 68, 1, 5000) ON CONFLICT DO NOTHING;
INSERT INTO orders (id, user_id, slot_id, vendor_id, status, total_amount, created_at, qr_code, pickup_confirmed_at, pickup_confirmed_by, eta_minutes, actual_completion_minutes, fraud_flag, stationery_job_id, booking_type) VALUES (182, 61, 63, 68, 'picked', 28000, NOW() - INTERVAL '80 days 16 hours', 'qr_order_182', NOW() - INTERVAL '80 days 16 hours' + INTERVAL '12 minutes', 68, 10, 12, false, NULL, 'food') ON CONFLICT DO NOTHING;
INSERT INTO order_items (id, order_id, menu_item_id, quantity, price_at_time) VALUES (365, 182, 91, 2, 8000) ON CONFLICT DO NOTHING;
INSERT INTO order_items (id, order_id, menu_item_id, quantity, price_at_time) VALUES (366, 182, 94, 1, 12000) ON CONFLICT DO NOTHING;
INSERT INTO orders (id, user_id, slot_id, vendor_id, status, total_amount, created_at, qr_code, pickup_confirmed_at, pickup_confirmed_by, eta_minutes, actual_completion_minutes, fraud_flag, stationery_job_id, booking_type) VALUES (183, 61, 94, 69, 'picked', 21500, NOW() - INTERVAL '52 days 14 hours', 'qr_order_183', NOW() - INTERVAL '52 days 14 hours' + INTERVAL '12 minutes', 69, 10, 12, false, NULL, 'food') ON CONFLICT DO NOTHING;
INSERT INTO order_items (id, order_id, menu_item_id, quantity, price_at_time) VALUES (367, 183, 117, 1, 4500) ON CONFLICT DO NOTHING;
INSERT INTO order_items (id, order_id, menu_item_id, quantity, price_at_time) VALUES (368, 183, 121, 1, 8000) ON CONFLICT DO NOTHING;
INSERT INTO order_items (id, order_id, menu_item_id, quantity, price_at_time) VALUES (369, 183, 104, 1, 9000) ON CONFLICT DO NOTHING;
INSERT INTO orders (id, user_id, slot_id, vendor_id, status, total_amount, created_at, qr_code, pickup_confirmed_at, pickup_confirmed_by, eta_minutes, actual_completion_minutes, fraud_flag, stationery_job_id, booking_type) VALUES (184, 62, 125, 70, 'picked', 11500, NOW() - INTERVAL '49 days 17 hours', 'qr_order_184', NOW() - INTERVAL '49 days 17 hours' + INTERVAL '12 minutes', 70, 10, 12, false, NULL, 'food') ON CONFLICT DO NOTHING;
INSERT INTO order_items (id, order_id, menu_item_id, quantity, price_at_time) VALUES (370, 184, 138, 1, 10000) ON CONFLICT DO NOTHING;
INSERT INTO order_items (id, order_id, menu_item_id, quantity, price_at_time) VALUES (371, 184, 145, 1, 1500) ON CONFLICT DO NOTHING;
INSERT INTO orders (id, user_id, slot_id, vendor_id, status, total_amount, created_at, qr_code, pickup_confirmed_at, pickup_confirmed_by, eta_minutes, actual_completion_minutes, fraud_flag, stationery_job_id, booking_type) VALUES (185, 62, 156, 71, 'picked', 26000, NOW() - INTERVAL '56 days 20 hours', 'qr_order_185', NOW() - INTERVAL '56 days 20 hours' + INTERVAL '12 minutes', 71, 10, 12, false, NULL, 'food') ON CONFLICT DO NOTHING;
INSERT INTO order_items (id, order_id, menu_item_id, quantity, price_at_time) VALUES (372, 185, 174, 1, 12000) ON CONFLICT DO NOTHING;
INSERT INTO order_items (id, order_id, menu_item_id, quantity, price_at_time) VALUES (373, 185, 182, 1, 14000) ON CONFLICT DO NOTHING;
INSERT INTO orders (id, user_id, slot_id, vendor_id, status, total_amount, created_at, qr_code, pickup_confirmed_at, pickup_confirmed_by, eta_minutes, actual_completion_minutes, fraud_flag, stationery_job_id, booking_type) VALUES (186, 62, 7, 66, 'placed', 27000, NOW() - INTERVAL '73 days 15 hours', 'qr_order_186', NULL, NULL, 10, NULL, false, NULL, 'food') ON CONFLICT DO NOTHING;
INSERT INTO order_items (id, order_id, menu_item_id, quantity, price_at_time) VALUES (374, 186, 3, 1, 15000) ON CONFLICT DO NOTHING;
INSERT INTO order_items (id, order_id, menu_item_id, quantity, price_at_time) VALUES (375, 186, 18, 1, 12000) ON CONFLICT DO NOTHING;
INSERT INTO orders (id, user_id, slot_id, vendor_id, status, total_amount, created_at, qr_code, pickup_confirmed_at, pickup_confirmed_by, eta_minutes, actual_completion_minutes, fraud_flag, stationery_job_id, booking_type) VALUES (187, 63, 38, 67, 'picked', 38000, NOW() - INTERVAL '41 days 0 hours', 'qr_order_187', NOW() - INTERVAL '41 days 0 hours' + INTERVAL '12 minutes', 67, 10, 12, false, NULL, 'food') ON CONFLICT DO NOTHING;
INSERT INTO order_items (id, order_id, menu_item_id, quantity, price_at_time) VALUES (376, 187, 44, 2, 19000) ON CONFLICT DO NOTHING;
INSERT INTO orders (id, user_id, slot_id, vendor_id, status, total_amount, created_at, qr_code, pickup_confirmed_at, pickup_confirmed_by, eta_minutes, actual_completion_minutes, fraud_flag, stationery_job_id, booking_type) VALUES (188, 63, 69, 68, 'placed', 38000, NOW() - INTERVAL '39 days 5 hours', 'qr_order_188', NULL, NULL, 10, NULL, false, NULL, 'food') ON CONFLICT DO NOTHING;
INSERT INTO order_items (id, order_id, menu_item_id, quantity, price_at_time) VALUES (377, 188, 84, 2, 9000) ON CONFLICT DO NOTHING;
INSERT INTO order_items (id, order_id, menu_item_id, quantity, price_at_time) VALUES (378, 188, 90, 2, 8000) ON CONFLICT DO NOTHING;
INSERT INTO order_items (id, order_id, menu_item_id, quantity, price_at_time) VALUES (379, 188, 77, 1, 4000) ON CONFLICT DO NOTHING;
INSERT INTO orders (id, user_id, slot_id, vendor_id, status, total_amount, created_at, qr_code, pickup_confirmed_at, pickup_confirmed_by, eta_minutes, actual_completion_minutes, fraud_flag, stationery_job_id, booking_type) VALUES (189, 63, 100, 69, 'picked', 8000, NOW() - INTERVAL '45 days 1 hours', 'qr_order_189', NOW() - INTERVAL '45 days 1 hours' + INTERVAL '12 minutes', 69, 10, 12, false, NULL, 'food') ON CONFLICT DO NOTHING;
INSERT INTO order_items (id, order_id, menu_item_id, quantity, price_at_time) VALUES (380, 189, 129, 1, 8000) ON CONFLICT DO NOTHING;
INSERT INTO orders (id, user_id, slot_id, vendor_id, status, total_amount, created_at, qr_code, pickup_confirmed_at, pickup_confirmed_by, eta_minutes, actual_completion_minutes, fraud_flag, stationery_job_id, booking_type) VALUES (190, 64, 131, 70, 'preparing', 35000, NOW() - INTERVAL '44 days 19 hours', 'qr_order_190', NULL, NULL, 10, NULL, false, NULL, 'food') ON CONFLICT DO NOTHING;
INSERT INTO order_items (id, order_id, menu_item_id, quantity, price_at_time) VALUES (381, 190, 160, 2, 2500) ON CONFLICT DO NOTHING;
INSERT INTO order_items (id, order_id, menu_item_id, quantity, price_at_time) VALUES (382, 190, 136, 2, 12000) ON CONFLICT DO NOTHING;
INSERT INTO order_items (id, order_id, menu_item_id, quantity, price_at_time) VALUES (383, 190, 163, 2, 3000) ON CONFLICT DO NOTHING;
INSERT INTO orders (id, user_id, slot_id, vendor_id, status, total_amount, created_at, qr_code, pickup_confirmed_at, pickup_confirmed_by, eta_minutes, actual_completion_minutes, fraud_flag, stationery_job_id, booking_type) VALUES (191, 64, 162, 71, 'picked', 54000, NOW() - INTERVAL '71 days 12 hours', 'qr_order_191', NOW() - INTERVAL '71 days 12 hours' + INTERVAL '12 minutes', 71, 10, 12, false, NULL, 'food') ON CONFLICT DO NOTHING;
INSERT INTO order_items (id, order_id, menu_item_id, quantity, price_at_time) VALUES (384, 191, 179, 2, 11000) ON CONFLICT DO NOTHING;
INSERT INTO order_items (id, order_id, menu_item_id, quantity, price_at_time) VALUES (385, 191, 173, 2, 16000) ON CONFLICT DO NOTHING;
INSERT INTO orders (id, user_id, slot_id, vendor_id, status, total_amount, created_at, qr_code, pickup_confirmed_at, pickup_confirmed_by, eta_minutes, actual_completion_minutes, fraud_flag, stationery_job_id, booking_type) VALUES (192, 64, 13, 66, 'ready', 38000, NOW() - INTERVAL '10 days 2 hours', 'qr_order_192', NULL, NULL, 10, NULL, false, NULL, 'food') ON CONFLICT DO NOTHING;
INSERT INTO order_items (id, order_id, menu_item_id, quantity, price_at_time) VALUES (386, 192, 10, 2, 9500) ON CONFLICT DO NOTHING;
INSERT INTO order_items (id, order_id, menu_item_id, quantity, price_at_time) VALUES (387, 192, 10, 2, 9500) ON CONFLICT DO NOTHING;
INSERT INTO orders (id, user_id, slot_id, vendor_id, status, total_amount, created_at, qr_code, pickup_confirmed_at, pickup_confirmed_by, eta_minutes, actual_completion_minutes, fraud_flag, stationery_job_id, booking_type) VALUES (193, 65, 44, 67, 'picked', 8000, NOW() - INTERVAL '14 days 2 hours', 'qr_order_193', NOW() - INTERVAL '14 days 2 hours' + INTERVAL '12 minutes', 67, 10, 12, false, NULL, 'food') ON CONFLICT DO NOTHING;
INSERT INTO order_items (id, order_id, menu_item_id, quantity, price_at_time) VALUES (388, 193, 54, 2, 4000) ON CONFLICT DO NOTHING;
INSERT INTO orders (id, user_id, slot_id, vendor_id, status, total_amount, created_at, qr_code, pickup_confirmed_at, pickup_confirmed_by, eta_minutes, actual_completion_minutes, fraud_flag, stationery_job_id, booking_type) VALUES (194, 65, 75, 68, 'picked', 12000, NOW() - INTERVAL '35 days 3 hours', 'qr_order_194', NOW() - INTERVAL '35 days 3 hours' + INTERVAL '12 minutes', 68, 10, 12, false, NULL, 'food') ON CONFLICT DO NOTHING;
INSERT INTO order_items (id, order_id, menu_item_id, quantity, price_at_time) VALUES (389, 194, 74, 1, 12000) ON CONFLICT DO NOTHING;
INSERT INTO orders (id, user_id, slot_id, vendor_id, status, total_amount, created_at, qr_code, pickup_confirmed_at, pickup_confirmed_by, eta_minutes, actual_completion_minutes, fraud_flag, stationery_job_id, booking_type) VALUES (195, 65, 106, 69, 'picked', 18000, NOW() - INTERVAL '72 days 17 hours', 'qr_order_195', NOW() - INTERVAL '72 days 17 hours' + INTERVAL '12 minutes', 69, 10, 12, false, NULL, 'food') ON CONFLICT DO NOTHING;
INSERT INTO order_items (id, order_id, menu_item_id, quantity, price_at_time) VALUES (390, 195, 128, 1, 7000) ON CONFLICT DO NOTHING;
INSERT INTO order_items (id, order_id, menu_item_id, quantity, price_at_time) VALUES (391, 195, 103, 1, 7000) ON CONFLICT DO NOTHING;
INSERT INTO order_items (id, order_id, menu_item_id, quantity, price_at_time) VALUES (392, 195, 124, 1, 4000) ON CONFLICT DO NOTHING;
INSERT INTO orders (id, user_id, slot_id, vendor_id, status, total_amount, created_at, qr_code, pickup_confirmed_at, pickup_confirmed_by, eta_minutes, actual_completion_minutes, fraud_flag, stationery_job_id, booking_type) VALUES (196, 42, 137, 70, 'confirmed', 11000, NOW() - INTERVAL '2 days 9 hours', 'qr_order_196', NULL, NULL, 10, NULL, false, NULL, 'food') ON CONFLICT DO NOTHING;
INSERT INTO order_items (id, order_id, menu_item_id, quantity, price_at_time) VALUES (393, 196, 159, 1, 3000) ON CONFLICT DO NOTHING;
INSERT INTO order_items (id, order_id, menu_item_id, quantity, price_at_time) VALUES (394, 196, 150, 1, 8000) ON CONFLICT DO NOTHING;
INSERT INTO orders (id, user_id, slot_id, vendor_id, status, total_amount, created_at, qr_code, pickup_confirmed_at, pickup_confirmed_by, eta_minutes, actual_completion_minutes, fraud_flag, stationery_job_id, booking_type) VALUES (197, 49, 168, 71, 'picked', 24000, NOW() - INTERVAL '35 days 9 hours', 'qr_order_197', NOW() - INTERVAL '35 days 9 hours' + INTERVAL '12 minutes', 71, 10, 12, false, NULL, 'food') ON CONFLICT DO NOTHING;
INSERT INTO order_items (id, order_id, menu_item_id, quantity, price_at_time) VALUES (395, 197, 199, 1, 10000) ON CONFLICT DO NOTHING;
INSERT INTO order_items (id, order_id, menu_item_id, quantity, price_at_time) VALUES (396, 197, 172, 1, 14000) ON CONFLICT DO NOTHING;
INSERT INTO orders (id, user_id, slot_id, vendor_id, status, total_amount, created_at, qr_code, pickup_confirmed_at, pickup_confirmed_by, eta_minutes, actual_completion_minutes, fraud_flag, stationery_job_id, booking_type) VALUES (198, 56, 19, 66, 'picked', 19000, NOW() - INTERVAL '39 days 15 hours', 'qr_order_198', NOW() - INTERVAL '39 days 15 hours' + INTERVAL '12 minutes', 66, 10, 12, false, NULL, 'food') ON CONFLICT DO NOTHING;
INSERT INTO order_items (id, order_id, menu_item_id, quantity, price_at_time) VALUES (397, 198, 24, 2, 9500) ON CONFLICT DO NOTHING;
INSERT INTO orders (id, user_id, slot_id, vendor_id, status, total_amount, created_at, qr_code, pickup_confirmed_at, pickup_confirmed_by, eta_minutes, actual_completion_minutes, fraud_flag, stationery_job_id, booking_type) VALUES (199, 32, 50, 67, 'ready', 63000, NOW() - INTERVAL '64 days 19 hours', 'qr_order_199', NULL, NULL, 10, NULL, false, NULL, 'food') ON CONFLICT DO NOTHING;
INSERT INTO order_items (id, order_id, menu_item_id, quantity, price_at_time) VALUES (398, 199, 47, 2, 22000) ON CONFLICT DO NOTHING;
INSERT INTO order_items (id, order_id, menu_item_id, quantity, price_at_time) VALUES (399, 199, 41, 1, 15000) ON CONFLICT DO NOTHING;
INSERT INTO order_items (id, order_id, menu_item_id, quantity, price_at_time) VALUES (400, 199, 54, 1, 4000) ON CONFLICT DO NOTHING;
INSERT INTO orders (id, user_id, slot_id, vendor_id, status, total_amount, created_at, qr_code, pickup_confirmed_at, pickup_confirmed_by, eta_minutes, actual_completion_minutes, fraud_flag, stationery_job_id, booking_type) VALUES (200, 51, 81, 68, 'picked', 28000, NOW() - INTERVAL '80 days 12 hours', 'qr_order_200', NOW() - INTERVAL '80 days 12 hours' + INTERVAL '12 minutes', 68, 10, 12, false, NULL, 'food') ON CONFLICT DO NOTHING;
INSERT INTO order_items (id, order_id, menu_item_id, quantity, price_at_time) VALUES (401, 200, 97, 2, 7000) ON CONFLICT DO NOTHING;
INSERT INTO order_items (id, order_id, menu_item_id, quantity, price_at_time) VALUES (402, 200, 96, 1, 14000) ON CONFLICT DO NOTHING;
INSERT INTO orders (id, user_id, slot_id, vendor_id, status, total_amount, created_at, qr_code, pickup_confirmed_at, pickup_confirmed_by, eta_minutes, actual_completion_minutes, fraud_flag, stationery_job_id, booking_type) VALUES (201, 39, 112, 69, 'picked', 35000, NOW() - INTERVAL '26 days 15 hours', 'qr_order_201', NOW() - INTERVAL '26 days 15 hours' + INTERVAL '12 minutes', 69, 10, 12, false, NULL, 'food') ON CONFLICT DO NOTHING;
INSERT INTO order_items (id, order_id, menu_item_id, quantity, price_at_time) VALUES (403, 201, 113, 2, 9000) ON CONFLICT DO NOTHING;
INSERT INTO order_items (id, order_id, menu_item_id, quantity, price_at_time) VALUES (404, 201, 122, 2, 8500) ON CONFLICT DO NOTHING;
INSERT INTO orders (id, user_id, slot_id, vendor_id, status, total_amount, created_at, qr_code, pickup_confirmed_at, pickup_confirmed_by, eta_minutes, actual_completion_minutes, fraud_flag, stationery_job_id, booking_type) VALUES (202, 63, 143, 70, 'cancelled', 24000, NOW() - INTERVAL '32 days 10 hours', 'qr_order_202', NULL, NULL, 10, NULL, false, NULL, 'food') ON CONFLICT DO NOTHING;
INSERT INTO order_items (id, order_id, menu_item_id, quantity, price_at_time) VALUES (405, 202, 152, 2, 10000) ON CONFLICT DO NOTHING;
INSERT INTO order_items (id, order_id, menu_item_id, quantity, price_at_time) VALUES (406, 202, 158, 1, 4000) ON CONFLICT DO NOTHING;
INSERT INTO orders (id, user_id, slot_id, vendor_id, status, total_amount, created_at, qr_code, pickup_confirmed_at, pickup_confirmed_by, eta_minutes, actual_completion_minutes, fraud_flag, stationery_job_id, booking_type) VALUES (203, 26, 174, 71, 'picked', 59000, NOW() - INTERVAL '70 days 5 hours', 'qr_order_203', NOW() - INTERVAL '70 days 5 hours' + INTERVAL '12 minutes', 71, 10, 12, false, NULL, 'food') ON CONFLICT DO NOTHING;
INSERT INTO order_items (id, order_id, menu_item_id, quantity, price_at_time) VALUES (407, 203, 169, 2, 11000) ON CONFLICT DO NOTHING;
INSERT INTO order_items (id, order_id, menu_item_id, quantity, price_at_time) VALUES (408, 203, 181, 2, 12000) ON CONFLICT DO NOTHING;
INSERT INTO order_items (id, order_id, menu_item_id, quantity, price_at_time) VALUES (409, 203, 186, 1, 13000) ON CONFLICT DO NOTHING;
INSERT INTO orders (id, user_id, slot_id, vendor_id, status, total_amount, created_at, qr_code, pickup_confirmed_at, pickup_confirmed_by, eta_minutes, actual_completion_minutes, fraud_flag, stationery_job_id, booking_type) VALUES (204, 53, 25, 66, 'picked', 55000, NOW() - INTERVAL '18 days 20 hours', 'qr_order_204', NOW() - INTERVAL '18 days 20 hours' + INTERVAL '12 minutes', 66, 10, 12, false, NULL, 'food') ON CONFLICT DO NOTHING;
INSERT INTO order_items (id, order_id, menu_item_id, quantity, price_at_time) VALUES (410, 204, 16, 2, 18000) ON CONFLICT DO NOTHING;
INSERT INTO order_items (id, order_id, menu_item_id, quantity, price_at_time) VALUES (411, 204, 10, 2, 9500) ON CONFLICT DO NOTHING;
INSERT INTO orders (id, user_id, slot_id, vendor_id, status, total_amount, created_at, qr_code, pickup_confirmed_at, pickup_confirmed_by, eta_minutes, actual_completion_minutes, fraud_flag, stationery_job_id, booking_type) VALUES (205, 49, 56, 67, 'picked', 84000, NOW() - INTERVAL '77 days 15 hours', 'qr_order_205', NOW() - INTERVAL '77 days 15 hours' + INTERVAL '12 minutes', 67, 10, 12, false, NULL, 'food') ON CONFLICT DO NOTHING;
INSERT INTO order_items (id, order_id, menu_item_id, quantity, price_at_time) VALUES (412, 205, 60, 2, 8000) ON CONFLICT DO NOTHING;
INSERT INTO order_items (id, order_id, menu_item_id, quantity, price_at_time) VALUES (413, 205, 37, 2, 26000) ON CONFLICT DO NOTHING;
INSERT INTO order_items (id, order_id, menu_item_id, quantity, price_at_time) VALUES (414, 205, 40, 1, 16000) ON CONFLICT DO NOTHING;
INSERT INTO orders (id, user_id, slot_id, vendor_id, status, total_amount, created_at, qr_code, pickup_confirmed_at, pickup_confirmed_by, eta_minutes, actual_completion_minutes, fraud_flag, stationery_job_id, booking_type) VALUES (206, 32, 87, 68, 'picked', 38000, NOW() - INTERVAL '46 days 5 hours', 'qr_order_206', NOW() - INTERVAL '46 days 5 hours' + INTERVAL '12 minutes', 68, 10, 12, false, NULL, 'food') ON CONFLICT DO NOTHING;
INSERT INTO order_items (id, order_id, menu_item_id, quantity, price_at_time) VALUES (415, 206, 71, 2, 9000) ON CONFLICT DO NOTHING;
INSERT INTO order_items (id, order_id, menu_item_id, quantity, price_at_time) VALUES (416, 206, 90, 2, 8000) ON CONFLICT DO NOTHING;
INSERT INTO order_items (id, order_id, menu_item_id, quantity, price_at_time) VALUES (417, 206, 75, 1, 4000) ON CONFLICT DO NOTHING;
INSERT INTO orders (id, user_id, slot_id, vendor_id, status, total_amount, created_at, qr_code, pickup_confirmed_at, pickup_confirmed_by, eta_minutes, actual_completion_minutes, fraud_flag, stationery_job_id, booking_type) VALUES (207, 13, 118, 69, 'picked', 36000, NOW() - INTERVAL '66 days 23 hours', 'qr_order_207', NOW() - INTERVAL '66 days 23 hours' + INTERVAL '12 minutes', 69, 10, 12, false, NULL, 'food') ON CONFLICT DO NOTHING;
INSERT INTO order_items (id, order_id, menu_item_id, quantity, price_at_time) VALUES (418, 207, 116, 2, 8500) ON CONFLICT DO NOTHING;
INSERT INTO order_items (id, order_id, menu_item_id, quantity, price_at_time) VALUES (419, 207, 125, 2, 5500) ON CONFLICT DO NOTHING;
INSERT INTO order_items (id, order_id, menu_item_id, quantity, price_at_time) VALUES (420, 207, 131, 1, 8000) ON CONFLICT DO NOTHING;
INSERT INTO orders (id, user_id, slot_id, vendor_id, status, total_amount, created_at, qr_code, pickup_confirmed_at, pickup_confirmed_by, eta_minutes, actual_completion_minutes, fraud_flag, stationery_job_id, booking_type) VALUES (208, 45, 149, 70, 'cancelled', 10500, NOW() - INTERVAL '62 days 3 hours', 'qr_order_208', NULL, NULL, 10, NULL, false, NULL, 'food') ON CONFLICT DO NOTHING;
INSERT INTO order_items (id, order_id, menu_item_id, quantity, price_at_time) VALUES (421, 208, 161, 1, 4500) ON CONFLICT DO NOTHING;
INSERT INTO order_items (id, order_id, menu_item_id, quantity, price_at_time) VALUES (422, 208, 142, 1, 6000) ON CONFLICT DO NOTHING;
INSERT INTO orders (id, user_id, slot_id, vendor_id, status, total_amount, created_at, qr_code, pickup_confirmed_at, pickup_confirmed_by, eta_minutes, actual_completion_minutes, fraud_flag, stationery_job_id, booking_type) VALUES (209, 45, 180, 71, 'picked', 38000, NOW() - INTERVAL '59 days 6 hours', 'qr_order_209', NOW() - INTERVAL '59 days 6 hours' + INTERVAL '12 minutes', 71, 10, 12, false, NULL, 'food') ON CONFLICT DO NOTHING;
INSERT INTO order_items (id, order_id, menu_item_id, quantity, price_at_time) VALUES (423, 209, 198, 2, 8000) ON CONFLICT DO NOTHING;
INSERT INTO order_items (id, order_id, menu_item_id, quantity, price_at_time) VALUES (424, 209, 198, 1, 8000) ON CONFLICT DO NOTHING;
INSERT INTO order_items (id, order_id, menu_item_id, quantity, price_at_time) VALUES (425, 209, 196, 2, 7000) ON CONFLICT DO NOTHING;
INSERT INTO orders (id, user_id, slot_id, vendor_id, status, total_amount, created_at, qr_code, pickup_confirmed_at, pickup_confirmed_by, eta_minutes, actual_completion_minutes, fraud_flag, stationery_job_id, booking_type) VALUES (210, 41, 1, 66, 'picked', 19000, NOW() - INTERVAL '6 days 22 hours', 'qr_order_210', NOW() - INTERVAL '6 days 22 hours' + INTERVAL '12 minutes', 66, 10, 12, false, NULL, 'food') ON CONFLICT DO NOTHING;
INSERT INTO order_items (id, order_id, menu_item_id, quantity, price_at_time) VALUES (426, 210, 2, 2, 9500) ON CONFLICT DO NOTHING;
INSERT INTO orders (id, user_id, slot_id, vendor_id, status, total_amount, created_at, qr_code, pickup_confirmed_at, pickup_confirmed_by, eta_minutes, actual_completion_minutes, fraud_flag, stationery_job_id, booking_type) VALUES (211, 14, 32, 67, 'picked', 5000, NOW() - INTERVAL '22 days 23 hours', 'qr_order_211', NOW() - INTERVAL '22 days 23 hours' + INTERVAL '12 minutes', 67, 10, 12, false, NULL, 'food') ON CONFLICT DO NOTHING;
INSERT INTO order_items (id, order_id, menu_item_id, quantity, price_at_time) VALUES (427, 211, 68, 1, 5000) ON CONFLICT DO NOTHING;
INSERT INTO orders (id, user_id, slot_id, vendor_id, status, total_amount, created_at, qr_code, pickup_confirmed_at, pickup_confirmed_by, eta_minutes, actual_completion_minutes, fraud_flag, stationery_job_id, booking_type) VALUES (212, 21, 63, 68, 'picked', 12000, NOW() - INTERVAL '55 days 14 hours', 'qr_order_212', NOW() - INTERVAL '55 days 14 hours' + INTERVAL '12 minutes', 68, 10, 12, false, NULL, 'food') ON CONFLICT DO NOTHING;
INSERT INTO order_items (id, order_id, menu_item_id, quantity, price_at_time) VALUES (428, 212, 94, 1, 12000) ON CONFLICT DO NOTHING;
INSERT INTO orders (id, user_id, slot_id, vendor_id, status, total_amount, created_at, qr_code, pickup_confirmed_at, pickup_confirmed_by, eta_minutes, actual_completion_minutes, fraud_flag, stationery_job_id, booking_type) VALUES (213, 24, 94, 69, 'picked', 23000, NOW() - INTERVAL '56 days 12 hours', 'qr_order_213', NOW() - INTERVAL '56 days 12 hours' + INTERVAL '12 minutes', 69, 10, 12, false, NULL, 'food') ON CONFLICT DO NOTHING;
INSERT INTO order_items (id, order_id, menu_item_id, quantity, price_at_time) VALUES (429, 213, 114, 2, 11500) ON CONFLICT DO NOTHING;
INSERT INTO orders (id, user_id, slot_id, vendor_id, status, total_amount, created_at, qr_code, pickup_confirmed_at, pickup_confirmed_by, eta_minutes, actual_completion_minutes, fraud_flag, stationery_job_id, booking_type) VALUES (214, 55, 125, 70, 'picked', 17000, NOW() - INTERVAL '28 days 6 hours', 'qr_order_214', NOW() - INTERVAL '28 days 6 hours' + INTERVAL '12 minutes', 70, 10, 12, false, NULL, 'food') ON CONFLICT DO NOTHING;
INSERT INTO order_items (id, order_id, menu_item_id, quantity, price_at_time) VALUES (430, 214, 139, 1, 13000) ON CONFLICT DO NOTHING;
INSERT INTO order_items (id, order_id, menu_item_id, quantity, price_at_time) VALUES (431, 214, 146, 2, 2000) ON CONFLICT DO NOTHING;
INSERT INTO orders (id, user_id, slot_id, vendor_id, status, total_amount, created_at, qr_code, pickup_confirmed_at, pickup_confirmed_by, eta_minutes, actual_completion_minutes, fraud_flag, stationery_job_id, booking_type) VALUES (215, 42, 156, 71, 'picked', 47000, NOW() - INTERVAL '15 days 8 hours', 'qr_order_215', NOW() - INTERVAL '15 days 8 hours' + INTERVAL '12 minutes', 71, 10, 12, false, NULL, 'food') ON CONFLICT DO NOTHING;
INSERT INTO order_items (id, order_id, menu_item_id, quantity, price_at_time) VALUES (432, 215, 199, 2, 10000) ON CONFLICT DO NOTHING;
INSERT INTO order_items (id, order_id, menu_item_id, quantity, price_at_time) VALUES (433, 215, 192, 2, 8000) ON CONFLICT DO NOTHING;
INSERT INTO order_items (id, order_id, menu_item_id, quantity, price_at_time) VALUES (434, 215, 175, 2, 5500) ON CONFLICT DO NOTHING;
INSERT INTO orders (id, user_id, slot_id, vendor_id, status, total_amount, created_at, qr_code, pickup_confirmed_at, pickup_confirmed_by, eta_minutes, actual_completion_minutes, fraud_flag, stationery_job_id, booking_type) VALUES (216, 46, 7, 66, 'preparing', 28500, NOW() - INTERVAL '80 days 5 hours', 'qr_order_216', NULL, NULL, 10, NULL, false, NULL, 'food') ON CONFLICT DO NOTHING;
INSERT INTO order_items (id, order_id, menu_item_id, quantity, price_at_time) VALUES (435, 216, 20, 1, 8500) ON CONFLICT DO NOTHING;
INSERT INTO order_items (id, order_id, menu_item_id, quantity, price_at_time) VALUES (436, 216, 9, 2, 8000) ON CONFLICT DO NOTHING;
INSERT INTO order_items (id, order_id, menu_item_id, quantity, price_at_time) VALUES (437, 216, 8, 1, 4000) ON CONFLICT DO NOTHING;
INSERT INTO orders (id, user_id, slot_id, vendor_id, status, total_amount, created_at, qr_code, pickup_confirmed_at, pickup_confirmed_by, eta_minutes, actual_completion_minutes, fraud_flag, stationery_job_id, booking_type) VALUES (217, 40, 38, 67, 'picked', 10000, NOW() - INTERVAL '48 days 22 hours', 'qr_order_217', NOW() - INTERVAL '48 days 22 hours' + INTERVAL '12 minutes', 67, 10, 12, false, NULL, 'food') ON CONFLICT DO NOTHING;
INSERT INTO order_items (id, order_id, menu_item_id, quantity, price_at_time) VALUES (438, 217, 67, 2, 5000) ON CONFLICT DO NOTHING;
INSERT INTO orders (id, user_id, slot_id, vendor_id, status, total_amount, created_at, qr_code, pickup_confirmed_at, pickup_confirmed_by, eta_minutes, actual_completion_minutes, fraud_flag, stationery_job_id, booking_type) VALUES (218, 54, 69, 68, 'picked', 21000, NOW() - INTERVAL '74 days 12 hours', 'qr_order_218', NOW() - INTERVAL '74 days 12 hours' + INTERVAL '12 minutes', 68, 10, 12, false, NULL, 'food') ON CONFLICT DO NOTHING;
INSERT INTO order_items (id, order_id, menu_item_id, quantity, price_at_time) VALUES (439, 218, 80, 2, 7000) ON CONFLICT DO NOTHING;
INSERT INTO order_items (id, order_id, menu_item_id, quantity, price_at_time) VALUES (440, 218, 80, 1, 7000) ON CONFLICT DO NOTHING;
INSERT INTO orders (id, user_id, slot_id, vendor_id, status, total_amount, created_at, qr_code, pickup_confirmed_at, pickup_confirmed_by, eta_minutes, actual_completion_minutes, fraud_flag, stationery_job_id, booking_type) VALUES (219, 63, 100, 69, 'picked', 28000, NOW() - INTERVAL '24 days 10 hours', 'qr_order_219', NOW() - INTERVAL '24 days 10 hours' + INTERVAL '12 minutes', 69, 10, 12, false, NULL, 'food') ON CONFLICT DO NOTHING;
INSERT INTO order_items (id, order_id, menu_item_id, quantity, price_at_time) VALUES (441, 219, 105, 2, 9000) ON CONFLICT DO NOTHING;
INSERT INTO order_items (id, order_id, menu_item_id, quantity, price_at_time) VALUES (442, 219, 102, 2, 5000) ON CONFLICT DO NOTHING;
INSERT INTO orders (id, user_id, slot_id, vendor_id, status, total_amount, created_at, qr_code, pickup_confirmed_at, pickup_confirmed_by, eta_minutes, actual_completion_minutes, fraud_flag, stationery_job_id, booking_type) VALUES (220, 18, 131, 70, 'picked', 26000, NOW() - INTERVAL '50 days 17 hours', 'qr_order_220', NOW() - INTERVAL '50 days 17 hours' + INTERVAL '12 minutes', 70, 10, 12, false, NULL, 'food') ON CONFLICT DO NOTHING;
INSERT INTO order_items (id, order_id, menu_item_id, quantity, price_at_time) VALUES (443, 220, 166, 2, 5000) ON CONFLICT DO NOTHING;
INSERT INTO order_items (id, order_id, menu_item_id, quantity, price_at_time) VALUES (444, 220, 166, 2, 5000) ON CONFLICT DO NOTHING;
INSERT INTO order_items (id, order_id, menu_item_id, quantity, price_at_time) VALUES (445, 220, 163, 2, 3000) ON CONFLICT DO NOTHING;
INSERT INTO orders (id, user_id, slot_id, vendor_id, status, total_amount, created_at, qr_code, pickup_confirmed_at, pickup_confirmed_by, eta_minutes, actual_completion_minutes, fraud_flag, stationery_job_id, booking_type) VALUES (221, 22, 162, 71, 'picked', 39000, NOW() - INTERVAL '4 days 7 hours', 'qr_order_221', NOW() - INTERVAL '4 days 7 hours' + INTERVAL '12 minutes', 71, 10, 12, false, NULL, 'food') ON CONFLICT DO NOTHING;
INSERT INTO order_items (id, order_id, menu_item_id, quantity, price_at_time) VALUES (446, 221, 170, 2, 5500) ON CONFLICT DO NOTHING;
INSERT INTO order_items (id, order_id, menu_item_id, quantity, price_at_time) VALUES (447, 221, 182, 2, 14000) ON CONFLICT DO NOTHING;
INSERT INTO orders (id, user_id, slot_id, vendor_id, status, total_amount, created_at, qr_code, pickup_confirmed_at, pickup_confirmed_by, eta_minutes, actual_completion_minutes, fraud_flag, stationery_job_id, booking_type) VALUES (222, 22, 13, 66, 'ready', 18000, NOW() - INTERVAL '73 days 23 hours', 'qr_order_222', NULL, NULL, 10, NULL, false, NULL, 'food') ON CONFLICT DO NOTHING;
INSERT INTO order_items (id, order_id, menu_item_id, quantity, price_at_time) VALUES (448, 222, 33, 1, 10000) ON CONFLICT DO NOTHING;
INSERT INTO order_items (id, order_id, menu_item_id, quantity, price_at_time) VALUES (449, 222, 8, 2, 4000) ON CONFLICT DO NOTHING;
INSERT INTO orders (id, user_id, slot_id, vendor_id, status, total_amount, created_at, qr_code, pickup_confirmed_at, pickup_confirmed_by, eta_minutes, actual_completion_minutes, fraud_flag, stationery_job_id, booking_type) VALUES (223, 47, 44, 67, 'picked', 52000, NOW() - INTERVAL '6 days 23 hours', 'qr_order_223', NOW() - INTERVAL '6 days 23 hours' + INTERVAL '12 minutes', 67, 10, 12, false, NULL, 'food') ON CONFLICT DO NOTHING;
INSERT INTO order_items (id, order_id, menu_item_id, quantity, price_at_time) VALUES (450, 223, 48, 2, 18500) ON CONFLICT DO NOTHING;
INSERT INTO order_items (id, order_id, menu_item_id, quantity, price_at_time) VALUES (451, 223, 41, 1, 15000) ON CONFLICT DO NOTHING;
INSERT INTO orders (id, user_id, slot_id, vendor_id, status, total_amount, created_at, qr_code, pickup_confirmed_at, pickup_confirmed_by, eta_minutes, actual_completion_minutes, fraud_flag, stationery_job_id, booking_type) VALUES (224, 39, 75, 68, 'confirmed', 15000, NOW() - INTERVAL '5 days 14 hours', 'qr_order_224', NULL, NULL, 10, NULL, false, NULL, 'food') ON CONFLICT DO NOTHING;
INSERT INTO order_items (id, order_id, menu_item_id, quantity, price_at_time) VALUES (452, 224, 91, 1, 8000) ON CONFLICT DO NOTHING;
INSERT INTO order_items (id, order_id, menu_item_id, quantity, price_at_time) VALUES (453, 224, 97, 1, 7000) ON CONFLICT DO NOTHING;
INSERT INTO orders (id, user_id, slot_id, vendor_id, status, total_amount, created_at, qr_code, pickup_confirmed_at, pickup_confirmed_by, eta_minutes, actual_completion_minutes, fraud_flag, stationery_job_id, booking_type) VALUES (225, 31, 106, 69, 'picked', 21000, NOW() - INTERVAL '76 days 22 hours', 'qr_order_225', NOW() - INTERVAL '76 days 22 hours' + INTERVAL '12 minutes', 69, 10, 12, false, NULL, 'food') ON CONFLICT DO NOTHING;
INSERT INTO order_items (id, order_id, menu_item_id, quantity, price_at_time) VALUES (454, 225, 129, 1, 8000) ON CONFLICT DO NOTHING;
INSERT INTO order_items (id, order_id, menu_item_id, quantity, price_at_time) VALUES (455, 225, 110, 1, 13000) ON CONFLICT DO NOTHING;
INSERT INTO orders (id, user_id, slot_id, vendor_id, status, total_amount, created_at, qr_code, pickup_confirmed_at, pickup_confirmed_by, eta_minutes, actual_completion_minutes, fraud_flag, stationery_job_id, booking_type) VALUES (226, 27, 137, 70, 'preparing', 53000, NOW() - INTERVAL '73 days 11 hours', 'qr_order_226', NULL, NULL, 10, NULL, false, NULL, 'food') ON CONFLICT DO NOTHING;
INSERT INTO order_items (id, order_id, menu_item_id, quantity, price_at_time) VALUES (456, 226, 152, 1, 10000) ON CONFLICT DO NOTHING;
INSERT INTO order_items (id, order_id, menu_item_id, quantity, price_at_time) VALUES (457, 226, 155, 2, 7500) ON CONFLICT DO NOTHING;
INSERT INTO order_items (id, order_id, menu_item_id, quantity, price_at_time) VALUES (458, 226, 153, 2, 14000) ON CONFLICT DO NOTHING;
INSERT INTO orders (id, user_id, slot_id, vendor_id, status, total_amount, created_at, qr_code, pickup_confirmed_at, pickup_confirmed_by, eta_minutes, actual_completion_minutes, fraud_flag, stationery_job_id, booking_type) VALUES (227, 13, 168, 71, 'picked', 16000, NOW() - INTERVAL '53 days 1 hours', 'qr_order_227', NOW() - INTERVAL '53 days 1 hours' + INTERVAL '12 minutes', 71, 10, 12, false, NULL, 'food') ON CONFLICT DO NOTHING;
INSERT INTO order_items (id, order_id, menu_item_id, quantity, price_at_time) VALUES (459, 227, 176, 1, 6500) ON CONFLICT DO NOTHING;
INSERT INTO order_items (id, order_id, menu_item_id, quantity, price_at_time) VALUES (460, 227, 183, 1, 9500) ON CONFLICT DO NOTHING;
INSERT INTO orders (id, user_id, slot_id, vendor_id, status, total_amount, created_at, qr_code, pickup_confirmed_at, pickup_confirmed_by, eta_minutes, actual_completion_minutes, fraud_flag, stationery_job_id, booking_type) VALUES (228, 42, 19, 66, 'preparing', 24000, NOW() - INTERVAL '51 days 15 hours', 'qr_order_228', NULL, NULL, 10, NULL, false, NULL, 'food') ON CONFLICT DO NOTHING;
INSERT INTO order_items (id, order_id, menu_item_id, quantity, price_at_time) VALUES (461, 228, 18, 2, 12000) ON CONFLICT DO NOTHING;
INSERT INTO orders (id, user_id, slot_id, vendor_id, status, total_amount, created_at, qr_code, pickup_confirmed_at, pickup_confirmed_by, eta_minutes, actual_completion_minutes, fraud_flag, stationery_job_id, booking_type) VALUES (229, 49, 50, 67, 'picked', 16000, NOW() - INTERVAL '82 days 2 hours', 'qr_order_229', NOW() - INTERVAL '82 days 2 hours' + INTERVAL '12 minutes', 67, 10, 12, false, NULL, 'food') ON CONFLICT DO NOTHING;
INSERT INTO order_items (id, order_id, menu_item_id, quantity, price_at_time) VALUES (462, 229, 67, 2, 5000) ON CONFLICT DO NOTHING;
INSERT INTO order_items (id, order_id, menu_item_id, quantity, price_at_time) VALUES (463, 229, 58, 2, 3000) ON CONFLICT DO NOTHING;
INSERT INTO orders (id, user_id, slot_id, vendor_id, status, total_amount, created_at, qr_code, pickup_confirmed_at, pickup_confirmed_by, eta_minutes, actual_completion_minutes, fraud_flag, stationery_job_id, booking_type) VALUES (230, 63, 81, 68, 'picked', 16000, NOW() - INTERVAL '1 days 23 hours', 'qr_order_230', NOW() - INTERVAL '1 days 23 hours' + INTERVAL '12 minutes', 68, 10, 12, false, NULL, 'food') ON CONFLICT DO NOTHING;
INSERT INTO order_items (id, order_id, menu_item_id, quantity, price_at_time) VALUES (464, 230, 98, 2, 8000) ON CONFLICT DO NOTHING;
INSERT INTO orders (id, user_id, slot_id, vendor_id, status, total_amount, created_at, qr_code, pickup_confirmed_at, pickup_confirmed_by, eta_minutes, actual_completion_minutes, fraud_flag, stationery_job_id, booking_type) VALUES (231, 9, 112, 69, 'ready', 31000, NOW() - INTERVAL '51 days 6 hours', 'qr_order_231', NULL, NULL, 10, NULL, false, NULL, 'food') ON CONFLICT DO NOTHING;
INSERT INTO order_items (id, order_id, menu_item_id, quantity, price_at_time) VALUES (465, 231, 115, 2, 10000) ON CONFLICT DO NOTHING;
INSERT INTO order_items (id, order_id, menu_item_id, quantity, price_at_time) VALUES (466, 231, 119, 2, 5500) ON CONFLICT DO NOTHING;
INSERT INTO orders (id, user_id, slot_id, vendor_id, status, total_amount, created_at, qr_code, pickup_confirmed_at, pickup_confirmed_by, eta_minutes, actual_completion_minutes, fraud_flag, stationery_job_id, booking_type) VALUES (232, 37, 143, 70, 'picked', 30000, NOW() - INTERVAL '74 days 4 hours', 'qr_order_232', NOW() - INTERVAL '74 days 4 hours' + INTERVAL '12 minutes', 70, 10, 12, false, NULL, 'food') ON CONFLICT DO NOTHING;
INSERT INTO order_items (id, order_id, menu_item_id, quantity, price_at_time) VALUES (467, 232, 166, 2, 5000) ON CONFLICT DO NOTHING;
INSERT INTO order_items (id, order_id, menu_item_id, quantity, price_at_time) VALUES (468, 232, 138, 1, 10000) ON CONFLICT DO NOTHING;
INSERT INTO order_items (id, order_id, menu_item_id, quantity, price_at_time) VALUES (469, 232, 141, 2, 5000) ON CONFLICT DO NOTHING;
INSERT INTO orders (id, user_id, slot_id, vendor_id, status, total_amount, created_at, qr_code, pickup_confirmed_at, pickup_confirmed_by, eta_minutes, actual_completion_minutes, fraud_flag, stationery_job_id, booking_type) VALUES (233, 3, 174, 71, 'picked', 27000, NOW() - INTERVAL '21 days 14 hours', 'qr_order_233', NOW() - INTERVAL '21 days 14 hours' + INTERVAL '12 minutes', 71, 10, 12, false, NULL, 'food') ON CONFLICT DO NOTHING;
INSERT INTO order_items (id, order_id, menu_item_id, quantity, price_at_time) VALUES (470, 233, 168, 2, 7000) ON CONFLICT DO NOTHING;
INSERT INTO order_items (id, order_id, menu_item_id, quantity, price_at_time) VALUES (471, 233, 180, 1, 13000) ON CONFLICT DO NOTHING;
INSERT INTO orders (id, user_id, slot_id, vendor_id, status, total_amount, created_at, qr_code, pickup_confirmed_at, pickup_confirmed_by, eta_minutes, actual_completion_minutes, fraud_flag, stationery_job_id, booking_type) VALUES (234, 39, 25, 66, 'picked', 43000, NOW() - INTERVAL '36 days 2 hours', 'qr_order_234', NOW() - INTERVAL '36 days 2 hours' + INTERVAL '12 minutes', 66, 10, 12, false, NULL, 'food') ON CONFLICT DO NOTHING;
INSERT INTO order_items (id, order_id, menu_item_id, quantity, price_at_time) VALUES (472, 234, 24, 2, 9500) ON CONFLICT DO NOTHING;
INSERT INTO order_items (id, order_id, menu_item_id, quantity, price_at_time) VALUES (473, 234, 6, 2, 9000) ON CONFLICT DO NOTHING;
INSERT INTO order_items (id, order_id, menu_item_id, quantity, price_at_time) VALUES (474, 234, 11, 1, 6000) ON CONFLICT DO NOTHING;
INSERT INTO orders (id, user_id, slot_id, vendor_id, status, total_amount, created_at, qr_code, pickup_confirmed_at, pickup_confirmed_by, eta_minutes, actual_completion_minutes, fraud_flag, stationery_job_id, booking_type) VALUES (235, 51, 56, 67, 'picked', 48000, NOW() - INTERVAL '30 days 13 hours', 'qr_order_235', NOW() - INTERVAL '30 days 13 hours' + INTERVAL '12 minutes', 67, 10, 12, false, NULL, 'food') ON CONFLICT DO NOTHING;
INSERT INTO order_items (id, order_id, menu_item_id, quantity, price_at_time) VALUES (475, 235, 40, 1, 16000) ON CONFLICT DO NOTHING;
INSERT INTO order_items (id, order_id, menu_item_id, quantity, price_at_time) VALUES (476, 235, 35, 1, 18000) ON CONFLICT DO NOTHING;
INSERT INTO order_items (id, order_id, menu_item_id, quantity, price_at_time) VALUES (477, 235, 65, 1, 14000) ON CONFLICT DO NOTHING;
INSERT INTO orders (id, user_id, slot_id, vendor_id, status, total_amount, created_at, qr_code, pickup_confirmed_at, pickup_confirmed_by, eta_minutes, actual_completion_minutes, fraud_flag, stationery_job_id, booking_type) VALUES (236, 17, 87, 68, 'picked', 11000, NOW() - INTERVAL '67 days 21 hours', 'qr_order_236', NOW() - INTERVAL '67 days 21 hours' + INTERVAL '12 minutes', 68, 10, 12, false, NULL, 'food') ON CONFLICT DO NOTHING;
INSERT INTO order_items (id, order_id, menu_item_id, quantity, price_at_time) VALUES (478, 236, 69, 1, 3000) ON CONFLICT DO NOTHING;
INSERT INTO order_items (id, order_id, menu_item_id, quantity, price_at_time) VALUES (479, 236, 90, 1, 8000) ON CONFLICT DO NOTHING;
INSERT INTO orders (id, user_id, slot_id, vendor_id, status, total_amount, created_at, qr_code, pickup_confirmed_at, pickup_confirmed_by, eta_minutes, actual_completion_minutes, fraud_flag, stationery_job_id, booking_type) VALUES (237, 55, 118, 69, 'picked', 7000, NOW() - INTERVAL '62 days 2 hours', 'qr_order_237', NOW() - INTERVAL '62 days 2 hours' + INTERVAL '12 minutes', 69, 10, 12, false, NULL, 'food') ON CONFLICT DO NOTHING;
INSERT INTO order_items (id, order_id, menu_item_id, quantity, price_at_time) VALUES (480, 237, 126, 1, 7000) ON CONFLICT DO NOTHING;
INSERT INTO orders (id, user_id, slot_id, vendor_id, status, total_amount, created_at, qr_code, pickup_confirmed_at, pickup_confirmed_by, eta_minutes, actual_completion_minutes, fraud_flag, stationery_job_id, booking_type) VALUES (238, 14, 149, 70, 'picked', 3000, NOW() - INTERVAL '48 days 9 hours', 'qr_order_238', NOW() - INTERVAL '48 days 9 hours' + INTERVAL '12 minutes', 70, 10, 12, false, NULL, 'food') ON CONFLICT DO NOTHING;
INSERT INTO order_items (id, order_id, menu_item_id, quantity, price_at_time) VALUES (481, 238, 159, 1, 3000) ON CONFLICT DO NOTHING;
INSERT INTO orders (id, user_id, slot_id, vendor_id, status, total_amount, created_at, qr_code, pickup_confirmed_at, pickup_confirmed_by, eta_minutes, actual_completion_minutes, fraud_flag, stationery_job_id, booking_type) VALUES (239, 19, 180, 71, 'picked', 51500, NOW() - INTERVAL '73 days 0 hours', 'qr_order_239', NOW() - INTERVAL '73 days 0 hours' + INTERVAL '12 minutes', 71, 10, 12, false, NULL, 'food') ON CONFLICT DO NOTHING;
INSERT INTO order_items (id, order_id, menu_item_id, quantity, price_at_time) VALUES (482, 239, 178, 2, 12000) ON CONFLICT DO NOTHING;
INSERT INTO order_items (id, order_id, menu_item_id, quantity, price_at_time) VALUES (483, 239, 190, 1, 9500) ON CONFLICT DO NOTHING;
INSERT INTO order_items (id, order_id, menu_item_id, quantity, price_at_time) VALUES (484, 239, 177, 2, 9000) ON CONFLICT DO NOTHING;
INSERT INTO orders (id, user_id, slot_id, vendor_id, status, total_amount, created_at, qr_code, pickup_confirmed_at, pickup_confirmed_by, eta_minutes, actual_completion_minutes, fraud_flag, stationery_job_id, booking_type) VALUES (240, 57, 1, 66, 'confirmed', 8000, NOW() - INTERVAL '12 days 3 hours', 'qr_order_240', NULL, NULL, 10, NULL, false, NULL, 'food') ON CONFLICT DO NOTHING;
INSERT INTO order_items (id, order_id, menu_item_id, quantity, price_at_time) VALUES (485, 240, 8, 2, 4000) ON CONFLICT DO NOTHING;
INSERT INTO orders (id, user_id, slot_id, vendor_id, status, total_amount, created_at, qr_code, pickup_confirmed_at, pickup_confirmed_by, eta_minutes, actual_completion_minutes, fraud_flag, stationery_job_id, booking_type) VALUES (241, 45, 32, 67, 'cancelled', 28000, NOW() - INTERVAL '41 days 4 hours', 'qr_order_241', NULL, NULL, 10, NULL, false, NULL, 'food') ON CONFLICT DO NOTHING;
INSERT INTO order_items (id, order_id, menu_item_id, quantity, price_at_time) VALUES (486, 241, 52, 1, 28000) ON CONFLICT DO NOTHING;
INSERT INTO orders (id, user_id, slot_id, vendor_id, status, total_amount, created_at, qr_code, pickup_confirmed_at, pickup_confirmed_by, eta_minutes, actual_completion_minutes, fraud_flag, stationery_job_id, booking_type) VALUES (242, 32, 63, 68, 'picked', 17000, NOW() - INTERVAL '77 days 23 hours', 'qr_order_242', NOW() - INTERVAL '77 days 23 hours' + INTERVAL '12 minutes', 68, 10, 12, false, NULL, 'food') ON CONFLICT DO NOTHING;
INSERT INTO order_items (id, order_id, menu_item_id, quantity, price_at_time) VALUES (487, 242, 87, 1, 7000) ON CONFLICT DO NOTHING;
INSERT INTO order_items (id, order_id, menu_item_id, quantity, price_at_time) VALUES (488, 242, 88, 1, 5000) ON CONFLICT DO NOTHING;
INSERT INTO order_items (id, order_id, menu_item_id, quantity, price_at_time) VALUES (489, 242, 101, 1, 5000) ON CONFLICT DO NOTHING;
INSERT INTO orders (id, user_id, slot_id, vendor_id, status, total_amount, created_at, qr_code, pickup_confirmed_at, pickup_confirmed_by, eta_minutes, actual_completion_minutes, fraud_flag, stationery_job_id, booking_type) VALUES (243, 51, 94, 69, 'picked', 16000, NOW() - INTERVAL '7 days 7 hours', 'qr_order_243', NOW() - INTERVAL '7 days 7 hours' + INTERVAL '12 minutes', 69, 10, 12, false, NULL, 'food') ON CONFLICT DO NOTHING;
INSERT INTO order_items (id, order_id, menu_item_id, quantity, price_at_time) VALUES (490, 243, 126, 1, 7000) ON CONFLICT DO NOTHING;
INSERT INTO order_items (id, order_id, menu_item_id, quantity, price_at_time) VALUES (491, 243, 117, 2, 4500) ON CONFLICT DO NOTHING;
INSERT INTO orders (id, user_id, slot_id, vendor_id, status, total_amount, created_at, qr_code, pickup_confirmed_at, pickup_confirmed_by, eta_minutes, actual_completion_minutes, fraud_flag, stationery_job_id, booking_type) VALUES (244, 10, 125, 70, 'picked', 21000, NOW() - INTERVAL '2 days 11 hours', 'qr_order_244', NOW() - INTERVAL '2 days 11 hours' + INTERVAL '12 minutes', 70, 10, 12, false, NULL, 'food') ON CONFLICT DO NOTHING;
INSERT INTO order_items (id, order_id, menu_item_id, quantity, price_at_time) VALUES (492, 244, 143, 2, 6000) ON CONFLICT DO NOTHING;
INSERT INTO order_items (id, order_id, menu_item_id, quantity, price_at_time) VALUES (493, 244, 161, 2, 4500) ON CONFLICT DO NOTHING;
INSERT INTO orders (id, user_id, slot_id, vendor_id, status, total_amount, created_at, qr_code, pickup_confirmed_at, pickup_confirmed_by, eta_minutes, actual_completion_minutes, fraud_flag, stationery_job_id, booking_type) VALUES (245, 23, 156, 71, 'ready', 30500, NOW() - INTERVAL '10 days 0 hours', 'qr_order_245', NULL, NULL, 10, NULL, false, NULL, 'food') ON CONFLICT DO NOTHING;
INSERT INTO order_items (id, order_id, menu_item_id, quantity, price_at_time) VALUES (494, 245, 172, 1, 14000) ON CONFLICT DO NOTHING;
INSERT INTO order_items (id, order_id, menu_item_id, quantity, price_at_time) VALUES (495, 245, 184, 1, 11000) ON CONFLICT DO NOTHING;
INSERT INTO order_items (id, order_id, menu_item_id, quantity, price_at_time) VALUES (496, 245, 170, 1, 5500) ON CONFLICT DO NOTHING;
INSERT INTO orders (id, user_id, slot_id, vendor_id, status, total_amount, created_at, qr_code, pickup_confirmed_at, pickup_confirmed_by, eta_minutes, actual_completion_minutes, fraud_flag, stationery_job_id, booking_type) VALUES (246, 51, 7, 66, 'picked', 49000, NOW() - INTERVAL '81 days 22 hours', 'qr_order_246', NOW() - INTERVAL '81 days 22 hours' + INTERVAL '12 minutes', 66, 10, 12, false, NULL, 'food') ON CONFLICT DO NOTHING;
INSERT INTO order_items (id, order_id, menu_item_id, quantity, price_at_time) VALUES (497, 246, 27, 2, 11000) ON CONFLICT DO NOTHING;
INSERT INTO order_items (id, order_id, menu_item_id, quantity, price_at_time) VALUES (498, 246, 26, 1, 8000) ON CONFLICT DO NOTHING;
INSERT INTO order_items (id, order_id, menu_item_id, quantity, price_at_time) VALUES (499, 246, 10, 2, 9500) ON CONFLICT DO NOTHING;
INSERT INTO orders (id, user_id, slot_id, vendor_id, status, total_amount, created_at, qr_code, pickup_confirmed_at, pickup_confirmed_by, eta_minutes, actual_completion_minutes, fraud_flag, stationery_job_id, booking_type) VALUES (247, 11, 38, 67, 'picked', 10000, NOW() - INTERVAL '66 days 6 hours', 'qr_order_247', NOW() - INTERVAL '66 days 6 hours' + INTERVAL '12 minutes', 67, 10, 12, false, NULL, 'food') ON CONFLICT DO NOTHING;
INSERT INTO order_items (id, order_id, menu_item_id, quantity, price_at_time) VALUES (500, 247, 55, 2, 5000) ON CONFLICT DO NOTHING;
INSERT INTO orders (id, user_id, slot_id, vendor_id, status, total_amount, created_at, qr_code, pickup_confirmed_at, pickup_confirmed_by, eta_minutes, actual_completion_minutes, fraud_flag, stationery_job_id, booking_type) VALUES (248, 9, 69, 68, 'picked', 2500, NOW() - INTERVAL '56 days 23 hours', 'qr_order_248', NOW() - INTERVAL '56 days 23 hours' + INTERVAL '12 minutes', 68, 10, 12, false, NULL, 'food') ON CONFLICT DO NOTHING;
INSERT INTO order_items (id, order_id, menu_item_id, quantity, price_at_time) VALUES (501, 248, 72, 1, 2500) ON CONFLICT DO NOTHING;
INSERT INTO orders (id, user_id, slot_id, vendor_id, status, total_amount, created_at, qr_code, pickup_confirmed_at, pickup_confirmed_by, eta_minutes, actual_completion_minutes, fraud_flag, stationery_job_id, booking_type) VALUES (249, 12, 100, 69, 'placed', 32000, NOW() - INTERVAL '15 days 14 hours', 'qr_order_249', NULL, NULL, 10, NULL, false, NULL, 'food') ON CONFLICT DO NOTHING;
INSERT INTO order_items (id, order_id, menu_item_id, quantity, price_at_time) VALUES (502, 249, 105, 2, 9000) ON CONFLICT DO NOTHING;
INSERT INTO order_items (id, order_id, menu_item_id, quantity, price_at_time) VALUES (503, 249, 113, 1, 9000) ON CONFLICT DO NOTHING;
INSERT INTO order_items (id, order_id, menu_item_id, quantity, price_at_time) VALUES (504, 249, 102, 1, 5000) ON CONFLICT DO NOTHING;
INSERT INTO orders (id, user_id, slot_id, vendor_id, status, total_amount, created_at, qr_code, pickup_confirmed_at, pickup_confirmed_by, eta_minutes, actual_completion_minutes, fraud_flag, stationery_job_id, booking_type) VALUES (250, 2, 131, 70, 'picked', 26000, NOW() - INTERVAL '45 days 16 hours', 'qr_order_250', NOW() - INTERVAL '45 days 16 hours' + INTERVAL '12 minutes', 70, 10, 12, false, NULL, 'food') ON CONFLICT DO NOTHING;
INSERT INTO order_items (id, order_id, menu_item_id, quantity, price_at_time) VALUES (505, 250, 151, 1, 12000) ON CONFLICT DO NOTHING;
INSERT INTO order_items (id, order_id, menu_item_id, quantity, price_at_time) VALUES (506, 250, 158, 1, 4000) ON CONFLICT DO NOTHING;
INSERT INTO order_items (id, order_id, menu_item_id, quantity, price_at_time) VALUES (507, 250, 152, 1, 10000) ON CONFLICT DO NOTHING;
INSERT INTO orders (id, user_id, slot_id, vendor_id, status, total_amount, created_at, qr_code, pickup_confirmed_at, pickup_confirmed_by, eta_minutes, actual_completion_minutes, fraud_flag, stationery_job_id, booking_type) VALUES (251, 4, 162, 71, 'picked', 78000, NOW() - INTERVAL '55 days 8 hours', 'qr_order_251', NOW() - INTERVAL '55 days 8 hours' + INTERVAL '12 minutes', 71, 10, 12, false, NULL, 'food') ON CONFLICT DO NOTHING;
INSERT INTO order_items (id, order_id, menu_item_id, quantity, price_at_time) VALUES (508, 251, 172, 2, 14000) ON CONFLICT DO NOTHING;
INSERT INTO order_items (id, order_id, menu_item_id, quantity, price_at_time) VALUES (509, 251, 172, 2, 14000) ON CONFLICT DO NOTHING;
INSERT INTO order_items (id, order_id, menu_item_id, quantity, price_at_time) VALUES (510, 251, 197, 2, 11000) ON CONFLICT DO NOTHING;
INSERT INTO orders (id, user_id, slot_id, vendor_id, status, total_amount, created_at, qr_code, pickup_confirmed_at, pickup_confirmed_by, eta_minutes, actual_completion_minutes, fraud_flag, stationery_job_id, booking_type) VALUES (252, 8, 13, 66, 'picked', 15000, NOW() - INTERVAL '73 days 5 hours', 'qr_order_252', NOW() - INTERVAL '73 days 5 hours' + INTERVAL '12 minutes', 66, 10, 12, false, NULL, 'food') ON CONFLICT DO NOTHING;
INSERT INTO order_items (id, order_id, menu_item_id, quantity, price_at_time) VALUES (511, 252, 11, 2, 6000) ON CONFLICT DO NOTHING;
INSERT INTO order_items (id, order_id, menu_item_id, quantity, price_at_time) VALUES (512, 252, 7, 1, 3000) ON CONFLICT DO NOTHING;
INSERT INTO orders (id, user_id, slot_id, vendor_id, status, total_amount, created_at, qr_code, pickup_confirmed_at, pickup_confirmed_by, eta_minutes, actual_completion_minutes, fraud_flag, stationery_job_id, booking_type) VALUES (253, 30, 44, 67, 'ready', 16000, NOW() - INTERVAL '1 days 1 hours', 'qr_order_253', NULL, NULL, 10, NULL, false, NULL, 'food') ON CONFLICT DO NOTHING;
INSERT INTO order_items (id, order_id, menu_item_id, quantity, price_at_time) VALUES (513, 253, 50, 1, 16000) ON CONFLICT DO NOTHING;
INSERT INTO orders (id, user_id, slot_id, vendor_id, status, total_amount, created_at, qr_code, pickup_confirmed_at, pickup_confirmed_by, eta_minutes, actual_completion_minutes, fraud_flag, stationery_job_id, booking_type) VALUES (254, 61, 75, 68, 'picked', 10000, NOW() - INTERVAL '20 days 5 hours', 'qr_order_254', NOW() - INTERVAL '20 days 5 hours' + INTERVAL '12 minutes', 68, 10, 12, false, NULL, 'food') ON CONFLICT DO NOTHING;
INSERT INTO order_items (id, order_id, menu_item_id, quantity, price_at_time) VALUES (514, 254, 95, 1, 10000) ON CONFLICT DO NOTHING;
INSERT INTO orders (id, user_id, slot_id, vendor_id, status, total_amount, created_at, qr_code, pickup_confirmed_at, pickup_confirmed_by, eta_minutes, actual_completion_minutes, fraud_flag, stationery_job_id, booking_type) VALUES (255, 42, 106, 69, 'picked', 5500, NOW() - INTERVAL '41 days 8 hours', 'qr_order_255', NOW() - INTERVAL '41 days 8 hours' + INTERVAL '12 minutes', 69, 10, 12, false, NULL, 'food') ON CONFLICT DO NOTHING;
INSERT INTO order_items (id, order_id, menu_item_id, quantity, price_at_time) VALUES (515, 255, 125, 1, 5500) ON CONFLICT DO NOTHING;
INSERT INTO orders (id, user_id, slot_id, vendor_id, status, total_amount, created_at, qr_code, pickup_confirmed_at, pickup_confirmed_by, eta_minutes, actual_completion_minutes, fraud_flag, stationery_job_id, booking_type) VALUES (256, 65, 137, 70, 'picked', 30000, NOW() - INTERVAL '7 days 5 hours', 'qr_order_256', NOW() - INTERVAL '7 days 5 hours' + INTERVAL '12 minutes', 70, 10, 12, false, NULL, 'food') ON CONFLICT DO NOTHING;
INSERT INTO order_items (id, order_id, menu_item_id, quantity, price_at_time) VALUES (516, 256, 137, 2, 15000) ON CONFLICT DO NOTHING;
INSERT INTO orders (id, user_id, slot_id, vendor_id, status, total_amount, created_at, qr_code, pickup_confirmed_at, pickup_confirmed_by, eta_minutes, actual_completion_minutes, fraud_flag, stationery_job_id, booking_type) VALUES (257, 9, 168, 71, 'confirmed', 46000, NOW() - INTERVAL '37 days 9 hours', 'qr_order_257', NULL, NULL, 10, NULL, false, NULL, 'food') ON CONFLICT DO NOTHING;
INSERT INTO order_items (id, order_id, menu_item_id, quantity, price_at_time) VALUES (517, 257, 173, 2, 16000) ON CONFLICT DO NOTHING;
INSERT INTO order_items (id, order_id, menu_item_id, quantity, price_at_time) VALUES (518, 257, 168, 2, 7000) ON CONFLICT DO NOTHING;
INSERT INTO orders (id, user_id, slot_id, vendor_id, status, total_amount, created_at, qr_code, pickup_confirmed_at, pickup_confirmed_by, eta_minutes, actual_completion_minutes, fraud_flag, stationery_job_id, booking_type) VALUES (258, 26, 19, 66, 'picked', 66000, NOW() - INTERVAL '39 days 23 hours', 'qr_order_258', NOW() - INTERVAL '39 days 23 hours' + INTERVAL '12 minutes', 66, 10, 12, false, NULL, 'food') ON CONFLICT DO NOTHING;
INSERT INTO order_items (id, order_id, menu_item_id, quantity, price_at_time) VALUES (519, 258, 16, 2, 18000) ON CONFLICT DO NOTHING;
INSERT INTO order_items (id, order_id, menu_item_id, quantity, price_at_time) VALUES (520, 258, 24, 2, 9500) ON CONFLICT DO NOTHING;
INSERT INTO order_items (id, order_id, menu_item_id, quantity, price_at_time) VALUES (521, 258, 13, 1, 11000) ON CONFLICT DO NOTHING;
INSERT INTO orders (id, user_id, slot_id, vendor_id, status, total_amount, created_at, qr_code, pickup_confirmed_at, pickup_confirmed_by, eta_minutes, actual_completion_minutes, fraud_flag, stationery_job_id, booking_type) VALUES (259, 20, 50, 67, 'picked', 2500, NOW() - INTERVAL '53 days 0 hours', 'qr_order_259', NOW() - INTERVAL '53 days 0 hours' + INTERVAL '12 minutes', 67, 10, 12, false, NULL, 'food') ON CONFLICT DO NOTHING;
INSERT INTO order_items (id, order_id, menu_item_id, quantity, price_at_time) VALUES (522, 259, 57, 1, 2500) ON CONFLICT DO NOTHING;
INSERT INTO orders (id, user_id, slot_id, vendor_id, status, total_amount, created_at, qr_code, pickup_confirmed_at, pickup_confirmed_by, eta_minutes, actual_completion_minutes, fraud_flag, stationery_job_id, booking_type) VALUES (260, 43, 81, 68, 'picked', 30500, NOW() - INTERVAL '85 days 12 hours', 'qr_order_260', NOW() - INTERVAL '85 days 12 hours' + INTERVAL '12 minutes', 68, 10, 12, false, NULL, 'food') ON CONFLICT DO NOTHING;
INSERT INTO order_items (id, order_id, menu_item_id, quantity, price_at_time) VALUES (523, 260, 88, 1, 5000) ON CONFLICT DO NOTHING;
INSERT INTO order_items (id, order_id, menu_item_id, quantity, price_at_time) VALUES (524, 260, 82, 1, 5500) ON CONFLICT DO NOTHING;
INSERT INTO order_items (id, order_id, menu_item_id, quantity, price_at_time) VALUES (525, 260, 95, 2, 10000) ON CONFLICT DO NOTHING;
INSERT INTO orders (id, user_id, slot_id, vendor_id, status, total_amount, created_at, qr_code, pickup_confirmed_at, pickup_confirmed_by, eta_minutes, actual_completion_minutes, fraud_flag, stationery_job_id, booking_type) VALUES (261, 8, 112, 69, 'cancelled', 28000, NOW() - INTERVAL '19 days 22 hours', 'qr_order_261', NULL, NULL, 10, NULL, false, NULL, 'food') ON CONFLICT DO NOTHING;
INSERT INTO order_items (id, order_id, menu_item_id, quantity, price_at_time) VALUES (526, 261, 107, 1, 11000) ON CONFLICT DO NOTHING;
INSERT INTO order_items (id, order_id, menu_item_id, quantity, price_at_time) VALUES (527, 261, 116, 2, 8500) ON CONFLICT DO NOTHING;
INSERT INTO orders (id, user_id, slot_id, vendor_id, status, total_amount, created_at, qr_code, pickup_confirmed_at, pickup_confirmed_by, eta_minutes, actual_completion_minutes, fraud_flag, stationery_job_id, booking_type) VALUES (262, 48, 143, 70, 'picked', 6000, NOW() - INTERVAL '11 days 18 hours', 'qr_order_262', NOW() - INTERVAL '11 days 18 hours' + INTERVAL '12 minutes', 70, 10, 12, false, NULL, 'food') ON CONFLICT DO NOTHING;
INSERT INTO order_items (id, order_id, menu_item_id, quantity, price_at_time) VALUES (528, 262, 167, 1, 6000) ON CONFLICT DO NOTHING;
INSERT INTO orders (id, user_id, slot_id, vendor_id, status, total_amount, created_at, qr_code, pickup_confirmed_at, pickup_confirmed_by, eta_minutes, actual_completion_minutes, fraud_flag, stationery_job_id, booking_type) VALUES (263, 51, 174, 71, 'picked', 32500, NOW() - INTERVAL '73 days 1 hours', 'qr_order_263', NOW() - INTERVAL '73 days 1 hours' + INTERVAL '12 minutes', 71, 10, 12, false, NULL, 'food') ON CONFLICT DO NOTHING;
INSERT INTO order_items (id, order_id, menu_item_id, quantity, price_at_time) VALUES (529, 263, 176, 1, 6500) ON CONFLICT DO NOTHING;
INSERT INTO order_items (id, order_id, menu_item_id, quantity, price_at_time) VALUES (530, 263, 186, 2, 13000) ON CONFLICT DO NOTHING;
INSERT INTO orders (id, user_id, slot_id, vendor_id, status, total_amount, created_at, qr_code, pickup_confirmed_at, pickup_confirmed_by, eta_minutes, actual_completion_minutes, fraud_flag, stationery_job_id, booking_type) VALUES (264, 41, 25, 66, 'placed', 44000, NOW() - INTERVAL '51 days 22 hours', 'qr_order_264', NULL, NULL, 10, NULL, false, NULL, 'food') ON CONFLICT DO NOTHING;
INSERT INTO order_items (id, order_id, menu_item_id, quantity, price_at_time) VALUES (531, 264, 21, 2, 10000) ON CONFLICT DO NOTHING;
INSERT INTO order_items (id, order_id, menu_item_id, quantity, price_at_time) VALUES (532, 264, 29, 2, 4000) ON CONFLICT DO NOTHING;
INSERT INTO order_items (id, order_id, menu_item_id, quantity, price_at_time) VALUES (533, 264, 15, 1, 16000) ON CONFLICT DO NOTHING;
INSERT INTO orders (id, user_id, slot_id, vendor_id, status, total_amount, created_at, qr_code, pickup_confirmed_at, pickup_confirmed_by, eta_minutes, actual_completion_minutes, fraud_flag, stationery_job_id, booking_type) VALUES (265, 26, 56, 67, 'picked', 15000, NOW() - INTERVAL '75 days 3 hours', 'qr_order_265', NOW() - INTERVAL '75 days 3 hours' + INTERVAL '12 minutes', 67, 10, 12, false, NULL, 'food') ON CONFLICT DO NOTHING;
INSERT INTO order_items (id, order_id, menu_item_id, quantity, price_at_time) VALUES (534, 265, 41, 1, 15000) ON CONFLICT DO NOTHING;
INSERT INTO orders (id, user_id, slot_id, vendor_id, status, total_amount, created_at, qr_code, pickup_confirmed_at, pickup_confirmed_by, eta_minutes, actual_completion_minutes, fraud_flag, stationery_job_id, booking_type) VALUES (266, 58, 87, 68, 'picked', 38000, NOW() - INTERVAL '53 days 3 hours', 'qr_order_266', NOW() - INTERVAL '53 days 3 hours' + INTERVAL '12 minutes', 68, 10, 12, false, NULL, 'food') ON CONFLICT DO NOTHING;
INSERT INTO order_items (id, order_id, menu_item_id, quantity, price_at_time) VALUES (535, 266, 91, 1, 8000) ON CONFLICT DO NOTHING;
INSERT INTO order_items (id, order_id, menu_item_id, quantity, price_at_time) VALUES (536, 266, 97, 2, 7000) ON CONFLICT DO NOTHING;
INSERT INTO order_items (id, order_id, menu_item_id, quantity, price_at_time) VALUES (537, 266, 98, 2, 8000) ON CONFLICT DO NOTHING;
INSERT INTO orders (id, user_id, slot_id, vendor_id, status, total_amount, created_at, qr_code, pickup_confirmed_at, pickup_confirmed_by, eta_minutes, actual_completion_minutes, fraud_flag, stationery_job_id, booking_type) VALUES (267, 16, 118, 69, 'picked', 28500, NOW() - INTERVAL '39 days 22 hours', 'qr_order_267', NOW() - INTERVAL '39 days 22 hours' + INTERVAL '12 minutes', 69, 10, 12, false, NULL, 'food') ON CONFLICT DO NOTHING;
INSERT INTO order_items (id, order_id, menu_item_id, quantity, price_at_time) VALUES (538, 267, 104, 1, 9000) ON CONFLICT DO NOTHING;
INSERT INTO order_items (id, order_id, menu_item_id, quantity, price_at_time) VALUES (539, 267, 122, 1, 8500) ON CONFLICT DO NOTHING;
INSERT INTO order_items (id, order_id, menu_item_id, quantity, price_at_time) VALUES (540, 267, 107, 1, 11000) ON CONFLICT DO NOTHING;
INSERT INTO orders (id, user_id, slot_id, vendor_id, status, total_amount, created_at, qr_code, pickup_confirmed_at, pickup_confirmed_by, eta_minutes, actual_completion_minutes, fraud_flag, stationery_job_id, booking_type) VALUES (268, 46, 149, 70, 'picked', 36000, NOW() - INTERVAL '7 days 21 hours', 'qr_order_268', NOW() - INTERVAL '7 days 21 hours' + INTERVAL '12 minutes', 70, 10, 12, false, NULL, 'food') ON CONFLICT DO NOTHING;
INSERT INTO order_items (id, order_id, menu_item_id, quantity, price_at_time) VALUES (541, 268, 151, 1, 12000) ON CONFLICT DO NOTHING;
INSERT INTO order_items (id, order_id, menu_item_id, quantity, price_at_time) VALUES (542, 268, 136, 2, 12000) ON CONFLICT DO NOTHING;
INSERT INTO orders (id, user_id, slot_id, vendor_id, status, total_amount, created_at, qr_code, pickup_confirmed_at, pickup_confirmed_by, eta_minutes, actual_completion_minutes, fraud_flag, stationery_job_id, booking_type) VALUES (269, 58, 180, 71, 'picked', 11000, NOW() - INTERVAL '71 days 7 hours', 'qr_order_269', NOW() - INTERVAL '71 days 7 hours' + INTERVAL '12 minutes', 71, 10, 12, false, NULL, 'food') ON CONFLICT DO NOTHING;
INSERT INTO order_items (id, order_id, menu_item_id, quantity, price_at_time) VALUES (543, 269, 197, 1, 11000) ON CONFLICT DO NOTHING;
INSERT INTO orders (id, user_id, slot_id, vendor_id, status, total_amount, created_at, qr_code, pickup_confirmed_at, pickup_confirmed_by, eta_minutes, actual_completion_minutes, fraud_flag, stationery_job_id, booking_type) VALUES (270, 18, 1, 66, 'picked', 22000, NOW() - INTERVAL '8 days 7 hours', 'qr_order_270', NOW() - INTERVAL '8 days 7 hours' + INTERVAL '12 minutes', 66, 10, 12, false, NULL, 'food') ON CONFLICT DO NOTHING;
INSERT INTO order_items (id, order_id, menu_item_id, quantity, price_at_time) VALUES (544, 270, 13, 2, 11000) ON CONFLICT DO NOTHING;
INSERT INTO orders (id, user_id, slot_id, vendor_id, status, total_amount, created_at, qr_code, pickup_confirmed_at, pickup_confirmed_by, eta_minutes, actual_completion_minutes, fraud_flag, stationery_job_id, booking_type) VALUES (271, 48, 32, 67, 'picked', 87000, NOW() - INTERVAL '83 days 2 hours', 'qr_order_271', NOW() - INTERVAL '83 days 2 hours' + INTERVAL '12 minutes', 67, 10, 12, false, NULL, 'food') ON CONFLICT DO NOTHING;
INSERT INTO order_items (id, order_id, menu_item_id, quantity, price_at_time) VALUES (545, 271, 51, 1, 21000) ON CONFLICT DO NOTHING;
INSERT INTO order_items (id, order_id, menu_item_id, quantity, price_at_time) VALUES (546, 271, 36, 1, 22000) ON CONFLICT DO NOTHING;
INSERT INTO order_items (id, order_id, menu_item_id, quantity, price_at_time) VALUES (547, 271, 47, 2, 22000) ON CONFLICT DO NOTHING;
INSERT INTO orders (id, user_id, slot_id, vendor_id, status, total_amount, created_at, qr_code, pickup_confirmed_at, pickup_confirmed_by, eta_minutes, actual_completion_minutes, fraud_flag, stationery_job_id, booking_type) VALUES (272, 17, 63, 68, 'picked', 8000, NOW() - INTERVAL '43 days 3 hours', 'qr_order_272', NOW() - INTERVAL '43 days 3 hours' + INTERVAL '12 minutes', 68, 10, 12, false, NULL, 'food') ON CONFLICT DO NOTHING;
INSERT INTO order_items (id, order_id, menu_item_id, quantity, price_at_time) VALUES (548, 272, 98, 1, 8000) ON CONFLICT DO NOTHING;
INSERT INTO orders (id, user_id, slot_id, vendor_id, status, total_amount, created_at, qr_code, pickup_confirmed_at, pickup_confirmed_by, eta_minutes, actual_completion_minutes, fraud_flag, stationery_job_id, booking_type) VALUES (273, 22, 94, 69, 'placed', 25500, NOW() - INTERVAL '56 days 23 hours', 'qr_order_273', NULL, NULL, 10, NULL, false, NULL, 'food') ON CONFLICT DO NOTHING;
INSERT INTO order_items (id, order_id, menu_item_id, quantity, price_at_time) VALUES (549, 273, 133, 1, 11500) ON CONFLICT DO NOTHING;
INSERT INTO order_items (id, order_id, menu_item_id, quantity, price_at_time) VALUES (550, 273, 126, 2, 7000) ON CONFLICT DO NOTHING;
INSERT INTO orders (id, user_id, slot_id, vendor_id, status, total_amount, created_at, qr_code, pickup_confirmed_at, pickup_confirmed_by, eta_minutes, actual_completion_minutes, fraud_flag, stationery_job_id, booking_type) VALUES (274, 23, 125, 70, 'picked', 18000, NOW() - INTERVAL '24 days 8 hours', 'qr_order_274', NOW() - INTERVAL '24 days 8 hours' + INTERVAL '12 minutes', 70, 10, 12, false, NULL, 'food') ON CONFLICT DO NOTHING;
INSERT INTO order_items (id, order_id, menu_item_id, quantity, price_at_time) VALUES (551, 274, 163, 1, 3000) ON CONFLICT DO NOTHING;
INSERT INTO order_items (id, order_id, menu_item_id, quantity, price_at_time) VALUES (552, 274, 137, 1, 15000) ON CONFLICT DO NOTHING;
INSERT INTO orders (id, user_id, slot_id, vendor_id, status, total_amount, created_at, qr_code, pickup_confirmed_at, pickup_confirmed_by, eta_minutes, actual_completion_minutes, fraud_flag, stationery_job_id, booking_type) VALUES (275, 38, 156, 71, 'picked', 32000, NOW() - INTERVAL '71 days 15 hours', 'qr_order_275', NOW() - INTERVAL '71 days 15 hours' + INTERVAL '12 minutes', 71, 10, 12, false, NULL, 'food') ON CONFLICT DO NOTHING;
INSERT INTO order_items (id, order_id, menu_item_id, quantity, price_at_time) VALUES (553, 275, 173, 2, 16000) ON CONFLICT DO NOTHING;
INSERT INTO orders (id, user_id, slot_id, vendor_id, status, total_amount, created_at, qr_code, pickup_confirmed_at, pickup_confirmed_by, eta_minutes, actual_completion_minutes, fraud_flag, stationery_job_id, booking_type) VALUES (276, 50, 7, 66, 'picked', 40000, NOW() - INTERVAL '26 days 20 hours', 'qr_order_276', NOW() - INTERVAL '26 days 20 hours' + INTERVAL '12 minutes', 66, 10, 12, false, NULL, 'food') ON CONFLICT DO NOTHING;
INSERT INTO order_items (id, order_id, menu_item_id, quantity, price_at_time) VALUES (554, 276, 16, 1, 18000) ON CONFLICT DO NOTHING;
INSERT INTO order_items (id, order_id, menu_item_id, quantity, price_at_time) VALUES (555, 276, 25, 2, 6000) ON CONFLICT DO NOTHING;
INSERT INTO order_items (id, order_id, menu_item_id, quantity, price_at_time) VALUES (556, 276, 31, 2, 5000) ON CONFLICT DO NOTHING;
INSERT INTO orders (id, user_id, slot_id, vendor_id, status, total_amount, created_at, qr_code, pickup_confirmed_at, pickup_confirmed_by, eta_minutes, actual_completion_minutes, fraud_flag, stationery_job_id, booking_type) VALUES (277, 45, 38, 67, 'placed', 72000, NOW() - INTERVAL '65 days 10 hours', 'qr_order_277', NULL, NULL, 10, NULL, false, NULL, 'food') ON CONFLICT DO NOTHING;
INSERT INTO order_items (id, order_id, menu_item_id, quantity, price_at_time) VALUES (557, 277, 52, 1, 28000) ON CONFLICT DO NOTHING;
INSERT INTO order_items (id, order_id, menu_item_id, quantity, price_at_time) VALUES (558, 277, 36, 2, 22000) ON CONFLICT DO NOTHING;
INSERT INTO orders (id, user_id, slot_id, vendor_id, status, total_amount, created_at, qr_code, pickup_confirmed_at, pickup_confirmed_by, eta_minutes, actual_completion_minutes, fraud_flag, stationery_job_id, booking_type) VALUES (278, 29, 69, 68, 'picked', 14000, NOW() - INTERVAL '36 days 1 hours', 'qr_order_278', NOW() - INTERVAL '36 days 1 hours' + INTERVAL '12 minutes', 68, 10, 12, false, NULL, 'food') ON CONFLICT DO NOTHING;
INSERT INTO order_items (id, order_id, menu_item_id, quantity, price_at_time) VALUES (559, 278, 91, 1, 8000) ON CONFLICT DO NOTHING;
INSERT INTO order_items (id, order_id, menu_item_id, quantity, price_at_time) VALUES (560, 278, 79, 1, 6000) ON CONFLICT DO NOTHING;
INSERT INTO orders (id, user_id, slot_id, vendor_id, status, total_amount, created_at, qr_code, pickup_confirmed_at, pickup_confirmed_by, eta_minutes, actual_completion_minutes, fraud_flag, stationery_job_id, booking_type) VALUES (279, 32, 100, 69, 'picked', 32000, NOW() - INTERVAL '35 days 17 hours', 'qr_order_279', NOW() - INTERVAL '35 days 17 hours' + INTERVAL '12 minutes', 69, 10, 12, false, NULL, 'food') ON CONFLICT DO NOTHING;
INSERT INTO order_items (id, order_id, menu_item_id, quantity, price_at_time) VALUES (561, 279, 105, 1, 9000) ON CONFLICT DO NOTHING;
INSERT INTO order_items (id, order_id, menu_item_id, quantity, price_at_time) VALUES (562, 279, 126, 2, 7000) ON CONFLICT DO NOTHING;
INSERT INTO order_items (id, order_id, menu_item_id, quantity, price_at_time) VALUES (563, 279, 113, 1, 9000) ON CONFLICT DO NOTHING;
INSERT INTO orders (id, user_id, slot_id, vendor_id, status, total_amount, created_at, qr_code, pickup_confirmed_at, pickup_confirmed_by, eta_minutes, actual_completion_minutes, fraud_flag, stationery_job_id, booking_type) VALUES (280, 31, 131, 70, 'picked', 8000, NOW() - INTERVAL '46 days 18 hours', 'qr_order_280', NOW() - INTERVAL '46 days 18 hours' + INTERVAL '12 minutes', 70, 10, 12, false, NULL, 'food') ON CONFLICT DO NOTHING;
INSERT INTO order_items (id, order_id, menu_item_id, quantity, price_at_time) VALUES (564, 280, 157, 1, 8000) ON CONFLICT DO NOTHING;
INSERT INTO orders (id, user_id, slot_id, vendor_id, status, total_amount, created_at, qr_code, pickup_confirmed_at, pickup_confirmed_by, eta_minutes, actual_completion_minutes, fraud_flag, stationery_job_id, booking_type) VALUES (281, 25, 162, 71, 'preparing', 27500, NOW() - INTERVAL '64 days 17 hours', 'qr_order_281', NULL, NULL, 10, NULL, false, NULL, 'food') ON CONFLICT DO NOTHING;
INSERT INTO order_items (id, order_id, menu_item_id, quantity, price_at_time) VALUES (565, 281, 179, 2, 11000) ON CONFLICT DO NOTHING;
INSERT INTO order_items (id, order_id, menu_item_id, quantity, price_at_time) VALUES (566, 281, 170, 1, 5500) ON CONFLICT DO NOTHING;
INSERT INTO orders (id, user_id, slot_id, vendor_id, status, total_amount, created_at, qr_code, pickup_confirmed_at, pickup_confirmed_by, eta_minutes, actual_completion_minutes, fraud_flag, stationery_job_id, booking_type) VALUES (282, 8, 13, 66, 'picked', 29000, NOW() - INTERVAL '29 days 0 hours', 'qr_order_282', NOW() - INTERVAL '29 days 0 hours' + INTERVAL '12 minutes', 66, 10, 12, false, NULL, 'food') ON CONFLICT DO NOTHING;
INSERT INTO order_items (id, order_id, menu_item_id, quantity, price_at_time) VALUES (567, 282, 31, 1, 5000) ON CONFLICT DO NOTHING;
INSERT INTO order_items (id, order_id, menu_item_id, quantity, price_at_time) VALUES (568, 282, 22, 1, 8000) ON CONFLICT DO NOTHING;
INSERT INTO order_items (id, order_id, menu_item_id, quantity, price_at_time) VALUES (569, 282, 9, 2, 8000) ON CONFLICT DO NOTHING;
INSERT INTO orders (id, user_id, slot_id, vendor_id, status, total_amount, created_at, qr_code, pickup_confirmed_at, pickup_confirmed_by, eta_minutes, actual_completion_minutes, fraud_flag, stationery_job_id, booking_type) VALUES (283, 23, 44, 67, 'placed', 19000, NOW() - INTERVAL '42 days 1 hours', 'qr_order_283', NULL, NULL, 10, NULL, false, NULL, 'food') ON CONFLICT DO NOTHING;
INSERT INTO order_items (id, order_id, menu_item_id, quantity, price_at_time) VALUES (570, 283, 44, 1, 19000) ON CONFLICT DO NOTHING;
INSERT INTO orders (id, user_id, slot_id, vendor_id, status, total_amount, created_at, qr_code, pickup_confirmed_at, pickup_confirmed_by, eta_minutes, actual_completion_minutes, fraud_flag, stationery_job_id, booking_type) VALUES (284, 15, 75, 68, 'preparing', 28000, NOW() - INTERVAL '47 days 2 hours', 'qr_order_284', NULL, NULL, 10, NULL, false, NULL, 'food') ON CONFLICT DO NOTHING;
INSERT INTO order_items (id, order_id, menu_item_id, quantity, price_at_time) VALUES (571, 284, 94, 1, 12000) ON CONFLICT DO NOTHING;
INSERT INTO order_items (id, order_id, menu_item_id, quantity, price_at_time) VALUES (572, 284, 90, 2, 8000) ON CONFLICT DO NOTHING;
INSERT INTO orders (id, user_id, slot_id, vendor_id, status, total_amount, created_at, qr_code, pickup_confirmed_at, pickup_confirmed_by, eta_minutes, actual_completion_minutes, fraud_flag, stationery_job_id, booking_type) VALUES (285, 42, 106, 69, 'picked', 41000, NOW() - INTERVAL '21 days 23 hours', 'qr_order_285', NOW() - INTERVAL '21 days 23 hours' + INTERVAL '12 minutes', 69, 10, 12, false, NULL, 'food') ON CONFLICT DO NOTHING;
INSERT INTO order_items (id, order_id, menu_item_id, quantity, price_at_time) VALUES (573, 285, 133, 2, 11500) ON CONFLICT DO NOTHING;
INSERT INTO order_items (id, order_id, menu_item_id, quantity, price_at_time) VALUES (574, 285, 113, 2, 9000) ON CONFLICT DO NOTHING;
INSERT INTO orders (id, user_id, slot_id, vendor_id, status, total_amount, created_at, qr_code, pickup_confirmed_at, pickup_confirmed_by, eta_minutes, actual_completion_minutes, fraud_flag, stationery_job_id, booking_type) VALUES (286, 29, 137, 70, 'picked', 16000, NOW() - INTERVAL '23 days 12 hours', 'qr_order_286', NOW() - INTERVAL '23 days 12 hours' + INTERVAL '12 minutes', 70, 10, 12, false, NULL, 'food') ON CONFLICT DO NOTHING;
INSERT INTO order_items (id, order_id, menu_item_id, quantity, price_at_time) VALUES (575, 286, 153, 1, 14000) ON CONFLICT DO NOTHING;
INSERT INTO order_items (id, order_id, menu_item_id, quantity, price_at_time) VALUES (576, 286, 146, 1, 2000) ON CONFLICT DO NOTHING;
INSERT INTO orders (id, user_id, slot_id, vendor_id, status, total_amount, created_at, qr_code, pickup_confirmed_at, pickup_confirmed_by, eta_minutes, actual_completion_minutes, fraud_flag, stationery_job_id, booking_type) VALUES (287, 51, 168, 71, 'confirmed', 14500, NOW() - INTERVAL '73 days 1 hours', 'qr_order_287', NULL, NULL, 10, NULL, false, NULL, 'food') ON CONFLICT DO NOTHING;
INSERT INTO order_items (id, order_id, menu_item_id, quantity, price_at_time) VALUES (577, 287, 188, 1, 14500) ON CONFLICT DO NOTHING;
INSERT INTO orders (id, user_id, slot_id, vendor_id, status, total_amount, created_at, qr_code, pickup_confirmed_at, pickup_confirmed_by, eta_minutes, actual_completion_minutes, fraud_flag, stationery_job_id, booking_type) VALUES (288, 14, 19, 66, 'placed', 40000, NOW() - INTERVAL '19 days 10 hours', 'qr_order_288', NULL, NULL, 10, NULL, false, NULL, 'food') ON CONFLICT DO NOTHING;
INSERT INTO order_items (id, order_id, menu_item_id, quantity, price_at_time) VALUES (578, 288, 5, 1, 11000) ON CONFLICT DO NOTHING;
INSERT INTO order_items (id, order_id, menu_item_id, quantity, price_at_time) VALUES (579, 288, 23, 2, 11500) ON CONFLICT DO NOTHING;
INSERT INTO order_items (id, order_id, menu_item_id, quantity, price_at_time) VALUES (580, 288, 11, 1, 6000) ON CONFLICT DO NOTHING;
INSERT INTO orders (id, user_id, slot_id, vendor_id, status, total_amount, created_at, qr_code, pickup_confirmed_at, pickup_confirmed_by, eta_minutes, actual_completion_minutes, fraud_flag, stationery_job_id, booking_type) VALUES (289, 43, 50, 67, 'picked', 58000, NOW() - INTERVAL '34 days 6 hours', 'qr_order_289', NOW() - INTERVAL '34 days 6 hours' + INTERVAL '12 minutes', 67, 10, 12, false, NULL, 'food') ON CONFLICT DO NOTHING;
INSERT INTO order_items (id, order_id, menu_item_id, quantity, price_at_time) VALUES (581, 289, 39, 2, 29000) ON CONFLICT DO NOTHING;
INSERT INTO orders (id, user_id, slot_id, vendor_id, status, total_amount, created_at, qr_code, pickup_confirmed_at, pickup_confirmed_by, eta_minutes, actual_completion_minutes, fraud_flag, stationery_job_id, booking_type) VALUES (290, 33, 81, 68, 'ready', 26000, NOW() - INTERVAL '1 days 1 hours', 'qr_order_290', NULL, NULL, 10, NULL, false, NULL, 'food') ON CONFLICT DO NOTHING;
INSERT INTO order_items (id, order_id, menu_item_id, quantity, price_at_time) VALUES (582, 290, 97, 2, 7000) ON CONFLICT DO NOTHING;
INSERT INTO order_items (id, order_id, menu_item_id, quantity, price_at_time) VALUES (583, 290, 79, 2, 6000) ON CONFLICT DO NOTHING;
INSERT INTO orders (id, user_id, slot_id, vendor_id, status, total_amount, created_at, qr_code, pickup_confirmed_at, pickup_confirmed_by, eta_minutes, actual_completion_minutes, fraud_flag, stationery_job_id, booking_type) VALUES (291, 64, 112, 69, 'confirmed', 32500, NOW() - INTERVAL '45 days 17 hours', 'qr_order_291', NULL, NULL, 10, NULL, false, NULL, 'food') ON CONFLICT DO NOTHING;
INSERT INTO order_items (id, order_id, menu_item_id, quantity, price_at_time) VALUES (584, 291, 108, 2, 12000) ON CONFLICT DO NOTHING;
INSERT INTO order_items (id, order_id, menu_item_id, quantity, price_at_time) VALUES (585, 291, 116, 1, 8500) ON CONFLICT DO NOTHING;
INSERT INTO orders (id, user_id, slot_id, vendor_id, status, total_amount, created_at, qr_code, pickup_confirmed_at, pickup_confirmed_by, eta_minutes, actual_completion_minutes, fraud_flag, stationery_job_id, booking_type) VALUES (292, 58, 143, 70, 'picked', 15000, NOW() - INTERVAL '5 days 9 hours', 'qr_order_292', NOW() - INTERVAL '5 days 9 hours' + INTERVAL '12 minutes', 70, 10, 12, false, NULL, 'food') ON CONFLICT DO NOTHING;
INSERT INTO order_items (id, order_id, menu_item_id, quantity, price_at_time) VALUES (586, 292, 155, 2, 7500) ON CONFLICT DO NOTHING;
INSERT INTO orders (id, user_id, slot_id, vendor_id, status, total_amount, created_at, qr_code, pickup_confirmed_at, pickup_confirmed_by, eta_minutes, actual_completion_minutes, fraud_flag, stationery_job_id, booking_type) VALUES (293, 14, 174, 71, 'picked', 14000, NOW() - INTERVAL '22 days 12 hours', 'qr_order_293', NOW() - INTERVAL '22 days 12 hours' + INTERVAL '12 minutes', 71, 10, 12, false, NULL, 'food') ON CONFLICT DO NOTHING;
INSERT INTO order_items (id, order_id, menu_item_id, quantity, price_at_time) VALUES (587, 293, 172, 1, 14000) ON CONFLICT DO NOTHING;
INSERT INTO orders (id, user_id, slot_id, vendor_id, status, total_amount, created_at, qr_code, pickup_confirmed_at, pickup_confirmed_by, eta_minutes, actual_completion_minutes, fraud_flag, stationery_job_id, booking_type) VALUES (294, 44, 25, 66, 'picked', 37000, NOW() - INTERVAL '79 days 15 hours', 'qr_order_294', NOW() - INTERVAL '79 days 15 hours' + INTERVAL '12 minutes', 66, 10, 12, false, NULL, 'food') ON CONFLICT DO NOTHING;
INSERT INTO order_items (id, order_id, menu_item_id, quantity, price_at_time) VALUES (588, 294, 2, 2, 9500) ON CONFLICT DO NOTHING;
INSERT INTO order_items (id, order_id, menu_item_id, quantity, price_at_time) VALUES (589, 294, 11, 2, 6000) ON CONFLICT DO NOTHING;
INSERT INTO order_items (id, order_id, menu_item_id, quantity, price_at_time) VALUES (590, 294, 11, 1, 6000) ON CONFLICT DO NOTHING;
INSERT INTO orders (id, user_id, slot_id, vendor_id, status, total_amount, created_at, qr_code, pickup_confirmed_at, pickup_confirmed_by, eta_minutes, actual_completion_minutes, fraud_flag, stationery_job_id, booking_type) VALUES (295, 13, 56, 67, 'picked', 61000, NOW() - INTERVAL '25 days 13 hours', 'qr_order_295', NOW() - INTERVAL '25 days 13 hours' + INTERVAL '12 minutes', 67, 10, 12, false, NULL, 'food') ON CONFLICT DO NOTHING;
INSERT INTO order_items (id, order_id, menu_item_id, quantity, price_at_time) VALUES (591, 295, 51, 2, 21000) ON CONFLICT DO NOTHING;
INSERT INTO order_items (id, order_id, menu_item_id, quantity, price_at_time) VALUES (592, 295, 54, 1, 4000) ON CONFLICT DO NOTHING;
INSERT INTO order_items (id, order_id, menu_item_id, quantity, price_at_time) VALUES (593, 295, 41, 1, 15000) ON CONFLICT DO NOTHING;
INSERT INTO orders (id, user_id, slot_id, vendor_id, status, total_amount, created_at, qr_code, pickup_confirmed_at, pickup_confirmed_by, eta_minutes, actual_completion_minutes, fraud_flag, stationery_job_id, booking_type) VALUES (296, 51, 87, 68, 'picked', 10500, NOW() - INTERVAL '63 days 4 hours', 'qr_order_296', NOW() - INTERVAL '63 days 4 hours' + INTERVAL '12 minutes', 68, 10, 12, false, NULL, 'food') ON CONFLICT DO NOTHING;
INSERT INTO order_items (id, order_id, menu_item_id, quantity, price_at_time) VALUES (594, 296, 92, 1, 10500) ON CONFLICT DO NOTHING;
INSERT INTO orders (id, user_id, slot_id, vendor_id, status, total_amount, created_at, qr_code, pickup_confirmed_at, pickup_confirmed_by, eta_minutes, actual_completion_minutes, fraud_flag, stationery_job_id, booking_type) VALUES (297, 55, 118, 69, 'picked', 32000, NOW() - INTERVAL '85 days 20 hours', 'qr_order_297', NOW() - INTERVAL '85 days 20 hours' + INTERVAL '12 minutes', 69, 10, 12, false, NULL, 'food') ON CONFLICT DO NOTHING;
INSERT INTO order_items (id, order_id, menu_item_id, quantity, price_at_time) VALUES (595, 297, 132, 1, 10000) ON CONFLICT DO NOTHING;
INSERT INTO order_items (id, order_id, menu_item_id, quantity, price_at_time) VALUES (596, 297, 108, 1, 12000) ON CONFLICT DO NOTHING;
INSERT INTO order_items (id, order_id, menu_item_id, quantity, price_at_time) VALUES (597, 297, 115, 1, 10000) ON CONFLICT DO NOTHING;
INSERT INTO orders (id, user_id, slot_id, vendor_id, status, total_amount, created_at, qr_code, pickup_confirmed_at, pickup_confirmed_by, eta_minutes, actual_completion_minutes, fraud_flag, stationery_job_id, booking_type) VALUES (298, 38, 149, 70, 'cancelled', 15000, NOW() - INTERVAL '61 days 3 hours', 'qr_order_298', NULL, NULL, 10, NULL, false, NULL, 'food') ON CONFLICT DO NOTHING;
INSERT INTO order_items (id, order_id, menu_item_id, quantity, price_at_time) VALUES (598, 298, 160, 2, 2500) ON CONFLICT DO NOTHING;
INSERT INTO order_items (id, order_id, menu_item_id, quantity, price_at_time) VALUES (599, 298, 166, 2, 5000) ON CONFLICT DO NOTHING;
INSERT INTO orders (id, user_id, slot_id, vendor_id, status, total_amount, created_at, qr_code, pickup_confirmed_at, pickup_confirmed_by, eta_minutes, actual_completion_minutes, fraud_flag, stationery_job_id, booking_type) VALUES (299, 12, 180, 71, 'picked', 38000, NOW() - INTERVAL '50 days 5 hours', 'qr_order_299', NOW() - INTERVAL '50 days 5 hours' + INTERVAL '12 minutes', 71, 10, 12, false, NULL, 'food') ON CONFLICT DO NOTHING;
INSERT INTO order_items (id, order_id, menu_item_id, quantity, price_at_time) VALUES (600, 299, 192, 2, 8000) ON CONFLICT DO NOTHING;
INSERT INTO order_items (id, order_id, menu_item_id, quantity, price_at_time) VALUES (601, 299, 179, 2, 11000) ON CONFLICT DO NOTHING;
INSERT INTO orders (id, user_id, slot_id, vendor_id, status, total_amount, created_at, qr_code, pickup_confirmed_at, pickup_confirmed_by, eta_minutes, actual_completion_minutes, fraud_flag, stationery_job_id, booking_type) VALUES (300, 6, 1, 66, 'picked', 12000, NOW() - INTERVAL '60 days 8 hours', 'qr_order_300', NOW() - INTERVAL '60 days 8 hours' + INTERVAL '12 minutes', 66, 10, 12, false, NULL, 'food') ON CONFLICT DO NOTHING;
INSERT INTO order_items (id, order_id, menu_item_id, quantity, price_at_time) VALUES (602, 300, 18, 1, 12000) ON CONFLICT DO NOTHING;
INSERT INTO orders (id, user_id, slot_id, vendor_id, status, total_amount, created_at, qr_code, pickup_confirmed_at, pickup_confirmed_by, eta_minutes, actual_completion_minutes, fraud_flag, stationery_job_id, booking_type) VALUES (301, 20, 32, 67, 'ready', 37000, NOW() - INTERVAL '13 days 2 hours', 'qr_order_301', NULL, NULL, 10, NULL, false, NULL, 'food') ON CONFLICT DO NOTHING;
INSERT INTO order_items (id, order_id, menu_item_id, quantity, price_at_time) VALUES (603, 301, 57, 2, 2500) ON CONFLICT DO NOTHING;
INSERT INTO order_items (id, order_id, menu_item_id, quantity, price_at_time) VALUES (604, 301, 49, 1, 23000) ON CONFLICT DO NOTHING;
INSERT INTO order_items (id, order_id, menu_item_id, quantity, price_at_time) VALUES (605, 301, 59, 2, 4500) ON CONFLICT DO NOTHING;
INSERT INTO orders (id, user_id, slot_id, vendor_id, status, total_amount, created_at, qr_code, pickup_confirmed_at, pickup_confirmed_by, eta_minutes, actual_completion_minutes, fraud_flag, stationery_job_id, booking_type) VALUES (302, 61, 63, 68, 'picked', 33000, NOW() - INTERVAL '31 days 15 hours', 'qr_order_302', NOW() - INTERVAL '31 days 15 hours' + INTERVAL '12 minutes', 68, 10, 12, false, NULL, 'food') ON CONFLICT DO NOTHING;
INSERT INTO order_items (id, order_id, menu_item_id, quantity, price_at_time) VALUES (606, 302, 74, 2, 12000) ON CONFLICT DO NOTHING;
INSERT INTO order_items (id, order_id, menu_item_id, quantity, price_at_time) VALUES (607, 302, 71, 1, 9000) ON CONFLICT DO NOTHING;
INSERT INTO orders (id, user_id, slot_id, vendor_id, status, total_amount, created_at, qr_code, pickup_confirmed_at, pickup_confirmed_by, eta_minutes, actual_completion_minutes, fraud_flag, stationery_job_id, booking_type) VALUES (303, 16, 94, 69, 'placed', 10000, NOW() - INTERVAL '58 days 5 hours', 'qr_order_303', NULL, NULL, 10, NULL, false, NULL, 'food') ON CONFLICT DO NOTHING;
INSERT INTO order_items (id, order_id, menu_item_id, quantity, price_at_time) VALUES (608, 303, 115, 1, 10000) ON CONFLICT DO NOTHING;
INSERT INTO orders (id, user_id, slot_id, vendor_id, status, total_amount, created_at, qr_code, pickup_confirmed_at, pickup_confirmed_by, eta_minutes, actual_completion_minutes, fraud_flag, stationery_job_id, booking_type) VALUES (304, 17, 125, 70, 'picked', 27000, NOW() - INTERVAL '11 days 21 hours', 'qr_order_304', NOW() - INTERVAL '11 days 21 hours' + INTERVAL '12 minutes', 70, 10, 12, false, NULL, 'food') ON CONFLICT DO NOTHING;
INSERT INTO order_items (id, order_id, menu_item_id, quantity, price_at_time) VALUES (609, 304, 147, 1, 3000) ON CONFLICT DO NOTHING;
INSERT INTO order_items (id, order_id, menu_item_id, quantity, price_at_time) VALUES (610, 304, 151, 2, 12000) ON CONFLICT DO NOTHING;
INSERT INTO orders (id, user_id, slot_id, vendor_id, status, total_amount, created_at, qr_code, pickup_confirmed_at, pickup_confirmed_by, eta_minutes, actual_completion_minutes, fraud_flag, stationery_job_id, booking_type) VALUES (305, 9, 156, 71, 'picked', 51500, NOW() - INTERVAL '72 days 12 hours', 'qr_order_305', NOW() - INTERVAL '72 days 12 hours' + INTERVAL '12 minutes', 71, 10, 12, false, NULL, 'food') ON CONFLICT DO NOTHING;
INSERT INTO order_items (id, order_id, menu_item_id, quantity, price_at_time) VALUES (611, 305, 188, 2, 14500) ON CONFLICT DO NOTHING;
INSERT INTO order_items (id, order_id, menu_item_id, quantity, price_at_time) VALUES (612, 305, 197, 1, 11000) ON CONFLICT DO NOTHING;
INSERT INTO order_items (id, order_id, menu_item_id, quantity, price_at_time) VALUES (613, 305, 194, 1, 11500) ON CONFLICT DO NOTHING;
INSERT INTO orders (id, user_id, slot_id, vendor_id, status, total_amount, created_at, qr_code, pickup_confirmed_at, pickup_confirmed_by, eta_minutes, actual_completion_minutes, fraud_flag, stationery_job_id, booking_type) VALUES (306, 54, 7, 66, 'picked', 32000, NOW() - INTERVAL '73 days 18 hours', 'qr_order_306', NOW() - INTERVAL '73 days 18 hours' + INTERVAL '12 minutes', 66, 10, 12, false, NULL, 'food') ON CONFLICT DO NOTHING;
INSERT INTO order_items (id, order_id, menu_item_id, quantity, price_at_time) VALUES (614, 306, 7, 1, 3000) ON CONFLICT DO NOTHING;
INSERT INTO order_items (id, order_id, menu_item_id, quantity, price_at_time) VALUES (615, 306, 7, 2, 3000) ON CONFLICT DO NOTHING;
INSERT INTO order_items (id, order_id, menu_item_id, quantity, price_at_time) VALUES (616, 306, 23, 2, 11500) ON CONFLICT DO NOTHING;
INSERT INTO orders (id, user_id, slot_id, vendor_id, status, total_amount, created_at, qr_code, pickup_confirmed_at, pickup_confirmed_by, eta_minutes, actual_completion_minutes, fraud_flag, stationery_job_id, booking_type) VALUES (307, 34, 38, 67, 'picked', 54000, NOW() - INTERVAL '63 days 18 hours', 'qr_order_307', NOW() - INTERVAL '63 days 18 hours' + INTERVAL '12 minutes', 67, 10, 12, false, NULL, 'food') ON CONFLICT DO NOTHING;
INSERT INTO order_items (id, order_id, menu_item_id, quantity, price_at_time) VALUES (617, 307, 65, 1, 14000) ON CONFLICT DO NOTHING;
INSERT INTO order_items (id, order_id, menu_item_id, quantity, price_at_time) VALUES (618, 307, 46, 2, 16000) ON CONFLICT DO NOTHING;
INSERT INTO order_items (id, order_id, menu_item_id, quantity, price_at_time) VALUES (619, 307, 60, 1, 8000) ON CONFLICT DO NOTHING;
INSERT INTO orders (id, user_id, slot_id, vendor_id, status, total_amount, created_at, qr_code, pickup_confirmed_at, pickup_confirmed_by, eta_minutes, actual_completion_minutes, fraud_flag, stationery_job_id, booking_type) VALUES (308, 52, 69, 68, 'picked', 5000, NOW() - INTERVAL '43 days 22 hours', 'qr_order_308', NOW() - INTERVAL '43 days 22 hours' + INTERVAL '12 minutes', 68, 10, 12, false, NULL, 'food') ON CONFLICT DO NOTHING;
INSERT INTO order_items (id, order_id, menu_item_id, quantity, price_at_time) VALUES (620, 308, 72, 2, 2500) ON CONFLICT DO NOTHING;
INSERT INTO orders (id, user_id, slot_id, vendor_id, status, total_amount, created_at, qr_code, pickup_confirmed_at, pickup_confirmed_by, eta_minutes, actual_completion_minutes, fraud_flag, stationery_job_id, booking_type) VALUES (309, 35, 100, 69, 'confirmed', 27500, NOW() - INTERVAL '3 days 10 hours', 'qr_order_309', NULL, NULL, 10, NULL, false, NULL, 'food') ON CONFLICT DO NOTHING;
INSERT INTO order_items (id, order_id, menu_item_id, quantity, price_at_time) VALUES (621, 309, 121, 2, 8000) ON CONFLICT DO NOTHING;
INSERT INTO order_items (id, order_id, menu_item_id, quantity, price_at_time) VALUES (622, 309, 133, 1, 11500) ON CONFLICT DO NOTHING;
INSERT INTO orders (id, user_id, slot_id, vendor_id, status, total_amount, created_at, qr_code, pickup_confirmed_at, pickup_confirmed_by, eta_minutes, actual_completion_minutes, fraud_flag, stationery_job_id, booking_type) VALUES (310, 30, 131, 70, 'picked', 10500, NOW() - INTERVAL '57 days 10 hours', 'qr_order_310', NOW() - INTERVAL '57 days 10 hours' + INTERVAL '12 minutes', 70, 10, 12, false, NULL, 'food') ON CONFLICT DO NOTHING;
INSERT INTO order_items (id, order_id, menu_item_id, quantity, price_at_time) VALUES (623, 310, 161, 1, 4500) ON CONFLICT DO NOTHING;
INSERT INTO order_items (id, order_id, menu_item_id, quantity, price_at_time) VALUES (624, 310, 147, 2, 3000) ON CONFLICT DO NOTHING;
INSERT INTO orders (id, user_id, slot_id, vendor_id, status, total_amount, created_at, qr_code, pickup_confirmed_at, pickup_confirmed_by, eta_minutes, actual_completion_minutes, fraud_flag, stationery_job_id, booking_type) VALUES (311, 28, 162, 71, 'placed', 23500, NOW() - INTERVAL '53 days 23 hours', 'qr_order_311', NULL, NULL, 10, NULL, false, NULL, 'food') ON CONFLICT DO NOTHING;
INSERT INTO order_items (id, order_id, menu_item_id, quantity, price_at_time) VALUES (625, 311, 191, 1, 11000) ON CONFLICT DO NOTHING;
INSERT INTO order_items (id, order_id, menu_item_id, quantity, price_at_time) VALUES (626, 311, 200, 1, 12500) ON CONFLICT DO NOTHING;
INSERT INTO orders (id, user_id, slot_id, vendor_id, status, total_amount, created_at, qr_code, pickup_confirmed_at, pickup_confirmed_by, eta_minutes, actual_completion_minutes, fraud_flag, stationery_job_id, booking_type) VALUES (312, 9, 13, 66, 'picked', 1500, NOW() - INTERVAL '65 days 12 hours', 'qr_order_312', NOW() - INTERVAL '65 days 12 hours' + INTERVAL '12 minutes', 66, 10, 12, false, NULL, 'food') ON CONFLICT DO NOTHING;
INSERT INTO order_items (id, order_id, menu_item_id, quantity, price_at_time) VALUES (627, 312, 34, 1, 1500) ON CONFLICT DO NOTHING;
INSERT INTO orders (id, user_id, slot_id, vendor_id, status, total_amount, created_at, qr_code, pickup_confirmed_at, pickup_confirmed_by, eta_minutes, actual_completion_minutes, fraud_flag, stationery_job_id, booking_type) VALUES (313, 23, 44, 67, 'picked', 52000, NOW() - INTERVAL '26 days 1 hours', 'qr_order_313', NOW() - INTERVAL '26 days 1 hours' + INTERVAL '12 minutes', 67, 10, 12, false, NULL, 'food') ON CONFLICT DO NOTHING;
INSERT INTO order_items (id, order_id, menu_item_id, quantity, price_at_time) VALUES (628, 313, 37, 2, 26000) ON CONFLICT DO NOTHING;
INSERT INTO orders (id, user_id, slot_id, vendor_id, status, total_amount, created_at, qr_code, pickup_confirmed_at, pickup_confirmed_by, eta_minutes, actual_completion_minutes, fraud_flag, stationery_job_id, booking_type) VALUES (314, 7, 75, 68, 'placed', 20500, NOW() - INTERVAL '26 days 8 hours', 'qr_order_314', NULL, NULL, 10, NULL, false, NULL, 'food') ON CONFLICT DO NOTHING;
INSERT INTO order_items (id, order_id, menu_item_id, quantity, price_at_time) VALUES (629, 314, 98, 2, 8000) ON CONFLICT DO NOTHING;
INSERT INTO order_items (id, order_id, menu_item_id, quantity, price_at_time) VALUES (630, 314, 76, 1, 4500) ON CONFLICT DO NOTHING;
INSERT INTO orders (id, user_id, slot_id, vendor_id, status, total_amount, created_at, qr_code, pickup_confirmed_at, pickup_confirmed_by, eta_minutes, actual_completion_minutes, fraud_flag, stationery_job_id, booking_type) VALUES (315, 31, 106, 69, 'picked', 20000, NOW() - INTERVAL '77 days 14 hours', 'qr_order_315', NOW() - INTERVAL '77 days 14 hours' + INTERVAL '12 minutes', 69, 10, 12, false, NULL, 'food') ON CONFLICT DO NOTHING;
INSERT INTO order_items (id, order_id, menu_item_id, quantity, price_at_time) VALUES (631, 315, 132, 2, 10000) ON CONFLICT DO NOTHING;
INSERT INTO orders (id, user_id, slot_id, vendor_id, status, total_amount, created_at, qr_code, pickup_confirmed_at, pickup_confirmed_by, eta_minutes, actual_completion_minutes, fraud_flag, stationery_job_id, booking_type) VALUES (316, 45, 137, 70, 'picked', 68000, NOW() - INTERVAL '34 days 23 hours', 'qr_order_316', NOW() - INTERVAL '34 days 23 hours' + INTERVAL '12 minutes', 70, 10, 12, false, NULL, 'food') ON CONFLICT DO NOTHING;
INSERT INTO order_items (id, order_id, menu_item_id, quantity, price_at_time) VALUES (632, 316, 140, 2, 17000) ON CONFLICT DO NOTHING;
INSERT INTO order_items (id, order_id, menu_item_id, quantity, price_at_time) VALUES (633, 316, 136, 2, 12000) ON CONFLICT DO NOTHING;
INSERT INTO order_items (id, order_id, menu_item_id, quantity, price_at_time) VALUES (634, 316, 138, 1, 10000) ON CONFLICT DO NOTHING;
INSERT INTO orders (id, user_id, slot_id, vendor_id, status, total_amount, created_at, qr_code, pickup_confirmed_at, pickup_confirmed_by, eta_minutes, actual_completion_minutes, fraud_flag, stationery_job_id, booking_type) VALUES (317, 28, 168, 71, 'confirmed', 49500, NOW() - INTERVAL '83 days 7 hours', 'qr_order_317', NULL, NULL, 10, NULL, false, NULL, 'food') ON CONFLICT DO NOTHING;
INSERT INTO order_items (id, order_id, menu_item_id, quantity, price_at_time) VALUES (635, 317, 181, 2, 12000) ON CONFLICT DO NOTHING;
INSERT INTO order_items (id, order_id, menu_item_id, quantity, price_at_time) VALUES (636, 317, 194, 1, 11500) ON CONFLICT DO NOTHING;
INSERT INTO order_items (id, order_id, menu_item_id, quantity, price_at_time) VALUES (637, 317, 168, 2, 7000) ON CONFLICT DO NOTHING;
INSERT INTO orders (id, user_id, slot_id, vendor_id, status, total_amount, created_at, qr_code, pickup_confirmed_at, pickup_confirmed_by, eta_minutes, actual_completion_minutes, fraud_flag, stationery_job_id, booking_type) VALUES (318, 17, 19, 66, 'picked', 20000, NOW() - INTERVAL '77 days 0 hours', 'qr_order_318', NOW() - INTERVAL '77 days 0 hours' + INTERVAL '12 minutes', 66, 10, 12, false, NULL, 'food') ON CONFLICT DO NOTHING;
INSERT INTO order_items (id, order_id, menu_item_id, quantity, price_at_time) VALUES (638, 318, 17, 2, 10000) ON CONFLICT DO NOTHING;
INSERT INTO orders (id, user_id, slot_id, vendor_id, status, total_amount, created_at, qr_code, pickup_confirmed_at, pickup_confirmed_by, eta_minutes, actual_completion_minutes, fraud_flag, stationery_job_id, booking_type) VALUES (319, 36, 50, 67, 'picked', 41000, NOW() - INTERVAL '49 days 11 hours', 'qr_order_319', NOW() - INTERVAL '49 days 11 hours' + INTERVAL '12 minutes', 67, 10, 12, false, NULL, 'food') ON CONFLICT DO NOTHING;
INSERT INTO order_items (id, order_id, menu_item_id, quantity, price_at_time) VALUES (639, 319, 51, 1, 21000) ON CONFLICT DO NOTHING;
INSERT INTO order_items (id, order_id, menu_item_id, quantity, price_at_time) VALUES (640, 319, 64, 2, 10000) ON CONFLICT DO NOTHING;
INSERT INTO orders (id, user_id, slot_id, vendor_id, status, total_amount, created_at, qr_code, pickup_confirmed_at, pickup_confirmed_by, eta_minutes, actual_completion_minutes, fraud_flag, stationery_job_id, booking_type) VALUES (320, 51, 81, 68, 'picked', 37000, NOW() - INTERVAL '1 days 16 hours', 'qr_order_320', NOW() - INTERVAL '1 days 16 hours' + INTERVAL '12 minutes', 68, 10, 12, false, NULL, 'food') ON CONFLICT DO NOTHING;
INSERT INTO order_items (id, order_id, menu_item_id, quantity, price_at_time) VALUES (641, 320, 92, 2, 10500) ON CONFLICT DO NOTHING;
INSERT INTO order_items (id, order_id, menu_item_id, quantity, price_at_time) VALUES (642, 320, 88, 1, 5000) ON CONFLICT DO NOTHING;
INSERT INTO order_items (id, order_id, menu_item_id, quantity, price_at_time) VALUES (643, 320, 99, 1, 11000) ON CONFLICT DO NOTHING;
INSERT INTO orders (id, user_id, slot_id, vendor_id, status, total_amount, created_at, qr_code, pickup_confirmed_at, pickup_confirmed_by, eta_minutes, actual_completion_minutes, fraud_flag, stationery_job_id, booking_type) VALUES (321, 44, 112, 69, 'cancelled', 22500, NOW() - INTERVAL '82 days 10 hours', 'qr_order_321', NULL, NULL, 10, NULL, false, NULL, 'food') ON CONFLICT DO NOTHING;
INSERT INTO order_items (id, order_id, menu_item_id, quantity, price_at_time) VALUES (644, 321, 118, 2, 5500) ON CONFLICT DO NOTHING;
INSERT INTO order_items (id, order_id, menu_item_id, quantity, price_at_time) VALUES (645, 321, 114, 1, 11500) ON CONFLICT DO NOTHING;
INSERT INTO orders (id, user_id, slot_id, vendor_id, status, total_amount, created_at, qr_code, pickup_confirmed_at, pickup_confirmed_by, eta_minutes, actual_completion_minutes, fraud_flag, stationery_job_id, booking_type) VALUES (322, 31, 143, 70, 'confirmed', 59500, NOW() - INTERVAL '77 days 12 hours', 'qr_order_322', NULL, NULL, 10, NULL, false, NULL, 'food') ON CONFLICT DO NOTHING;
INSERT INTO order_items (id, order_id, menu_item_id, quantity, price_at_time) VALUES (646, 322, 155, 1, 7500) ON CONFLICT DO NOTHING;
INSERT INTO order_items (id, order_id, menu_item_id, quantity, price_at_time) VALUES (647, 322, 136, 2, 12000) ON CONFLICT DO NOTHING;
INSERT INTO order_items (id, order_id, menu_item_id, quantity, price_at_time) VALUES (648, 322, 153, 2, 14000) ON CONFLICT DO NOTHING;
INSERT INTO orders (id, user_id, slot_id, vendor_id, status, total_amount, created_at, qr_code, pickup_confirmed_at, pickup_confirmed_by, eta_minutes, actual_completion_minutes, fraud_flag, stationery_job_id, booking_type) VALUES (323, 54, 174, 71, 'picked', 73000, NOW() - INTERVAL '5 days 18 hours', 'qr_order_323', NOW() - INTERVAL '5 days 18 hours' + INTERVAL '12 minutes', 71, 10, 12, false, NULL, 'food') ON CONFLICT DO NOTHING;
INSERT INTO order_items (id, order_id, menu_item_id, quantity, price_at_time) VALUES (649, 323, 180, 2, 13000) ON CONFLICT DO NOTHING;
INSERT INTO order_items (id, order_id, menu_item_id, quantity, price_at_time) VALUES (650, 323, 182, 2, 14000) ON CONFLICT DO NOTHING;
INSERT INTO order_items (id, order_id, menu_item_id, quantity, price_at_time) VALUES (651, 323, 190, 2, 9500) ON CONFLICT DO NOTHING;
INSERT INTO orders (id, user_id, slot_id, vendor_id, status, total_amount, created_at, qr_code, pickup_confirmed_at, pickup_confirmed_by, eta_minutes, actual_completion_minutes, fraud_flag, stationery_job_id, booking_type) VALUES (324, 22, 25, 66, 'preparing', 22000, NOW() - INTERVAL '72 days 5 hours', 'qr_order_324', NULL, NULL, 10, NULL, false, NULL, 'food') ON CONFLICT DO NOTHING;
INSERT INTO order_items (id, order_id, menu_item_id, quantity, price_at_time) VALUES (652, 324, 7, 2, 3000) ON CONFLICT DO NOTHING;
INSERT INTO order_items (id, order_id, menu_item_id, quantity, price_at_time) VALUES (653, 324, 9, 2, 8000) ON CONFLICT DO NOTHING;
INSERT INTO orders (id, user_id, slot_id, vendor_id, status, total_amount, created_at, qr_code, pickup_confirmed_at, pickup_confirmed_by, eta_minutes, actual_completion_minutes, fraud_flag, stationery_job_id, booking_type) VALUES (325, 24, 56, 67, 'placed', 46000, NOW() - INTERVAL '43 days 20 hours', 'qr_order_325', NULL, NULL, 10, NULL, false, NULL, 'food') ON CONFLICT DO NOTHING;
INSERT INTO order_items (id, order_id, menu_item_id, quantity, price_at_time) VALUES (654, 325, 49, 2, 23000) ON CONFLICT DO NOTHING;
INSERT INTO orders (id, user_id, slot_id, vendor_id, status, total_amount, created_at, qr_code, pickup_confirmed_at, pickup_confirmed_by, eta_minutes, actual_completion_minutes, fraud_flag, stationery_job_id, booking_type) VALUES (326, 29, 87, 68, 'ready', 35000, NOW() - INTERVAL '40 days 13 hours', 'qr_order_326', NULL, NULL, 10, NULL, false, NULL, 'food') ON CONFLICT DO NOTHING;
INSERT INTO order_items (id, order_id, menu_item_id, quantity, price_at_time) VALUES (655, 326, 92, 2, 10500) ON CONFLICT DO NOTHING;
INSERT INTO order_items (id, order_id, menu_item_id, quantity, price_at_time) VALUES (656, 326, 87, 2, 7000) ON CONFLICT DO NOTHING;
INSERT INTO orders (id, user_id, slot_id, vendor_id, status, total_amount, created_at, qr_code, pickup_confirmed_at, pickup_confirmed_by, eta_minutes, actual_completion_minutes, fraud_flag, stationery_job_id, booking_type) VALUES (327, 16, 118, 69, 'picked', 40500, NOW() - INTERVAL '82 days 18 hours', 'qr_order_327', NOW() - INTERVAL '82 days 18 hours' + INTERVAL '12 minutes', 69, 10, 12, false, NULL, 'food') ON CONFLICT DO NOTHING;
INSERT INTO order_items (id, order_id, menu_item_id, quantity, price_at_time) VALUES (657, 327, 106, 2, 7500) ON CONFLICT DO NOTHING;
INSERT INTO order_items (id, order_id, menu_item_id, quantity, price_at_time) VALUES (658, 327, 114, 1, 11500) ON CONFLICT DO NOTHING;
INSERT INTO order_items (id, order_id, menu_item_id, quantity, price_at_time) VALUES (659, 327, 126, 2, 7000) ON CONFLICT DO NOTHING;
INSERT INTO orders (id, user_id, slot_id, vendor_id, status, total_amount, created_at, qr_code, pickup_confirmed_at, pickup_confirmed_by, eta_minutes, actual_completion_minutes, fraud_flag, stationery_job_id, booking_type) VALUES (328, 53, 149, 70, 'picked', 16000, NOW() - INTERVAL '20 days 4 hours', 'qr_order_328', NOW() - INTERVAL '20 days 4 hours' + INTERVAL '12 minutes', 70, 10, 12, false, NULL, 'food') ON CONFLICT DO NOTHING;
INSERT INTO order_items (id, order_id, menu_item_id, quantity, price_at_time) VALUES (660, 328, 156, 2, 8000) ON CONFLICT DO NOTHING;
INSERT INTO orders (id, user_id, slot_id, vendor_id, status, total_amount, created_at, qr_code, pickup_confirmed_at, pickup_confirmed_by, eta_minutes, actual_completion_minutes, fraud_flag, stationery_job_id, booking_type) VALUES (329, 59, 180, 71, 'picked', 22000, NOW() - INTERVAL '24 days 2 hours', 'qr_order_329', NOW() - INTERVAL '24 days 2 hours' + INTERVAL '12 minutes', 71, 10, 12, false, NULL, 'food') ON CONFLICT DO NOTHING;
INSERT INTO order_items (id, order_id, menu_item_id, quantity, price_at_time) VALUES (661, 329, 189, 1, 7500) ON CONFLICT DO NOTHING;
INSERT INTO order_items (id, order_id, menu_item_id, quantity, price_at_time) VALUES (662, 329, 188, 1, 14500) ON CONFLICT DO NOTHING;
INSERT INTO orders (id, user_id, slot_id, vendor_id, status, total_amount, created_at, qr_code, pickup_confirmed_at, pickup_confirmed_by, eta_minutes, actual_completion_minutes, fraud_flag, stationery_job_id, booking_type) VALUES (330, 1, 1, 66, 'picked', 50000, NOW() - INTERVAL '27 days 5 hours', 'qr_order_330', NOW() - INTERVAL '27 days 5 hours' + INTERVAL '12 minutes', 66, 10, 12, false, NULL, 'food') ON CONFLICT DO NOTHING;
INSERT INTO order_items (id, order_id, menu_item_id, quantity, price_at_time) VALUES (663, 330, 11, 2, 6000) ON CONFLICT DO NOTHING;
INSERT INTO order_items (id, order_id, menu_item_id, quantity, price_at_time) VALUES (664, 330, 6, 1, 9000) ON CONFLICT DO NOTHING;
INSERT INTO order_items (id, order_id, menu_item_id, quantity, price_at_time) VALUES (665, 330, 28, 2, 14500) ON CONFLICT DO NOTHING;
INSERT INTO orders (id, user_id, slot_id, vendor_id, status, total_amount, created_at, qr_code, pickup_confirmed_at, pickup_confirmed_by, eta_minutes, actual_completion_minutes, fraud_flag, stationery_job_id, booking_type) VALUES (331, 52, 32, 67, 'picked', 26000, NOW() - INTERVAL '62 days 12 hours', 'qr_order_331', NOW() - INTERVAL '62 days 12 hours' + INTERVAL '12 minutes', 67, 10, 12, false, NULL, 'food') ON CONFLICT DO NOTHING;
INSERT INTO order_items (id, order_id, menu_item_id, quantity, price_at_time) VALUES (666, 331, 37, 1, 26000) ON CONFLICT DO NOTHING;
INSERT INTO orders (id, user_id, slot_id, vendor_id, status, total_amount, created_at, qr_code, pickup_confirmed_at, pickup_confirmed_by, eta_minutes, actual_completion_minutes, fraud_flag, stationery_job_id, booking_type) VALUES (332, 48, 63, 68, 'cancelled', 4500, NOW() - INTERVAL '42 days 16 hours', 'qr_order_332', NULL, NULL, 10, NULL, false, NULL, 'food') ON CONFLICT DO NOTHING;
INSERT INTO order_items (id, order_id, menu_item_id, quantity, price_at_time) VALUES (667, 332, 70, 1, 4500) ON CONFLICT DO NOTHING;
INSERT INTO orders (id, user_id, slot_id, vendor_id, status, total_amount, created_at, qr_code, pickup_confirmed_at, pickup_confirmed_by, eta_minutes, actual_completion_minutes, fraud_flag, stationery_job_id, booking_type) VALUES (333, 32, 94, 69, 'picked', 24000, NOW() - INTERVAL '45 days 9 hours', 'qr_order_333', NOW() - INTERVAL '45 days 9 hours' + INTERVAL '12 minutes', 69, 10, 12, false, NULL, 'food') ON CONFLICT DO NOTHING;
INSERT INTO order_items (id, order_id, menu_item_id, quantity, price_at_time) VALUES (668, 333, 108, 2, 12000) ON CONFLICT DO NOTHING;
INSERT INTO orders (id, user_id, slot_id, vendor_id, status, total_amount, created_at, qr_code, pickup_confirmed_at, pickup_confirmed_by, eta_minutes, actual_completion_minutes, fraud_flag, stationery_job_id, booking_type) VALUES (334, 65, 125, 70, 'picked', 13000, NOW() - INTERVAL '22 days 2 hours', 'qr_order_334', NOW() - INTERVAL '22 days 2 hours' + INTERVAL '12 minutes', 70, 10, 12, false, NULL, 'food') ON CONFLICT DO NOTHING;
INSERT INTO order_items (id, order_id, menu_item_id, quantity, price_at_time) VALUES (669, 334, 154, 2, 6500) ON CONFLICT DO NOTHING;
INSERT INTO orders (id, user_id, slot_id, vendor_id, status, total_amount, created_at, qr_code, pickup_confirmed_at, pickup_confirmed_by, eta_minutes, actual_completion_minutes, fraud_flag, stationery_job_id, booking_type) VALUES (335, 59, 156, 71, 'ready', 28500, NOW() - INTERVAL '77 days 16 hours', 'qr_order_335', NULL, NULL, 10, NULL, false, NULL, 'food') ON CONFLICT DO NOTHING;
INSERT INTO order_items (id, order_id, menu_item_id, quantity, price_at_time) VALUES (670, 335, 195, 1, 13500) ON CONFLICT DO NOTHING;
INSERT INTO order_items (id, order_id, menu_item_id, quantity, price_at_time) VALUES (671, 335, 189, 2, 7500) ON CONFLICT DO NOTHING;
INSERT INTO orders (id, user_id, slot_id, vendor_id, status, total_amount, created_at, qr_code, pickup_confirmed_at, pickup_confirmed_by, eta_minutes, actual_completion_minutes, fraud_flag, stationery_job_id, booking_type) VALUES (336, 46, 7, 66, 'ready', 16000, NOW() - INTERVAL '22 days 12 hours', 'qr_order_336', NULL, NULL, 10, NULL, false, NULL, 'food') ON CONFLICT DO NOTHING;
INSERT INTO order_items (id, order_id, menu_item_id, quantity, price_at_time) VALUES (672, 336, 15, 1, 16000) ON CONFLICT DO NOTHING;
INSERT INTO orders (id, user_id, slot_id, vendor_id, status, total_amount, created_at, qr_code, pickup_confirmed_at, pickup_confirmed_by, eta_minutes, actual_completion_minutes, fraud_flag, stationery_job_id, booking_type) VALUES (337, 17, 38, 67, 'picked', 30000, NOW() - INTERVAL '3 days 18 hours', 'qr_order_337', NOW() - INTERVAL '3 days 18 hours' + INTERVAL '12 minutes', 67, 10, 12, false, NULL, 'food') ON CONFLICT DO NOTHING;
INSERT INTO order_items (id, order_id, menu_item_id, quantity, price_at_time) VALUES (673, 337, 45, 1, 18000) ON CONFLICT DO NOTHING;
INSERT INTO order_items (id, order_id, menu_item_id, quantity, price_at_time) VALUES (674, 337, 58, 1, 3000) ON CONFLICT DO NOTHING;
INSERT INTO order_items (id, order_id, menu_item_id, quantity, price_at_time) VALUES (675, 337, 59, 2, 4500) ON CONFLICT DO NOTHING;
INSERT INTO orders (id, user_id, slot_id, vendor_id, status, total_amount, created_at, qr_code, pickup_confirmed_at, pickup_confirmed_by, eta_minutes, actual_completion_minutes, fraud_flag, stationery_job_id, booking_type) VALUES (338, 7, 69, 68, 'picked', 4500, NOW() - INTERVAL '7 days 21 hours', 'qr_order_338', NOW() - INTERVAL '7 days 21 hours' + INTERVAL '12 minutes', 68, 10, 12, false, NULL, 'food') ON CONFLICT DO NOTHING;
INSERT INTO order_items (id, order_id, menu_item_id, quantity, price_at_time) VALUES (676, 338, 70, 1, 4500) ON CONFLICT DO NOTHING;
INSERT INTO orders (id, user_id, slot_id, vendor_id, status, total_amount, created_at, qr_code, pickup_confirmed_at, pickup_confirmed_by, eta_minutes, actual_completion_minutes, fraud_flag, stationery_job_id, booking_type) VALUES (339, 15, 100, 69, 'picked', 31000, NOW() - INTERVAL '49 days 3 hours', 'qr_order_339', NOW() - INTERVAL '49 days 3 hours' + INTERVAL '12 minutes', 69, 10, 12, false, NULL, 'food') ON CONFLICT DO NOTHING;
INSERT INTO order_items (id, order_id, menu_item_id, quantity, price_at_time) VALUES (677, 339, 118, 2, 5500) ON CONFLICT DO NOTHING;
INSERT INTO order_items (id, order_id, menu_item_id, quantity, price_at_time) VALUES (678, 339, 111, 1, 10000) ON CONFLICT DO NOTHING;
INSERT INTO order_items (id, order_id, menu_item_id, quantity, price_at_time) VALUES (679, 339, 102, 2, 5000) ON CONFLICT DO NOTHING;
INSERT INTO orders (id, user_id, slot_id, vendor_id, status, total_amount, created_at, qr_code, pickup_confirmed_at, pickup_confirmed_by, eta_minutes, actual_completion_minutes, fraud_flag, stationery_job_id, booking_type) VALUES (340, 54, 131, 70, 'picked', 17000, NOW() - INTERVAL '85 days 16 hours', 'qr_order_340', NOW() - INTERVAL '85 days 16 hours' + INTERVAL '12 minutes', 70, 10, 12, false, NULL, 'food') ON CONFLICT DO NOTHING;
INSERT INTO order_items (id, order_id, menu_item_id, quantity, price_at_time) VALUES (680, 340, 143, 2, 6000) ON CONFLICT DO NOTHING;
INSERT INTO order_items (id, order_id, menu_item_id, quantity, price_at_time) VALUES (681, 340, 141, 1, 5000) ON CONFLICT DO NOTHING;
INSERT INTO orders (id, user_id, slot_id, vendor_id, status, total_amount, created_at, qr_code, pickup_confirmed_at, pickup_confirmed_by, eta_minutes, actual_completion_minutes, fraud_flag, stationery_job_id, booking_type) VALUES (341, 37, 162, 71, 'picked', 26000, NOW() - INTERVAL '14 days 15 hours', 'qr_order_341', NOW() - INTERVAL '14 days 15 hours' + INTERVAL '12 minutes', 71, 10, 12, false, NULL, 'food') ON CONFLICT DO NOTHING;
INSERT INTO order_items (id, order_id, menu_item_id, quantity, price_at_time) VALUES (682, 341, 180, 2, 13000) ON CONFLICT DO NOTHING;
INSERT INTO orders (id, user_id, slot_id, vendor_id, status, total_amount, created_at, qr_code, pickup_confirmed_at, pickup_confirmed_by, eta_minutes, actual_completion_minutes, fraud_flag, stationery_job_id, booking_type) VALUES (342, 26, 13, 66, 'picked', 30000, NOW() - INTERVAL '53 days 9 hours', 'qr_order_342', NOW() - INTERVAL '53 days 9 hours' + INTERVAL '12 minutes', 66, 10, 12, false, NULL, 'food') ON CONFLICT DO NOTHING;
INSERT INTO order_items (id, order_id, menu_item_id, quantity, price_at_time) VALUES (683, 342, 3, 2, 15000) ON CONFLICT DO NOTHING;
INSERT INTO orders (id, user_id, slot_id, vendor_id, status, total_amount, created_at, qr_code, pickup_confirmed_at, pickup_confirmed_by, eta_minutes, actual_completion_minutes, fraud_flag, stationery_job_id, booking_type) VALUES (343, 27, 44, 67, 'picked', 18000, NOW() - INTERVAL '62 days 10 hours', 'qr_order_343', NOW() - INTERVAL '62 days 10 hours' + INTERVAL '12 minutes', 67, 10, 12, false, NULL, 'food') ON CONFLICT DO NOTHING;
INSERT INTO order_items (id, order_id, menu_item_id, quantity, price_at_time) VALUES (684, 343, 35, 1, 18000) ON CONFLICT DO NOTHING;
INSERT INTO orders (id, user_id, slot_id, vendor_id, status, total_amount, created_at, qr_code, pickup_confirmed_at, pickup_confirmed_by, eta_minutes, actual_completion_minutes, fraud_flag, stationery_job_id, booking_type) VALUES (344, 12, 75, 68, 'placed', 11000, NOW() - INTERVAL '74 days 21 hours', 'qr_order_344', NULL, NULL, 10, NULL, false, NULL, 'food') ON CONFLICT DO NOTHING;
INSERT INTO order_items (id, order_id, menu_item_id, quantity, price_at_time) VALUES (685, 344, 78, 1, 6000) ON CONFLICT DO NOTHING;
INSERT INTO order_items (id, order_id, menu_item_id, quantity, price_at_time) VALUES (686, 344, 101, 1, 5000) ON CONFLICT DO NOTHING;
INSERT INTO orders (id, user_id, slot_id, vendor_id, status, total_amount, created_at, qr_code, pickup_confirmed_at, pickup_confirmed_by, eta_minutes, actual_completion_minutes, fraud_flag, stationery_job_id, booking_type) VALUES (345, 13, 106, 69, 'placed', 22000, NOW() - INTERVAL '83 days 7 hours', 'qr_order_345', NULL, NULL, 10, NULL, false, NULL, 'food') ON CONFLICT DO NOTHING;
INSERT INTO order_items (id, order_id, menu_item_id, quantity, price_at_time) VALUES (687, 345, 120, 2, 7000) ON CONFLICT DO NOTHING;
INSERT INTO order_items (id, order_id, menu_item_id, quantity, price_at_time) VALUES (688, 345, 131, 1, 8000) ON CONFLICT DO NOTHING;
INSERT INTO orders (id, user_id, slot_id, vendor_id, status, total_amount, created_at, qr_code, pickup_confirmed_at, pickup_confirmed_by, eta_minutes, actual_completion_minutes, fraud_flag, stationery_job_id, booking_type) VALUES (346, 13, 137, 70, 'preparing', 21000, NOW() - INTERVAL '6 days 9 hours', 'qr_order_346', NULL, NULL, 10, NULL, false, NULL, 'food') ON CONFLICT DO NOTHING;
INSERT INTO order_items (id, order_id, menu_item_id, quantity, price_at_time) VALUES (689, 346, 155, 2, 7500) ON CONFLICT DO NOTHING;
INSERT INTO order_items (id, order_id, menu_item_id, quantity, price_at_time) VALUES (690, 346, 142, 1, 6000) ON CONFLICT DO NOTHING;
INSERT INTO orders (id, user_id, slot_id, vendor_id, status, total_amount, created_at, qr_code, pickup_confirmed_at, pickup_confirmed_by, eta_minutes, actual_completion_minutes, fraud_flag, stationery_job_id, booking_type) VALUES (347, 6, 168, 71, 'picked', 54500, NOW() - INTERVAL '18 days 21 hours', 'qr_order_347', NOW() - INTERVAL '18 days 21 hours' + INTERVAL '12 minutes', 71, 10, 12, false, NULL, 'food') ON CONFLICT DO NOTHING;
INSERT INTO order_items (id, order_id, menu_item_id, quantity, price_at_time) VALUES (691, 347, 178, 2, 12000) ON CONFLICT DO NOTHING;
INSERT INTO order_items (id, order_id, menu_item_id, quantity, price_at_time) VALUES (692, 347, 190, 2, 9500) ON CONFLICT DO NOTHING;
INSERT INTO order_items (id, order_id, menu_item_id, quantity, price_at_time) VALUES (693, 347, 185, 1, 11500) ON CONFLICT DO NOTHING;
INSERT INTO orders (id, user_id, slot_id, vendor_id, status, total_amount, created_at, qr_code, pickup_confirmed_at, pickup_confirmed_by, eta_minutes, actual_completion_minutes, fraud_flag, stationery_job_id, booking_type) VALUES (348, 48, 19, 66, 'preparing', 40000, NOW() - INTERVAL '24 days 3 hours', 'qr_order_348', NULL, NULL, 10, NULL, false, NULL, 'food') ON CONFLICT DO NOTHING;
INSERT INTO order_items (id, order_id, menu_item_id, quantity, price_at_time) VALUES (694, 348, 26, 2, 8000) ON CONFLICT DO NOTHING;
INSERT INTO order_items (id, order_id, menu_item_id, quantity, price_at_time) VALUES (695, 348, 18, 2, 12000) ON CONFLICT DO NOTHING;
INSERT INTO orders (id, user_id, slot_id, vendor_id, status, total_amount, created_at, qr_code, pickup_confirmed_at, pickup_confirmed_by, eta_minutes, actual_completion_minutes, fraud_flag, stationery_job_id, booking_type) VALUES (349, 62, 50, 67, 'ready', 20000, NOW() - INTERVAL '84 days 5 hours', 'qr_order_349', NULL, NULL, 10, NULL, false, NULL, 'food') ON CONFLICT DO NOTHING;
INSERT INTO order_items (id, order_id, menu_item_id, quantity, price_at_time) VALUES (696, 349, 43, 1, 20000) ON CONFLICT DO NOTHING;
INSERT INTO orders (id, user_id, slot_id, vendor_id, status, total_amount, created_at, qr_code, pickup_confirmed_at, pickup_confirmed_by, eta_minutes, actual_completion_minutes, fraud_flag, stationery_job_id, booking_type) VALUES (350, 21, 81, 68, 'picked', 29500, NOW() - INTERVAL '76 days 15 hours', 'qr_order_350', NOW() - INTERVAL '76 days 15 hours' + INTERVAL '12 minutes', 68, 10, 12, false, NULL, 'food') ON CONFLICT DO NOTHING;
INSERT INTO order_items (id, order_id, menu_item_id, quantity, price_at_time) VALUES (697, 350, 97, 1, 7000) ON CONFLICT DO NOTHING;
INSERT INTO order_items (id, order_id, menu_item_id, quantity, price_at_time) VALUES (698, 350, 93, 2, 9000) ON CONFLICT DO NOTHING;
INSERT INTO order_items (id, order_id, menu_item_id, quantity, price_at_time) VALUES (699, 350, 70, 1, 4500) ON CONFLICT DO NOTHING;
INSERT INTO orders (id, user_id, slot_id, vendor_id, status, total_amount, created_at, qr_code, pickup_confirmed_at, pickup_confirmed_by, eta_minutes, actual_completion_minutes, fraud_flag, stationery_job_id, booking_type) VALUES (351, 62, 112, 69, 'placed', 20000, NOW() - INTERVAL '15 days 13 hours', 'qr_order_351', NULL, NULL, 10, NULL, false, NULL, 'food') ON CONFLICT DO NOTHING;
INSERT INTO order_items (id, order_id, menu_item_id, quantity, price_at_time) VALUES (700, 351, 104, 1, 9000) ON CONFLICT DO NOTHING;
INSERT INTO order_items (id, order_id, menu_item_id, quantity, price_at_time) VALUES (701, 351, 118, 2, 5500) ON CONFLICT DO NOTHING;
INSERT INTO orders (id, user_id, slot_id, vendor_id, status, total_amount, created_at, qr_code, pickup_confirmed_at, pickup_confirmed_by, eta_minutes, actual_completion_minutes, fraud_flag, stationery_job_id, booking_type) VALUES (352, 2, 143, 70, 'ready', 43000, NOW() - INTERVAL '68 days 23 hours', 'qr_order_352', NULL, NULL, 10, NULL, false, NULL, 'food') ON CONFLICT DO NOTHING;
INSERT INTO order_items (id, order_id, menu_item_id, quantity, price_at_time) VALUES (702, 352, 149, 2, 8500) ON CONFLICT DO NOTHING;
INSERT INTO order_items (id, order_id, menu_item_id, quantity, price_at_time) VALUES (703, 352, 141, 2, 5000) ON CONFLICT DO NOTHING;
INSERT INTO order_items (id, order_id, menu_item_id, quantity, price_at_time) VALUES (704, 352, 150, 2, 8000) ON CONFLICT DO NOTHING;
INSERT INTO orders (id, user_id, slot_id, vendor_id, status, total_amount, created_at, qr_code, pickup_confirmed_at, pickup_confirmed_by, eta_minutes, actual_completion_minutes, fraud_flag, stationery_job_id, booking_type) VALUES (353, 45, 174, 71, 'picked', 9500, NOW() - INTERVAL '83 days 12 hours', 'qr_order_353', NOW() - INTERVAL '83 days 12 hours' + INTERVAL '12 minutes', 71, 10, 12, false, NULL, 'food') ON CONFLICT DO NOTHING;
INSERT INTO order_items (id, order_id, menu_item_id, quantity, price_at_time) VALUES (705, 353, 171, 1, 9500) ON CONFLICT DO NOTHING;
INSERT INTO orders (id, user_id, slot_id, vendor_id, status, total_amount, created_at, qr_code, pickup_confirmed_at, pickup_confirmed_by, eta_minutes, actual_completion_minutes, fraud_flag, stationery_job_id, booking_type) VALUES (354, 21, 25, 66, 'picked', 22000, NOW() - INTERVAL '61 days 15 hours', 'qr_order_354', NOW() - INTERVAL '61 days 15 hours' + INTERVAL '12 minutes', 66, 10, 12, false, NULL, 'food') ON CONFLICT DO NOTHING;
INSERT INTO order_items (id, order_id, menu_item_id, quantity, price_at_time) VALUES (706, 354, 5, 2, 11000) ON CONFLICT DO NOTHING;
INSERT INTO orders (id, user_id, slot_id, vendor_id, status, total_amount, created_at, qr_code, pickup_confirmed_at, pickup_confirmed_by, eta_minutes, actual_completion_minutes, fraud_flag, stationery_job_id, booking_type) VALUES (355, 42, 56, 67, 'picked', 86000, NOW() - INTERVAL '36 days 1 hours', 'qr_order_355', NOW() - INTERVAL '36 days 1 hours' + INTERVAL '12 minutes', 67, 10, 12, false, NULL, 'food') ON CONFLICT DO NOTHING;
INSERT INTO order_items (id, order_id, menu_item_id, quantity, price_at_time) VALUES (707, 355, 49, 2, 23000) ON CONFLICT DO NOTHING;
INSERT INTO order_items (id, order_id, menu_item_id, quantity, price_at_time) VALUES (708, 355, 60, 1, 8000) ON CONFLICT DO NOTHING;
INSERT INTO order_items (id, order_id, menu_item_id, quantity, price_at_time) VALUES (709, 355, 40, 2, 16000) ON CONFLICT DO NOTHING;
INSERT INTO orders (id, user_id, slot_id, vendor_id, status, total_amount, created_at, qr_code, pickup_confirmed_at, pickup_confirmed_by, eta_minutes, actual_completion_minutes, fraud_flag, stationery_job_id, booking_type) VALUES (356, 57, 87, 68, 'preparing', 23000, NOW() - INTERVAL '58 days 2 hours', 'qr_order_356', NULL, NULL, 10, NULL, false, NULL, 'food') ON CONFLICT DO NOTHING;
INSERT INTO order_items (id, order_id, menu_item_id, quantity, price_at_time) VALUES (710, 356, 97, 2, 7000) ON CONFLICT DO NOTHING;
INSERT INTO order_items (id, order_id, menu_item_id, quantity, price_at_time) VALUES (711, 356, 76, 2, 4500) ON CONFLICT DO NOTHING;
INSERT INTO orders (id, user_id, slot_id, vendor_id, status, total_amount, created_at, qr_code, pickup_confirmed_at, pickup_confirmed_by, eta_minutes, actual_completion_minutes, fraud_flag, stationery_job_id, booking_type) VALUES (357, 3, 118, 69, 'picked', 29000, NOW() - INTERVAL '53 days 1 hours', 'qr_order_357', NOW() - INTERVAL '53 days 1 hours' + INTERVAL '12 minutes', 69, 10, 12, false, NULL, 'food') ON CONFLICT DO NOTHING;
INSERT INTO order_items (id, order_id, menu_item_id, quantity, price_at_time) VALUES (712, 357, 102, 1, 5000) ON CONFLICT DO NOTHING;
INSERT INTO order_items (id, order_id, menu_item_id, quantity, price_at_time) VALUES (713, 357, 121, 1, 8000) ON CONFLICT DO NOTHING;
INSERT INTO order_items (id, order_id, menu_item_id, quantity, price_at_time) VALUES (714, 357, 131, 2, 8000) ON CONFLICT DO NOTHING;
INSERT INTO orders (id, user_id, slot_id, vendor_id, status, total_amount, created_at, qr_code, pickup_confirmed_at, pickup_confirmed_by, eta_minutes, actual_completion_minutes, fraud_flag, stationery_job_id, booking_type) VALUES (358, 47, 149, 70, 'preparing', 7000, NOW() - INTERVAL '29 days 14 hours', 'qr_order_358', NULL, NULL, 10, NULL, false, NULL, 'food') ON CONFLICT DO NOTHING;
INSERT INTO order_items (id, order_id, menu_item_id, quantity, price_at_time) VALUES (715, 358, 165, 2, 2000) ON CONFLICT DO NOTHING;
INSERT INTO order_items (id, order_id, menu_item_id, quantity, price_at_time) VALUES (716, 358, 163, 1, 3000) ON CONFLICT DO NOTHING;
INSERT INTO orders (id, user_id, slot_id, vendor_id, status, total_amount, created_at, qr_code, pickup_confirmed_at, pickup_confirmed_by, eta_minutes, actual_completion_minutes, fraud_flag, stationery_job_id, booking_type) VALUES (359, 13, 180, 71, 'ready', 30000, NOW() - INTERVAL '29 days 0 hours', 'qr_order_359', NULL, NULL, 10, NULL, false, NULL, 'food') ON CONFLICT DO NOTHING;
INSERT INTO order_items (id, order_id, menu_item_id, quantity, price_at_time) VALUES (717, 359, 190, 2, 9500) ON CONFLICT DO NOTHING;
INSERT INTO order_items (id, order_id, menu_item_id, quantity, price_at_time) VALUES (718, 359, 191, 1, 11000) ON CONFLICT DO NOTHING;
INSERT INTO orders (id, user_id, slot_id, vendor_id, status, total_amount, created_at, qr_code, pickup_confirmed_at, pickup_confirmed_by, eta_minutes, actual_completion_minutes, fraud_flag, stationery_job_id, booking_type) VALUES (360, 6, 1, 66, 'confirmed', 32000, NOW() - INTERVAL '64 days 4 hours', 'qr_order_360', NULL, NULL, 10, NULL, false, NULL, 'food') ON CONFLICT DO NOTHING;
INSERT INTO order_items (id, order_id, menu_item_id, quantity, price_at_time) VALUES (719, 360, 27, 1, 11000) ON CONFLICT DO NOTHING;
INSERT INTO order_items (id, order_id, menu_item_id, quantity, price_at_time) VALUES (720, 360, 17, 1, 10000) ON CONFLICT DO NOTHING;
INSERT INTO order_items (id, order_id, menu_item_id, quantity, price_at_time) VALUES (721, 360, 13, 1, 11000) ON CONFLICT DO NOTHING;
INSERT INTO orders (id, user_id, slot_id, vendor_id, status, total_amount, created_at, qr_code, pickup_confirmed_at, pickup_confirmed_by, eta_minutes, actual_completion_minutes, fraud_flag, stationery_job_id, booking_type) VALUES (361, 51, 32, 67, 'picked', 56000, NOW() - INTERVAL '25 days 22 hours', 'qr_order_361', NOW() - INTERVAL '25 days 22 hours' + INTERVAL '12 minutes', 67, 10, 12, false, NULL, 'food') ON CONFLICT DO NOTHING;
INSERT INTO order_items (id, order_id, menu_item_id, quantity, price_at_time) VALUES (722, 361, 41, 2, 15000) ON CONFLICT DO NOTHING;
INSERT INTO order_items (id, order_id, menu_item_id, quantity, price_at_time) VALUES (723, 361, 37, 1, 26000) ON CONFLICT DO NOTHING;
INSERT INTO orders (id, user_id, slot_id, vendor_id, status, total_amount, created_at, qr_code, pickup_confirmed_at, pickup_confirmed_by, eta_minutes, actual_completion_minutes, fraud_flag, stationery_job_id, booking_type) VALUES (362, 58, 63, 68, 'picked', 6000, NOW() - INTERVAL '76 days 16 hours', 'qr_order_362', NOW() - INTERVAL '76 days 16 hours' + INTERVAL '12 minutes', 68, 10, 12, false, NULL, 'food') ON CONFLICT DO NOTHING;
INSERT INTO order_items (id, order_id, menu_item_id, quantity, price_at_time) VALUES (724, 362, 100, 1, 6000) ON CONFLICT DO NOTHING;
INSERT INTO orders (id, user_id, slot_id, vendor_id, status, total_amount, created_at, qr_code, pickup_confirmed_at, pickup_confirmed_by, eta_minutes, actual_completion_minutes, fraud_flag, stationery_job_id, booking_type) VALUES (363, 7, 94, 69, 'picked', 13500, NOW() - INTERVAL '56 days 18 hours', 'qr_order_363', NOW() - INTERVAL '56 days 18 hours' + INTERVAL '12 minutes', 69, 10, 12, false, NULL, 'food') ON CONFLICT DO NOTHING;
INSERT INTO order_items (id, order_id, menu_item_id, quantity, price_at_time) VALUES (725, 363, 134, 1, 4500) ON CONFLICT DO NOTHING;
INSERT INTO order_items (id, order_id, menu_item_id, quantity, price_at_time) VALUES (726, 363, 113, 1, 9000) ON CONFLICT DO NOTHING;
INSERT INTO orders (id, user_id, slot_id, vendor_id, status, total_amount, created_at, qr_code, pickup_confirmed_at, pickup_confirmed_by, eta_minutes, actual_completion_minutes, fraud_flag, stationery_job_id, booking_type) VALUES (364, 14, 125, 70, 'picked', 16500, NOW() - INTERVAL '77 days 19 hours', 'qr_order_364', NOW() - INTERVAL '77 days 19 hours' + INTERVAL '12 minutes', 70, 10, 12, false, NULL, 'food') ON CONFLICT DO NOTHING;
INSERT INTO order_items (id, order_id, menu_item_id, quantity, price_at_time) VALUES (727, 364, 167, 2, 6000) ON CONFLICT DO NOTHING;
INSERT INTO order_items (id, order_id, menu_item_id, quantity, price_at_time) VALUES (728, 364, 161, 1, 4500) ON CONFLICT DO NOTHING;
INSERT INTO orders (id, user_id, slot_id, vendor_id, status, total_amount, created_at, qr_code, pickup_confirmed_at, pickup_confirmed_by, eta_minutes, actual_completion_minutes, fraud_flag, stationery_job_id, booking_type) VALUES (365, 36, 156, 71, 'picked', 29500, NOW() - INTERVAL '44 days 9 hours', 'qr_order_365', NOW() - INTERVAL '44 days 9 hours' + INTERVAL '12 minutes', 71, 10, 12, false, NULL, 'food') ON CONFLICT DO NOTHING;
INSERT INTO order_items (id, order_id, menu_item_id, quantity, price_at_time) VALUES (729, 365, 176, 1, 6500) ON CONFLICT DO NOTHING;
INSERT INTO order_items (id, order_id, menu_item_id, quantity, price_at_time) VALUES (730, 365, 194, 2, 11500) ON CONFLICT DO NOTHING;
INSERT INTO orders (id, user_id, slot_id, vendor_id, status, total_amount, created_at, qr_code, pickup_confirmed_at, pickup_confirmed_by, eta_minutes, actual_completion_minutes, fraud_flag, stationery_job_id, booking_type) VALUES (366, 41, 7, 66, 'ready', 11000, NOW() - INTERVAL '71 days 20 hours', 'qr_order_366', NULL, NULL, 10, NULL, false, NULL, 'food') ON CONFLICT DO NOTHING;
INSERT INTO order_items (id, order_id, menu_item_id, quantity, price_at_time) VALUES (731, 366, 13, 1, 11000) ON CONFLICT DO NOTHING;
INSERT INTO orders (id, user_id, slot_id, vendor_id, status, total_amount, created_at, qr_code, pickup_confirmed_at, pickup_confirmed_by, eta_minutes, actual_completion_minutes, fraud_flag, stationery_job_id, booking_type) VALUES (367, 38, 38, 67, 'picked', 94000, NOW() - INTERVAL '17 days 22 hours', 'qr_order_367', NOW() - INTERVAL '17 days 22 hours' + INTERVAL '12 minutes', 67, 10, 12, false, NULL, 'food') ON CONFLICT DO NOTHING;
INSERT INTO order_items (id, order_id, menu_item_id, quantity, price_at_time) VALUES (732, 367, 46, 2, 16000) ON CONFLICT DO NOTHING;
INSERT INTO order_items (id, order_id, menu_item_id, quantity, price_at_time) VALUES (733, 367, 42, 2, 17000) ON CONFLICT DO NOTHING;
INSERT INTO order_items (id, order_id, menu_item_id, quantity, price_at_time) VALUES (734, 367, 65, 2, 14000) ON CONFLICT DO NOTHING;
INSERT INTO orders (id, user_id, slot_id, vendor_id, status, total_amount, created_at, qr_code, pickup_confirmed_at, pickup_confirmed_by, eta_minutes, actual_completion_minutes, fraud_flag, stationery_job_id, booking_type) VALUES (368, 37, 69, 68, 'confirmed', 15500, NOW() - INTERVAL '55 days 0 hours', 'qr_order_368', NULL, NULL, 10, NULL, false, NULL, 'food') ON CONFLICT DO NOTHING;
INSERT INTO order_items (id, order_id, menu_item_id, quantity, price_at_time) VALUES (735, 368, 75, 1, 4000) ON CONFLICT DO NOTHING;
INSERT INTO order_items (id, order_id, menu_item_id, quantity, price_at_time) VALUES (736, 368, 93, 1, 9000) ON CONFLICT DO NOTHING;
INSERT INTO order_items (id, order_id, menu_item_id, quantity, price_at_time) VALUES (737, 368, 72, 1, 2500) ON CONFLICT DO NOTHING;
INSERT INTO orders (id, user_id, slot_id, vendor_id, status, total_amount, created_at, qr_code, pickup_confirmed_at, pickup_confirmed_by, eta_minutes, actual_completion_minutes, fraud_flag, stationery_job_id, booking_type) VALUES (369, 26, 100, 69, 'picked', 33500, NOW() - INTERVAL '21 days 9 hours', 'qr_order_369', NOW() - INTERVAL '21 days 9 hours' + INTERVAL '12 minutes', 69, 10, 12, false, NULL, 'food') ON CONFLICT DO NOTHING;
INSERT INTO order_items (id, order_id, menu_item_id, quantity, price_at_time) VALUES (738, 369, 118, 1, 5500) ON CONFLICT DO NOTHING;
INSERT INTO order_items (id, order_id, menu_item_id, quantity, price_at_time) VALUES (739, 369, 105, 2, 9000) ON CONFLICT DO NOTHING;
INSERT INTO order_items (id, order_id, menu_item_id, quantity, price_at_time) VALUES (740, 369, 115, 1, 10000) ON CONFLICT DO NOTHING;
INSERT INTO orders (id, user_id, slot_id, vendor_id, status, total_amount, created_at, qr_code, pickup_confirmed_at, pickup_confirmed_by, eta_minutes, actual_completion_minutes, fraud_flag, stationery_job_id, booking_type) VALUES (370, 46, 131, 70, 'preparing', 53000, NOW() - INTERVAL '14 days 19 hours', 'qr_order_370', NULL, NULL, 10, NULL, false, NULL, 'food') ON CONFLICT DO NOTHING;
INSERT INTO order_items (id, order_id, menu_item_id, quantity, price_at_time) VALUES (741, 370, 149, 2, 8500) ON CONFLICT DO NOTHING;
INSERT INTO order_items (id, order_id, menu_item_id, quantity, price_at_time) VALUES (742, 370, 150, 2, 8000) ON CONFLICT DO NOTHING;
INSERT INTO order_items (id, order_id, menu_item_id, quantity, price_at_time) VALUES (743, 370, 138, 2, 10000) ON CONFLICT DO NOTHING;

-- Stationery Orders (130 total)
INSERT INTO orders (id, user_id, slot_id, vendor_id, status, total_amount, created_at, qr_code, pickup_confirmed_at, pickup_confirmed_by, eta_minutes, actual_completion_minutes, fraud_flag, stationery_job_id, booking_type) VALUES (371, 15, 192, 72, 'preparing', 2000, NOW() - INTERVAL '14 days 21 hours', 'qr_order_371', NULL, NULL, 20, NULL, false, 1, 'stationery') ON CONFLICT DO NOTHING;
INSERT INTO orders (id, user_id, slot_id, vendor_id, status, total_amount, created_at, qr_code, pickup_confirmed_at, pickup_confirmed_by, eta_minutes, actual_completion_minutes, fraud_flag, stationery_job_id, booking_type) VALUES (372, 12, 283, 75, 'preparing', 2400, NOW() - INTERVAL '65 days 19 hours', 'qr_order_372', NULL, NULL, 20, NULL, false, 2, 'stationery') ON CONFLICT DO NOTHING;
INSERT INTO orders (id, user_id, slot_id, vendor_id, status, total_amount, created_at, qr_code, pickup_confirmed_at, pickup_confirmed_by, eta_minutes, actual_completion_minutes, fraud_flag, stationery_job_id, booking_type) VALUES (373, 4, 224, 73, 'picked', 13500, NOW() - INTERVAL '29 days 14 hours', 'qr_order_373', NOW() - INTERVAL '29 days 14 hours' + INTERVAL '25 minutes', 73, 20, 25, false, 3, 'stationery') ON CONFLICT DO NOTHING;
INSERT INTO orders (id, user_id, slot_id, vendor_id, status, total_amount, created_at, qr_code, pickup_confirmed_at, pickup_confirmed_by, eta_minutes, actual_completion_minutes, fraud_flag, stationery_job_id, booking_type) VALUES (374, 36, 195, 72, 'ready', 188000, NOW() - INTERVAL '20 days 6 hours', 'qr_order_374', NULL, NULL, 20, NULL, false, 4, 'stationery') ON CONFLICT DO NOTHING;
INSERT INTO orders (id, user_id, slot_id, vendor_id, status, total_amount, created_at, qr_code, pickup_confirmed_at, pickup_confirmed_by, eta_minutes, actual_completion_minutes, fraud_flag, stationery_job_id, booking_type) VALUES (375, 44, 196, 72, 'ready', 18550, NOW() - INTERVAL '45 days 19 hours', 'qr_order_375', NULL, NULL, 20, NULL, false, 5, 'stationery') ON CONFLICT DO NOTHING;
INSERT INTO orders (id, user_id, slot_id, vendor_id, status, total_amount, created_at, qr_code, pickup_confirmed_at, pickup_confirmed_by, eta_minutes, actual_completion_minutes, fraud_flag, stationery_job_id, booking_type) VALUES (376, 34, 197, 72, 'preparing', 6000, NOW() - INTERVAL '49 days 2 hours', 'qr_order_376', NULL, NULL, 20, NULL, false, 6, 'stationery') ON CONFLICT DO NOTHING;
INSERT INTO orders (id, user_id, slot_id, vendor_id, status, total_amount, created_at, qr_code, pickup_confirmed_at, pickup_confirmed_by, eta_minutes, actual_completion_minutes, fraud_flag, stationery_job_id, booking_type) VALUES (377, 38, 258, 74, 'placed', 69600, NOW() - INTERVAL '30 days 9 hours', 'qr_order_377', NULL, NULL, 20, NULL, false, 7, 'stationery') ON CONFLICT DO NOTHING;
INSERT INTO orders (id, user_id, slot_id, vendor_id, status, total_amount, created_at, qr_code, pickup_confirmed_at, pickup_confirmed_by, eta_minutes, actual_completion_minutes, fraud_flag, stationery_job_id, booking_type) VALUES (378, 11, 229, 73, 'ready', 127200, NOW() - INTERVAL '47 days 5 hours', 'qr_order_378', NULL, NULL, 20, NULL, false, 8, 'stationery') ON CONFLICT DO NOTHING;
INSERT INTO orders (id, user_id, slot_id, vendor_id, status, total_amount, created_at, qr_code, pickup_confirmed_at, pickup_confirmed_by, eta_minutes, actual_completion_minutes, fraud_flag, stationery_job_id, booking_type) VALUES (379, 48, 260, 74, 'picked', 18000, NOW() - INTERVAL '10 days 19 hours', 'qr_order_379', NOW() - INTERVAL '10 days 19 hours' + INTERVAL '25 minutes', 74, 20, 25, false, 9, 'stationery') ON CONFLICT DO NOTHING;
INSERT INTO orders (id, user_id, slot_id, vendor_id, status, total_amount, created_at, qr_code, pickup_confirmed_at, pickup_confirmed_by, eta_minutes, actual_completion_minutes, fraud_flag, stationery_job_id, booking_type) VALUES (380, 22, 231, 73, 'preparing', 192000, NOW() - INTERVAL '72 days 7 hours', 'qr_order_380', NULL, NULL, 20, NULL, false, 10, 'stationery') ON CONFLICT DO NOTHING;
INSERT INTO orders (id, user_id, slot_id, vendor_id, status, total_amount, created_at, qr_code, pickup_confirmed_at, pickup_confirmed_by, eta_minutes, actual_completion_minutes, fraud_flag, stationery_job_id, booking_type) VALUES (381, 42, 202, 72, 'ready', 32400, NOW() - INTERVAL '9 days 6 hours', 'qr_order_381', NULL, NULL, 20, NULL, false, 11, 'stationery') ON CONFLICT DO NOTHING;
INSERT INTO orders (id, user_id, slot_id, vendor_id, status, total_amount, created_at, qr_code, pickup_confirmed_at, pickup_confirmed_by, eta_minutes, actual_completion_minutes, fraud_flag, stationery_job_id, booking_type) VALUES (382, 41, 233, 73, 'picked', 20400, NOW() - INTERVAL '59 days 4 hours', 'qr_order_382', NOW() - INTERVAL '59 days 4 hours' + INTERVAL '25 minutes', 73, 20, 25, false, 12, 'stationery') ON CONFLICT DO NOTHING;
INSERT INTO orders (id, user_id, slot_id, vendor_id, status, total_amount, created_at, qr_code, pickup_confirmed_at, pickup_confirmed_by, eta_minutes, actual_completion_minutes, fraud_flag, stationery_job_id, booking_type) VALUES (383, 34, 234, 73, 'picked', 90000, NOW() - INTERVAL '75 days 13 hours', 'qr_order_383', NOW() - INTERVAL '75 days 13 hours' + INTERVAL '25 minutes', 73, 20, 25, false, 13, 'stationery') ON CONFLICT DO NOTHING;
INSERT INTO orders (id, user_id, slot_id, vendor_id, status, total_amount, created_at, qr_code, pickup_confirmed_at, pickup_confirmed_by, eta_minutes, actual_completion_minutes, fraud_flag, stationery_job_id, booking_type) VALUES (384, 52, 265, 74, 'ready', 6600, NOW() - INTERVAL '7 days 3 hours', 'qr_order_384', NULL, NULL, 20, NULL, false, 14, 'stationery') ON CONFLICT DO NOTHING;
INSERT INTO orders (id, user_id, slot_id, vendor_id, status, total_amount, created_at, qr_code, pickup_confirmed_at, pickup_confirmed_by, eta_minutes, actual_completion_minutes, fraud_flag, stationery_job_id, booking_type) VALUES (385, 20, 236, 73, 'placed', 26550, NOW() - INTERVAL '49 days 19 hours', 'qr_order_385', NULL, NULL, 20, NULL, false, 15, 'stationery') ON CONFLICT DO NOTHING;
INSERT INTO orders (id, user_id, slot_id, vendor_id, status, total_amount, created_at, qr_code, pickup_confirmed_at, pickup_confirmed_by, eta_minutes, actual_completion_minutes, fraud_flag, stationery_job_id, booking_type) VALUES (386, 60, 267, 74, 'picked', 4500, NOW() - INTERVAL '69 days 8 hours', 'qr_order_386', NOW() - INTERVAL '69 days 8 hours' + INTERVAL '25 minutes', 74, 20, 25, false, 16, 'stationery') ON CONFLICT DO NOTHING;
INSERT INTO orders (id, user_id, slot_id, vendor_id, status, total_amount, created_at, qr_code, pickup_confirmed_at, pickup_confirmed_by, eta_minutes, actual_completion_minutes, fraud_flag, stationery_job_id, booking_type) VALUES (387, 44, 208, 72, 'ready', 30000, NOW() - INTERVAL '34 days 16 hours', 'qr_order_387', NULL, NULL, 20, NULL, false, 17, 'stationery') ON CONFLICT DO NOTHING;
INSERT INTO orders (id, user_id, slot_id, vendor_id, status, total_amount, created_at, qr_code, pickup_confirmed_at, pickup_confirmed_by, eta_minutes, actual_completion_minutes, fraud_flag, stationery_job_id, booking_type) VALUES (388, 23, 209, 72, 'picked', 19350, NOW() - INTERVAL '26 days 4 hours', 'qr_order_388', NOW() - INTERVAL '26 days 4 hours' + INTERVAL '25 minutes', 72, 20, 25, false, 18, 'stationery') ON CONFLICT DO NOTHING;
INSERT INTO orders (id, user_id, slot_id, vendor_id, status, total_amount, created_at, qr_code, pickup_confirmed_at, pickup_confirmed_by, eta_minutes, actual_completion_minutes, fraud_flag, stationery_job_id, booking_type) VALUES (389, 48, 240, 73, 'picked', 2160000, NOW() - INTERVAL '63 days 0 hours', 'qr_order_389', NOW() - INTERVAL '63 days 0 hours' + INTERVAL '25 minutes', 73, 20, 25, false, 19, 'stationery') ON CONFLICT DO NOTHING;
INSERT INTO orders (id, user_id, slot_id, vendor_id, status, total_amount, created_at, qr_code, pickup_confirmed_at, pickup_confirmed_by, eta_minutes, actual_completion_minutes, fraud_flag, stationery_job_id, booking_type) VALUES (390, 15, 241, 74, 'placed', 22000, NOW() - INTERVAL '73 days 2 hours', 'qr_order_390', NULL, NULL, 20, NULL, false, 20, 'stationery') ON CONFLICT DO NOTHING;
INSERT INTO orders (id, user_id, slot_id, vendor_id, status, total_amount, created_at, qr_code, pickup_confirmed_at, pickup_confirmed_by, eta_minutes, actual_completion_minutes, fraud_flag, stationery_job_id, booking_type) VALUES (391, 11, 272, 75, 'preparing', 109500, NOW() - INTERVAL '61 days 17 hours', 'qr_order_391', NULL, NULL, 20, NULL, false, 21, 'stationery') ON CONFLICT DO NOTHING;
INSERT INTO orders (id, user_id, slot_id, vendor_id, status, total_amount, created_at, qr_code, pickup_confirmed_at, pickup_confirmed_by, eta_minutes, actual_completion_minutes, fraud_flag, stationery_job_id, booking_type) VALUES (392, 22, 243, 74, 'picked', 3000, NOW() - INTERVAL '70 days 23 hours', 'qr_order_392', NOW() - INTERVAL '70 days 23 hours' + INTERVAL '25 minutes', 74, 20, 25, false, 22, 'stationery') ON CONFLICT DO NOTHING;
INSERT INTO orders (id, user_id, slot_id, vendor_id, status, total_amount, created_at, qr_code, pickup_confirmed_at, pickup_confirmed_by, eta_minutes, actual_completion_minutes, fraud_flag, stationery_job_id, booking_type) VALUES (393, 26, 244, 74, 'ready', 54000, NOW() - INTERVAL '67 days 14 hours', 'qr_order_393', NULL, NULL, 20, NULL, false, 23, 'stationery') ON CONFLICT DO NOTHING;
INSERT INTO orders (id, user_id, slot_id, vendor_id, status, total_amount, created_at, qr_code, pickup_confirmed_at, pickup_confirmed_by, eta_minutes, actual_completion_minutes, fraud_flag, stationery_job_id, booking_type) VALUES (394, 16, 215, 73, 'placed', 7800, NOW() - INTERVAL '71 days 7 hours', 'qr_order_394', NULL, NULL, 20, NULL, false, 24, 'stationery') ON CONFLICT DO NOTHING;
INSERT INTO orders (id, user_id, slot_id, vendor_id, status, total_amount, created_at, qr_code, pickup_confirmed_at, pickup_confirmed_by, eta_minutes, actual_completion_minutes, fraud_flag, stationery_job_id, booking_type) VALUES (395, 29, 186, 72, 'placed', 99750, NOW() - INTERVAL '9 days 1 hours', 'qr_order_395', NULL, NULL, 20, NULL, false, 25, 'stationery') ON CONFLICT DO NOTHING;
INSERT INTO orders (id, user_id, slot_id, vendor_id, status, total_amount, created_at, qr_code, pickup_confirmed_at, pickup_confirmed_by, eta_minutes, actual_completion_minutes, fraud_flag, stationery_job_id, booking_type) VALUES (396, 43, 187, 72, 'picked', 60000, NOW() - INTERVAL '28 days 17 hours', 'qr_order_396', NOW() - INTERVAL '28 days 17 hours' + INTERVAL '25 minutes', 72, 20, 25, false, 26, 'stationery') ON CONFLICT DO NOTHING;
INSERT INTO orders (id, user_id, slot_id, vendor_id, status, total_amount, created_at, qr_code, pickup_confirmed_at, pickup_confirmed_by, eta_minutes, actual_completion_minutes, fraud_flag, stationery_job_id, booking_type) VALUES (397, 17, 278, 75, 'preparing', 12000, NOW() - INTERVAL '13 days 21 hours', 'qr_order_397', NULL, NULL, 20, NULL, false, 27, 'stationery') ON CONFLICT DO NOTHING;
INSERT INTO orders (id, user_id, slot_id, vendor_id, status, total_amount, created_at, qr_code, pickup_confirmed_at, pickup_confirmed_by, eta_minutes, actual_completion_minutes, fraud_flag, stationery_job_id, booking_type) VALUES (398, 56, 249, 74, 'picked', 22800, NOW() - INTERVAL '7 days 21 hours', 'qr_order_398', NOW() - INTERVAL '7 days 21 hours' + INTERVAL '25 minutes', 74, 20, 25, false, 28, 'stationery') ON CONFLICT DO NOTHING;
INSERT INTO orders (id, user_id, slot_id, vendor_id, status, total_amount, created_at, qr_code, pickup_confirmed_at, pickup_confirmed_by, eta_minutes, actual_completion_minutes, fraud_flag, stationery_job_id, booking_type) VALUES (399, 13, 190, 72, 'picked', 10000, NOW() - INTERVAL '14 days 7 hours', 'qr_order_399', NOW() - INTERVAL '14 days 7 hours' + INTERVAL '25 minutes', 72, 20, 25, false, 29, 'stationery') ON CONFLICT DO NOTHING;
INSERT INTO orders (id, user_id, slot_id, vendor_id, status, total_amount, created_at, qr_code, pickup_confirmed_at, pickup_confirmed_by, eta_minutes, actual_completion_minutes, fraud_flag, stationery_job_id, booking_type) VALUES (400, 25, 221, 73, 'ready', 1860000, NOW() - INTERVAL '36 days 14 hours', 'qr_order_400', NULL, NULL, 20, NULL, false, 30, 'stationery') ON CONFLICT DO NOTHING;
INSERT INTO orders (id, user_id, slot_id, vendor_id, status, total_amount, created_at, qr_code, pickup_confirmed_at, pickup_confirmed_by, eta_minutes, actual_completion_minutes, fraud_flag, stationery_job_id, booking_type) VALUES (401, 32, 192, 72, 'placed', 25000, NOW() - INTERVAL '70 days 0 hours', 'qr_order_401', NULL, NULL, 20, NULL, false, 31, 'stationery') ON CONFLICT DO NOTHING;
INSERT INTO orders (id, user_id, slot_id, vendor_id, status, total_amount, created_at, qr_code, pickup_confirmed_at, pickup_confirmed_by, eta_minutes, actual_completion_minutes, fraud_flag, stationery_job_id, booking_type) VALUES (402, 12, 223, 73, 'ready', 171000, NOW() - INTERVAL '52 days 1 hours', 'qr_order_402', NULL, NULL, 20, NULL, false, 32, 'stationery') ON CONFLICT DO NOTHING;
INSERT INTO orders (id, user_id, slot_id, vendor_id, status, total_amount, created_at, qr_code, pickup_confirmed_at, pickup_confirmed_by, eta_minutes, actual_completion_minutes, fraud_flag, stationery_job_id, booking_type) VALUES (403, 22, 284, 75, 'picked', 32400, NOW() - INTERVAL '59 days 9 hours', 'qr_order_403', NOW() - INTERVAL '59 days 9 hours' + INTERVAL '25 minutes', 75, 20, 25, false, 33, 'stationery') ON CONFLICT DO NOTHING;
INSERT INTO orders (id, user_id, slot_id, vendor_id, status, total_amount, created_at, qr_code, pickup_confirmed_at, pickup_confirmed_by, eta_minutes, actual_completion_minutes, fraud_flag, stationery_job_id, booking_type) VALUES (404, 55, 285, 75, 'preparing', 60000, NOW() - INTERVAL '8 days 18 hours', 'qr_order_404', NULL, NULL, 20, NULL, false, 34, 'stationery') ON CONFLICT DO NOTHING;
INSERT INTO orders (id, user_id, slot_id, vendor_id, status, total_amount, created_at, qr_code, pickup_confirmed_at, pickup_confirmed_by, eta_minutes, actual_completion_minutes, fraud_flag, stationery_job_id, booking_type) VALUES (405, 8, 256, 74, 'ready', 4950, NOW() - INTERVAL '68 days 5 hours', 'qr_order_405', NULL, NULL, 20, NULL, false, 35, 'stationery') ON CONFLICT DO NOTHING;
INSERT INTO orders (id, user_id, slot_id, vendor_id, status, total_amount, created_at, qr_code, pickup_confirmed_at, pickup_confirmed_by, eta_minutes, actual_completion_minutes, fraud_flag, stationery_job_id, booking_type) VALUES (406, 8, 197, 72, 'placed', 39000, NOW() - INTERVAL '31 days 12 hours', 'qr_order_406', NULL, NULL, 20, NULL, false, 36, 'stationery') ON CONFLICT DO NOTHING;
INSERT INTO orders (id, user_id, slot_id, vendor_id, status, total_amount, created_at, qr_code, pickup_confirmed_at, pickup_confirmed_by, eta_minutes, actual_completion_minutes, fraud_flag, stationery_job_id, booking_type) VALUES (407, 16, 228, 73, 'picked', 4000, NOW() - INTERVAL '54 days 21 hours', 'qr_order_407', NOW() - INTERVAL '54 days 21 hours' + INTERVAL '25 minutes', 73, 20, 25, false, 37, 'stationery') ON CONFLICT DO NOTHING;
INSERT INTO orders (id, user_id, slot_id, vendor_id, status, total_amount, created_at, qr_code, pickup_confirmed_at, pickup_confirmed_by, eta_minutes, actual_completion_minutes, fraud_flag, stationery_job_id, booking_type) VALUES (408, 41, 259, 74, 'ready', 27000, NOW() - INTERVAL '34 days 12 hours', 'qr_order_408', NULL, NULL, 20, NULL, false, 38, 'stationery') ON CONFLICT DO NOTHING;
INSERT INTO orders (id, user_id, slot_id, vendor_id, status, total_amount, created_at, qr_code, pickup_confirmed_at, pickup_confirmed_by, eta_minutes, actual_completion_minutes, fraud_flag, stationery_job_id, booking_type) VALUES (409, 17, 260, 74, 'placed', 2500, NOW() - INTERVAL '80 days 18 hours', 'qr_order_409', NULL, NULL, 20, NULL, false, 39, 'stationery') ON CONFLICT DO NOTHING;
INSERT INTO orders (id, user_id, slot_id, vendor_id, status, total_amount, created_at, qr_code, pickup_confirmed_at, pickup_confirmed_by, eta_minutes, actual_completion_minutes, fraud_flag, stationery_job_id, booking_type) VALUES (410, 13, 201, 72, 'preparing', 90000, NOW() - INTERVAL '45 days 2 hours', 'qr_order_410', NULL, NULL, 20, NULL, false, 40, 'stationery') ON CONFLICT DO NOTHING;
INSERT INTO orders (id, user_id, slot_id, vendor_id, status, total_amount, created_at, qr_code, pickup_confirmed_at, pickup_confirmed_by, eta_minutes, actual_completion_minutes, fraud_flag, stationery_job_id, booking_type) VALUES (411, 32, 262, 74, 'picked', 2500, NOW() - INTERVAL '39 days 19 hours', 'qr_order_411', NOW() - INTERVAL '39 days 19 hours' + INTERVAL '25 minutes', 74, 20, 25, false, 41, 'stationery') ON CONFLICT DO NOTHING;
INSERT INTO orders (id, user_id, slot_id, vendor_id, status, total_amount, created_at, qr_code, pickup_confirmed_at, pickup_confirmed_by, eta_minutes, actual_completion_minutes, fraud_flag, stationery_job_id, booking_type) VALUES (412, 2, 263, 74, 'preparing', 4500, NOW() - INTERVAL '14 days 23 hours', 'qr_order_412', NULL, NULL, 20, NULL, false, 42, 'stationery') ON CONFLICT DO NOTHING;
INSERT INTO orders (id, user_id, slot_id, vendor_id, status, total_amount, created_at, qr_code, pickup_confirmed_at, pickup_confirmed_by, eta_minutes, actual_completion_minutes, fraud_flag, stationery_job_id, booking_type) VALUES (413, 20, 264, 74, 'picked', 4100, NOW() - INTERVAL '27 days 21 hours', 'qr_order_413', NOW() - INTERVAL '27 days 21 hours' + INTERVAL '25 minutes', 74, 20, 25, false, 43, 'stationery') ON CONFLICT DO NOTHING;
INSERT INTO orders (id, user_id, slot_id, vendor_id, status, total_amount, created_at, qr_code, pickup_confirmed_at, pickup_confirmed_by, eta_minutes, actual_completion_minutes, fraud_flag, stationery_job_id, booking_type) VALUES (414, 34, 295, 75, 'picked', 2200, NOW() - INTERVAL '36 days 1 hours', 'qr_order_414', NOW() - INTERVAL '36 days 1 hours' + INTERVAL '25 minutes', 75, 20, 25, false, 44, 'stationery') ON CONFLICT DO NOTHING;
INSERT INTO orders (id, user_id, slot_id, vendor_id, status, total_amount, created_at, qr_code, pickup_confirmed_at, pickup_confirmed_by, eta_minutes, actual_completion_minutes, fraud_flag, stationery_job_id, booking_type) VALUES (415, 1, 266, 74, 'picked', 31500, NOW() - INTERVAL '21 days 23 hours', 'qr_order_415', NOW() - INTERVAL '21 days 23 hours' + INTERVAL '25 minutes', 74, 20, 25, false, 45, 'stationery') ON CONFLICT DO NOTHING;
INSERT INTO orders (id, user_id, slot_id, vendor_id, status, total_amount, created_at, qr_code, pickup_confirmed_at, pickup_confirmed_by, eta_minutes, actual_completion_minutes, fraud_flag, stationery_job_id, booking_type) VALUES (416, 57, 297, 75, 'placed', 7000, NOW() - INTERVAL '20 days 17 hours', 'qr_order_416', NULL, NULL, 20, NULL, false, 46, 'stationery') ON CONFLICT DO NOTHING;
INSERT INTO orders (id, user_id, slot_id, vendor_id, status, total_amount, created_at, qr_code, pickup_confirmed_at, pickup_confirmed_by, eta_minutes, actual_completion_minutes, fraud_flag, stationery_job_id, booking_type) VALUES (417, 5, 268, 74, 'ready', 60000, NOW() - INTERVAL '6 days 9 hours', 'qr_order_417', NULL, NULL, 20, NULL, false, 47, 'stationery') ON CONFLICT DO NOTHING;
INSERT INTO orders (id, user_id, slot_id, vendor_id, status, total_amount, created_at, qr_code, pickup_confirmed_at, pickup_confirmed_by, eta_minutes, actual_completion_minutes, fraud_flag, stationery_job_id, booking_type) VALUES (418, 47, 209, 72, 'preparing', 186000, NOW() - INTERVAL '14 days 11 hours', 'qr_order_418', NULL, NULL, 20, NULL, false, 48, 'stationery') ON CONFLICT DO NOTHING;
INSERT INTO orders (id, user_id, slot_id, vendor_id, status, total_amount, created_at, qr_code, pickup_confirmed_at, pickup_confirmed_by, eta_minutes, actual_completion_minutes, fraud_flag, stationery_job_id, booking_type) VALUES (419, 53, 240, 73, 'picked', 7500, NOW() - INTERVAL '4 days 5 hours', 'qr_order_419', NOW() - INTERVAL '4 days 5 hours' + INTERVAL '25 minutes', 73, 20, 25, false, 49, 'stationery') ON CONFLICT DO NOTHING;
INSERT INTO orders (id, user_id, slot_id, vendor_id, status, total_amount, created_at, qr_code, pickup_confirmed_at, pickup_confirmed_by, eta_minutes, actual_completion_minutes, fraud_flag, stationery_job_id, booking_type) VALUES (420, 43, 271, 75, 'picked', 1080000, NOW() - INTERVAL '35 days 5 hours', 'qr_order_420', NOW() - INTERVAL '35 days 5 hours' + INTERVAL '25 minutes', 75, 20, 25, false, 50, 'stationery') ON CONFLICT DO NOTHING;
INSERT INTO orders (id, user_id, slot_id, vendor_id, status, total_amount, created_at, qr_code, pickup_confirmed_at, pickup_confirmed_by, eta_minutes, actual_completion_minutes, fraud_flag, stationery_job_id, booking_type) VALUES (421, 14, 272, 75, 'preparing', 19500, NOW() - INTERVAL '59 days 11 hours', 'qr_order_421', NULL, NULL, 20, NULL, false, 51, 'stationery') ON CONFLICT DO NOTHING;
INSERT INTO orders (id, user_id, slot_id, vendor_id, status, total_amount, created_at, qr_code, pickup_confirmed_at, pickup_confirmed_by, eta_minutes, actual_completion_minutes, fraud_flag, stationery_job_id, booking_type) VALUES (422, 40, 213, 73, 'preparing', 7200, NOW() - INTERVAL '43 days 8 hours', 'qr_order_422', NULL, NULL, 20, NULL, false, 52, 'stationery') ON CONFLICT DO NOTHING;
INSERT INTO orders (id, user_id, slot_id, vendor_id, status, total_amount, created_at, qr_code, pickup_confirmed_at, pickup_confirmed_by, eta_minutes, actual_completion_minutes, fraud_flag, stationery_job_id, booking_type) VALUES (423, 9, 244, 74, 'ready', 46980, NOW() - INTERVAL '69 days 10 hours', 'qr_order_423', NULL, NULL, 20, NULL, false, 53, 'stationery') ON CONFLICT DO NOTHING;
INSERT INTO orders (id, user_id, slot_id, vendor_id, status, total_amount, created_at, qr_code, pickup_confirmed_at, pickup_confirmed_by, eta_minutes, actual_completion_minutes, fraud_flag, stationery_job_id, booking_type) VALUES (424, 4, 185, 72, 'picked', 40500, NOW() - INTERVAL '34 days 1 hours', 'qr_order_424', NOW() - INTERVAL '34 days 1 hours' + INTERVAL '25 minutes', 72, 20, 25, false, 54, 'stationery') ON CONFLICT DO NOTHING;
INSERT INTO orders (id, user_id, slot_id, vendor_id, status, total_amount, created_at, qr_code, pickup_confirmed_at, pickup_confirmed_by, eta_minutes, actual_completion_minutes, fraud_flag, stationery_job_id, booking_type) VALUES (425, 14, 276, 75, 'ready', 78400, NOW() - INTERVAL '66 days 3 hours', 'qr_order_425', NULL, NULL, 20, NULL, false, 55, 'stationery') ON CONFLICT DO NOTHING;
INSERT INTO orders (id, user_id, slot_id, vendor_id, status, total_amount, created_at, qr_code, pickup_confirmed_at, pickup_confirmed_by, eta_minutes, actual_completion_minutes, fraud_flag, stationery_job_id, booking_type) VALUES (426, 50, 217, 73, 'ready', 12000, NOW() - INTERVAL '67 days 17 hours', 'qr_order_426', NULL, NULL, 20, NULL, false, 56, 'stationery') ON CONFLICT DO NOTHING;
INSERT INTO orders (id, user_id, slot_id, vendor_id, status, total_amount, created_at, qr_code, pickup_confirmed_at, pickup_confirmed_by, eta_minutes, actual_completion_minutes, fraud_flag, stationery_job_id, booking_type) VALUES (427, 26, 248, 74, 'picked', 7800, NOW() - INTERVAL '80 days 10 hours', 'qr_order_427', NOW() - INTERVAL '80 days 10 hours' + INTERVAL '25 minutes', 74, 20, 25, false, 57, 'stationery') ON CONFLICT DO NOTHING;
INSERT INTO orders (id, user_id, slot_id, vendor_id, status, total_amount, created_at, qr_code, pickup_confirmed_at, pickup_confirmed_by, eta_minutes, actual_completion_minutes, fraud_flag, stationery_job_id, booking_type) VALUES (428, 16, 249, 74, 'ready', 4500, NOW() - INTERVAL '52 days 22 hours', 'qr_order_428', NULL, NULL, 20, NULL, false, 58, 'stationery') ON CONFLICT DO NOTHING;
INSERT INTO orders (id, user_id, slot_id, vendor_id, status, total_amount, created_at, qr_code, pickup_confirmed_at, pickup_confirmed_by, eta_minutes, actual_completion_minutes, fraud_flag, stationery_job_id, booking_type) VALUES (429, 38, 220, 73, 'picked', 52200, NOW() - INTERVAL '23 days 19 hours', 'qr_order_429', NOW() - INTERVAL '23 days 19 hours' + INTERVAL '25 minutes', 73, 20, 25, false, 59, 'stationery') ON CONFLICT DO NOTHING;
INSERT INTO orders (id, user_id, slot_id, vendor_id, status, total_amount, created_at, qr_code, pickup_confirmed_at, pickup_confirmed_by, eta_minutes, actual_completion_minutes, fraud_flag, stationery_job_id, booking_type) VALUES (430, 39, 281, 75, 'preparing', 14000, NOW() - INTERVAL '56 days 18 hours', 'qr_order_430', NULL, NULL, 20, NULL, false, 60, 'stationery') ON CONFLICT DO NOTHING;
INSERT INTO orders (id, user_id, slot_id, vendor_id, status, total_amount, created_at, qr_code, pickup_confirmed_at, pickup_confirmed_by, eta_minutes, actual_completion_minutes, fraud_flag, stationery_job_id, booking_type) VALUES (431, 42, 282, 75, 'preparing', 36600, NOW() - INTERVAL '61 days 23 hours', 'qr_order_431', NULL, NULL, 20, NULL, false, 61, 'stationery') ON CONFLICT DO NOTHING;
INSERT INTO orders (id, user_id, slot_id, vendor_id, status, total_amount, created_at, qr_code, pickup_confirmed_at, pickup_confirmed_by, eta_minutes, actual_completion_minutes, fraud_flag, stationery_job_id, booking_type) VALUES (432, 22, 193, 72, 'picked', 105000, NOW() - INTERVAL '43 days 2 hours', 'qr_order_432', NOW() - INTERVAL '43 days 2 hours' + INTERVAL '25 minutes', 72, 20, 25, false, 62, 'stationery') ON CONFLICT DO NOTHING;
INSERT INTO orders (id, user_id, slot_id, vendor_id, status, total_amount, created_at, qr_code, pickup_confirmed_at, pickup_confirmed_by, eta_minutes, actual_completion_minutes, fraud_flag, stationery_job_id, booking_type) VALUES (433, 31, 254, 74, 'placed', 3000, NOW() - INTERVAL '32 days 15 hours', 'qr_order_433', NULL, NULL, 20, NULL, false, 63, 'stationery') ON CONFLICT DO NOTHING;
INSERT INTO orders (id, user_id, slot_id, vendor_id, status, total_amount, created_at, qr_code, pickup_confirmed_at, pickup_confirmed_by, eta_minutes, actual_completion_minutes, fraud_flag, stationery_job_id, booking_type) VALUES (434, 10, 285, 75, 'preparing', 255000, NOW() - INTERVAL '50 days 15 hours', 'qr_order_434', NULL, NULL, 20, NULL, false, 64, 'stationery') ON CONFLICT DO NOTHING;
INSERT INTO orders (id, user_id, slot_id, vendor_id, status, total_amount, created_at, qr_code, pickup_confirmed_at, pickup_confirmed_by, eta_minutes, actual_completion_minutes, fraud_flag, stationery_job_id, booking_type) VALUES (435, 52, 226, 73, 'placed', 396000, NOW() - INTERVAL '14 days 13 hours', 'qr_order_435', NULL, NULL, 20, NULL, false, 65, 'stationery') ON CONFLICT DO NOTHING;
INSERT INTO orders (id, user_id, slot_id, vendor_id, status, total_amount, created_at, qr_code, pickup_confirmed_at, pickup_confirmed_by, eta_minutes, actual_completion_minutes, fraud_flag, stationery_job_id, booking_type) VALUES (436, 29, 227, 73, 'placed', 9000, NOW() - INTERVAL '32 days 3 hours', 'qr_order_436', NULL, NULL, 20, NULL, false, 66, 'stationery') ON CONFLICT DO NOTHING;
INSERT INTO orders (id, user_id, slot_id, vendor_id, status, total_amount, created_at, qr_code, pickup_confirmed_at, pickup_confirmed_by, eta_minutes, actual_completion_minutes, fraud_flag, stationery_job_id, booking_type) VALUES (437, 59, 228, 73, 'picked', 4050000, NOW() - INTERVAL '77 days 10 hours', 'qr_order_437', NOW() - INTERVAL '77 days 10 hours' + INTERVAL '25 minutes', 73, 20, 25, false, 67, 'stationery') ON CONFLICT DO NOTHING;
INSERT INTO orders (id, user_id, slot_id, vendor_id, status, total_amount, created_at, qr_code, pickup_confirmed_at, pickup_confirmed_by, eta_minutes, actual_completion_minutes, fraud_flag, stationery_job_id, booking_type) VALUES (438, 57, 289, 75, 'picked', 7000, NOW() - INTERVAL '61 days 14 hours', 'qr_order_438', NOW() - INTERVAL '61 days 14 hours' + INTERVAL '25 minutes', 75, 20, 25, false, 68, 'stationery') ON CONFLICT DO NOTHING;
INSERT INTO orders (id, user_id, slot_id, vendor_id, status, total_amount, created_at, qr_code, pickup_confirmed_at, pickup_confirmed_by, eta_minutes, actual_completion_minutes, fraud_flag, stationery_job_id, booking_type) VALUES (439, 34, 230, 73, 'ready', 18000, NOW() - INTERVAL '31 days 8 hours', 'qr_order_439', NULL, NULL, 20, NULL, false, 69, 'stationery') ON CONFLICT DO NOTHING;
INSERT INTO orders (id, user_id, slot_id, vendor_id, status, total_amount, created_at, qr_code, pickup_confirmed_at, pickup_confirmed_by, eta_minutes, actual_completion_minutes, fraud_flag, stationery_job_id, booking_type) VALUES (440, 57, 201, 72, 'preparing', 2000, NOW() - INTERVAL '41 days 17 hours', 'qr_order_440', NULL, NULL, 20, NULL, false, 70, 'stationery') ON CONFLICT DO NOTHING;
INSERT INTO orders (id, user_id, slot_id, vendor_id, status, total_amount, created_at, qr_code, pickup_confirmed_at, pickup_confirmed_by, eta_minutes, actual_completion_minutes, fraud_flag, stationery_job_id, booking_type) VALUES (441, 11, 232, 73, 'picked', 102000, NOW() - INTERVAL '28 days 2 hours', 'qr_order_441', NOW() - INTERVAL '28 days 2 hours' + INTERVAL '25 minutes', 73, 20, 25, false, 71, 'stationery') ON CONFLICT DO NOTHING;
INSERT INTO orders (id, user_id, slot_id, vendor_id, status, total_amount, created_at, qr_code, pickup_confirmed_at, pickup_confirmed_by, eta_minutes, actual_completion_minutes, fraud_flag, stationery_job_id, booking_type) VALUES (442, 54, 293, 75, 'ready', 59200, NOW() - INTERVAL '27 days 13 hours', 'qr_order_442', NULL, NULL, 20, NULL, false, 72, 'stationery') ON CONFLICT DO NOTHING;
INSERT INTO orders (id, user_id, slot_id, vendor_id, status, total_amount, created_at, qr_code, pickup_confirmed_at, pickup_confirmed_by, eta_minutes, actual_completion_minutes, fraud_flag, stationery_job_id, booking_type) VALUES (443, 50, 204, 72, 'placed', 12000, NOW() - INTERVAL '46 days 9 hours', 'qr_order_443', NULL, NULL, 20, NULL, false, 73, 'stationery') ON CONFLICT DO NOTHING;
INSERT INTO orders (id, user_id, slot_id, vendor_id, status, total_amount, created_at, qr_code, pickup_confirmed_at, pickup_confirmed_by, eta_minutes, actual_completion_minutes, fraud_flag, stationery_job_id, booking_type) VALUES (444, 50, 295, 75, 'picked', 21000, NOW() - INTERVAL '78 days 7 hours', 'qr_order_444', NOW() - INTERVAL '78 days 7 hours' + INTERVAL '25 minutes', 75, 20, 25, false, 74, 'stationery') ON CONFLICT DO NOTHING;
INSERT INTO orders (id, user_id, slot_id, vendor_id, status, total_amount, created_at, qr_code, pickup_confirmed_at, pickup_confirmed_by, eta_minutes, actual_completion_minutes, fraud_flag, stationery_job_id, booking_type) VALUES (445, 63, 236, 73, 'placed', 8000, NOW() - INTERVAL '44 days 21 hours', 'qr_order_445', NULL, NULL, 20, NULL, false, 75, 'stationery') ON CONFLICT DO NOTHING;
INSERT INTO orders (id, user_id, slot_id, vendor_id, status, total_amount, created_at, qr_code, pickup_confirmed_at, pickup_confirmed_by, eta_minutes, actual_completion_minutes, fraud_flag, stationery_job_id, booking_type) VALUES (446, 52, 237, 73, 'picked', 945000, NOW() - INTERVAL '51 days 18 hours', 'qr_order_446', NOW() - INTERVAL '51 days 18 hours' + INTERVAL '25 minutes', 73, 20, 25, false, 76, 'stationery') ON CONFLICT DO NOTHING;
INSERT INTO orders (id, user_id, slot_id, vendor_id, status, total_amount, created_at, qr_code, pickup_confirmed_at, pickup_confirmed_by, eta_minutes, actual_completion_minutes, fraud_flag, stationery_job_id, booking_type) VALUES (447, 4, 208, 72, 'picked', 8850, NOW() - INTERVAL '24 days 1 hours', 'qr_order_447', NOW() - INTERVAL '24 days 1 hours' + INTERVAL '25 minutes', 72, 20, 25, false, 77, 'stationery') ON CONFLICT DO NOTHING;
INSERT INTO orders (id, user_id, slot_id, vendor_id, status, total_amount, created_at, qr_code, pickup_confirmed_at, pickup_confirmed_by, eta_minutes, actual_completion_minutes, fraud_flag, stationery_job_id, booking_type) VALUES (448, 34, 299, 75, 'ready', 25600, NOW() - INTERVAL '49 days 8 hours', 'qr_order_448', NULL, NULL, 20, NULL, false, 78, 'stationery') ON CONFLICT DO NOTHING;
INSERT INTO orders (id, user_id, slot_id, vendor_id, status, total_amount, created_at, qr_code, pickup_confirmed_at, pickup_confirmed_by, eta_minutes, actual_completion_minutes, fraud_flag, stationery_job_id, booking_type) VALUES (449, 54, 270, 74, 'picked', 16250, NOW() - INTERVAL '7 days 11 hours', 'qr_order_449', NOW() - INTERVAL '7 days 11 hours' + INTERVAL '25 minutes', 74, 20, 25, false, 79, 'stationery') ON CONFLICT DO NOTHING;
INSERT INTO orders (id, user_id, slot_id, vendor_id, status, total_amount, created_at, qr_code, pickup_confirmed_at, pickup_confirmed_by, eta_minutes, actual_completion_minutes, fraud_flag, stationery_job_id, booking_type) VALUES (450, 29, 181, 72, 'picked', 1500, NOW() - INTERVAL '26 days 0 hours', 'qr_order_450', NOW() - INTERVAL '26 days 0 hours' + INTERVAL '25 minutes', 72, 20, 25, false, 80, 'stationery') ON CONFLICT DO NOTHING;
INSERT INTO orders (id, user_id, slot_id, vendor_id, status, total_amount, created_at, qr_code, pickup_confirmed_at, pickup_confirmed_by, eta_minutes, actual_completion_minutes, fraud_flag, stationery_job_id, booking_type) VALUES (451, 20, 212, 73, 'preparing', 292500, NOW() - INTERVAL '28 days 14 hours', 'qr_order_451', NULL, NULL, 20, NULL, false, 81, 'stationery') ON CONFLICT DO NOTHING;
INSERT INTO orders (id, user_id, slot_id, vendor_id, status, total_amount, created_at, qr_code, pickup_confirmed_at, pickup_confirmed_by, eta_minutes, actual_completion_minutes, fraud_flag, stationery_job_id, booking_type) VALUES (452, 33, 243, 74, 'picked', 98400, NOW() - INTERVAL '15 days 5 hours', 'qr_order_452', NOW() - INTERVAL '15 days 5 hours' + INTERVAL '25 minutes', 74, 20, 25, false, 82, 'stationery') ON CONFLICT DO NOTHING;
INSERT INTO orders (id, user_id, slot_id, vendor_id, status, total_amount, created_at, qr_code, pickup_confirmed_at, pickup_confirmed_by, eta_minutes, actual_completion_minutes, fraud_flag, stationery_job_id, booking_type) VALUES (453, 40, 184, 72, 'picked', 12000, NOW() - INTERVAL '49 days 12 hours', 'qr_order_453', NOW() - INTERVAL '49 days 12 hours' + INTERVAL '25 minutes', 72, 20, 25, false, 83, 'stationery') ON CONFLICT DO NOTHING;
INSERT INTO orders (id, user_id, slot_id, vendor_id, status, total_amount, created_at, qr_code, pickup_confirmed_at, pickup_confirmed_by, eta_minutes, actual_completion_minutes, fraud_flag, stationery_job_id, booking_type) VALUES (454, 26, 185, 72, 'preparing', 18000, NOW() - INTERVAL '39 days 21 hours', 'qr_order_454', NULL, NULL, 20, NULL, false, 84, 'stationery') ON CONFLICT DO NOTHING;
INSERT INTO orders (id, user_id, slot_id, vendor_id, status, total_amount, created_at, qr_code, pickup_confirmed_at, pickup_confirmed_by, eta_minutes, actual_completion_minutes, fraud_flag, stationery_job_id, booking_type) VALUES (455, 16, 186, 72, 'picked', 292000, NOW() - INTERVAL '9 days 16 hours', 'qr_order_455', NOW() - INTERVAL '9 days 16 hours' + INTERVAL '25 minutes', 72, 20, 25, false, 85, 'stationery') ON CONFLICT DO NOTHING;
INSERT INTO orders (id, user_id, slot_id, vendor_id, status, total_amount, created_at, qr_code, pickup_confirmed_at, pickup_confirmed_by, eta_minutes, actual_completion_minutes, fraud_flag, stationery_job_id, booking_type) VALUES (456, 44, 187, 72, 'ready', 5000, NOW() - INTERVAL '47 days 20 hours', 'qr_order_456', NULL, NULL, 20, NULL, false, 86, 'stationery') ON CONFLICT DO NOTHING;
INSERT INTO orders (id, user_id, slot_id, vendor_id, status, total_amount, created_at, qr_code, pickup_confirmed_at, pickup_confirmed_by, eta_minutes, actual_completion_minutes, fraud_flag, stationery_job_id, booking_type) VALUES (457, 59, 218, 73, 'picked', 24300, NOW() - INTERVAL '35 days 19 hours', 'qr_order_457', NOW() - INTERVAL '35 days 19 hours' + INTERVAL '25 minutes', 73, 20, 25, false, 87, 'stationery') ON CONFLICT DO NOTHING;
INSERT INTO orders (id, user_id, slot_id, vendor_id, status, total_amount, created_at, qr_code, pickup_confirmed_at, pickup_confirmed_by, eta_minutes, actual_completion_minutes, fraud_flag, stationery_job_id, booking_type) VALUES (458, 62, 279, 75, 'preparing', 294000, NOW() - INTERVAL '32 days 2 hours', 'qr_order_458', NULL, NULL, 20, NULL, false, 88, 'stationery') ON CONFLICT DO NOTHING;
INSERT INTO orders (id, user_id, slot_id, vendor_id, status, total_amount, created_at, qr_code, pickup_confirmed_at, pickup_confirmed_by, eta_minutes, actual_completion_minutes, fraud_flag, stationery_job_id, booking_type) VALUES (459, 36, 280, 75, 'picked', 18000, NOW() - INTERVAL '49 days 10 hours', 'qr_order_459', NOW() - INTERVAL '49 days 10 hours' + INTERVAL '25 minutes', 75, 20, 25, false, 89, 'stationery') ON CONFLICT DO NOTHING;
INSERT INTO orders (id, user_id, slot_id, vendor_id, status, total_amount, created_at, qr_code, pickup_confirmed_at, pickup_confirmed_by, eta_minutes, actual_completion_minutes, fraud_flag, stationery_job_id, booking_type) VALUES (460, 4, 281, 75, 'preparing', 22400, NOW() - INTERVAL '34 days 10 hours', 'qr_order_460', NULL, NULL, 20, NULL, false, 90, 'stationery') ON CONFLICT DO NOTHING;
INSERT INTO orders (id, user_id, slot_id, vendor_id, status, total_amount, created_at, qr_code, pickup_confirmed_at, pickup_confirmed_by, eta_minutes, actual_completion_minutes, fraud_flag, stationery_job_id, booking_type) VALUES (461, 36, 252, 74, 'picked', 4500, NOW() - INTERVAL '11 days 7 hours', 'qr_order_461', NOW() - INTERVAL '11 days 7 hours' + INTERVAL '25 minutes', 74, 20, 25, false, 91, 'stationery') ON CONFLICT DO NOTHING;
INSERT INTO orders (id, user_id, slot_id, vendor_id, status, total_amount, created_at, qr_code, pickup_confirmed_at, pickup_confirmed_by, eta_minutes, actual_completion_minutes, fraud_flag, stationery_job_id, booking_type) VALUES (462, 53, 283, 75, 'ready', 21000, NOW() - INTERVAL '63 days 14 hours', 'qr_order_462', NULL, NULL, 20, NULL, false, 92, 'stationery') ON CONFLICT DO NOTHING;
INSERT INTO orders (id, user_id, slot_id, vendor_id, status, total_amount, created_at, qr_code, pickup_confirmed_at, pickup_confirmed_by, eta_minutes, actual_completion_minutes, fraud_flag, stationery_job_id, booking_type) VALUES (463, 3, 194, 72, 'picked', 33000, NOW() - INTERVAL '40 days 21 hours', 'qr_order_463', NOW() - INTERVAL '40 days 21 hours' + INTERVAL '25 minutes', 72, 20, 25, false, 93, 'stationery') ON CONFLICT DO NOTHING;
INSERT INTO orders (id, user_id, slot_id, vendor_id, status, total_amount, created_at, qr_code, pickup_confirmed_at, pickup_confirmed_by, eta_minutes, actual_completion_minutes, fraud_flag, stationery_job_id, booking_type) VALUES (464, 48, 285, 75, 'ready', 14000, NOW() - INTERVAL '71 days 10 hours', 'qr_order_464', NULL, NULL, 20, NULL, false, 94, 'stationery') ON CONFLICT DO NOTHING;
INSERT INTO orders (id, user_id, slot_id, vendor_id, status, total_amount, created_at, qr_code, pickup_confirmed_at, pickup_confirmed_by, eta_minutes, actual_completion_minutes, fraud_flag, stationery_job_id, booking_type) VALUES (465, 46, 286, 75, 'preparing', 17600, NOW() - INTERVAL '25 days 10 hours', 'qr_order_465', NULL, NULL, 20, NULL, false, 95, 'stationery') ON CONFLICT DO NOTHING;
INSERT INTO orders (id, user_id, slot_id, vendor_id, status, total_amount, created_at, qr_code, pickup_confirmed_at, pickup_confirmed_by, eta_minutes, actual_completion_minutes, fraud_flag, stationery_job_id, booking_type) VALUES (466, 16, 227, 73, 'ready', 28800, NOW() - INTERVAL '76 days 16 hours', 'qr_order_466', NULL, NULL, 20, NULL, false, 96, 'stationery') ON CONFLICT DO NOTHING;
INSERT INTO orders (id, user_id, slot_id, vendor_id, status, total_amount, created_at, qr_code, pickup_confirmed_at, pickup_confirmed_by, eta_minutes, actual_completion_minutes, fraud_flag, stationery_job_id, booking_type) VALUES (467, 37, 198, 72, 'ready', 75600, NOW() - INTERVAL '39 days 0 hours', 'qr_order_467', NULL, NULL, 20, NULL, false, 97, 'stationery') ON CONFLICT DO NOTHING;
INSERT INTO orders (id, user_id, slot_id, vendor_id, status, total_amount, created_at, qr_code, pickup_confirmed_at, pickup_confirmed_by, eta_minutes, actual_completion_minutes, fraud_flag, stationery_job_id, booking_type) VALUES (468, 17, 259, 74, 'preparing', 4950, NOW() - INTERVAL '17 days 20 hours', 'qr_order_468', NULL, NULL, 20, NULL, false, 98, 'stationery') ON CONFLICT DO NOTHING;
INSERT INTO orders (id, user_id, slot_id, vendor_id, status, total_amount, created_at, qr_code, pickup_confirmed_at, pickup_confirmed_by, eta_minutes, actual_completion_minutes, fraud_flag, stationery_job_id, booking_type) VALUES (469, 63, 200, 72, 'ready', 31200, NOW() - INTERVAL '57 days 10 hours', 'qr_order_469', NULL, NULL, 20, NULL, false, 99, 'stationery') ON CONFLICT DO NOTHING;
INSERT INTO orders (id, user_id, slot_id, vendor_id, status, total_amount, created_at, qr_code, pickup_confirmed_at, pickup_confirmed_by, eta_minutes, actual_completion_minutes, fraud_flag, stationery_job_id, booking_type) VALUES (470, 24, 201, 72, 'picked', 33000, NOW() - INTERVAL '52 days 15 hours', 'qr_order_470', NOW() - INTERVAL '52 days 15 hours' + INTERVAL '25 minutes', 72, 20, 25, false, 100, 'stationery') ON CONFLICT DO NOTHING;
INSERT INTO orders (id, user_id, slot_id, vendor_id, status, total_amount, created_at, qr_code, pickup_confirmed_at, pickup_confirmed_by, eta_minutes, actual_completion_minutes, fraud_flag, stationery_job_id, booking_type) VALUES (471, 10, 202, 72, 'picked', 72000, NOW() - INTERVAL '11 days 7 hours', 'qr_order_471', NOW() - INTERVAL '11 days 7 hours' + INTERVAL '25 minutes', 72, 20, 25, false, 101, 'stationery') ON CONFLICT DO NOTHING;
INSERT INTO orders (id, user_id, slot_id, vendor_id, status, total_amount, created_at, qr_code, pickup_confirmed_at, pickup_confirmed_by, eta_minutes, actual_completion_minutes, fraud_flag, stationery_job_id, booking_type) VALUES (472, 16, 293, 75, 'preparing', 15000, NOW() - INTERVAL '67 days 12 hours', 'qr_order_472', NULL, NULL, 20, NULL, false, 102, 'stationery') ON CONFLICT DO NOTHING;
INSERT INTO orders (id, user_id, slot_id, vendor_id, status, total_amount, created_at, qr_code, pickup_confirmed_at, pickup_confirmed_by, eta_minutes, actual_completion_minutes, fraud_flag, stationery_job_id, booking_type) VALUES (473, 58, 294, 75, 'ready', 32000, NOW() - INTERVAL '80 days 1 hours', 'qr_order_473', NULL, NULL, 20, NULL, false, 103, 'stationery') ON CONFLICT DO NOTHING;
INSERT INTO orders (id, user_id, slot_id, vendor_id, status, total_amount, created_at, qr_code, pickup_confirmed_at, pickup_confirmed_by, eta_minutes, actual_completion_minutes, fraud_flag, stationery_job_id, booking_type) VALUES (474, 13, 235, 73, 'picked', 9600, NOW() - INTERVAL '21 days 7 hours', 'qr_order_474', NOW() - INTERVAL '21 days 7 hours' + INTERVAL '25 minutes', 73, 20, 25, false, 104, 'stationery') ON CONFLICT DO NOTHING;
INSERT INTO orders (id, user_id, slot_id, vendor_id, status, total_amount, created_at, qr_code, pickup_confirmed_at, pickup_confirmed_by, eta_minutes, actual_completion_minutes, fraud_flag, stationery_job_id, booking_type) VALUES (475, 23, 206, 72, 'ready', 10000, NOW() - INTERVAL '77 days 15 hours', 'qr_order_475', NULL, NULL, 20, NULL, false, 105, 'stationery') ON CONFLICT DO NOTHING;
INSERT INTO orders (id, user_id, slot_id, vendor_id, status, total_amount, created_at, qr_code, pickup_confirmed_at, pickup_confirmed_by, eta_minutes, actual_completion_minutes, fraud_flag, stationery_job_id, booking_type) VALUES (476, 38, 207, 72, 'preparing', 221400, NOW() - INTERVAL '59 days 2 hours', 'qr_order_476', NULL, NULL, 20, NULL, false, 106, 'stationery') ON CONFLICT DO NOTHING;
INSERT INTO orders (id, user_id, slot_id, vendor_id, status, total_amount, created_at, qr_code, pickup_confirmed_at, pickup_confirmed_by, eta_minutes, actual_completion_minutes, fraud_flag, stationery_job_id, booking_type) VALUES (477, 30, 268, 74, 'picked', 127500, NOW() - INTERVAL '26 days 13 hours', 'qr_order_477', NOW() - INTERVAL '26 days 13 hours' + INTERVAL '25 minutes', 74, 20, 25, false, 107, 'stationery') ON CONFLICT DO NOTHING;
INSERT INTO orders (id, user_id, slot_id, vendor_id, status, total_amount, created_at, qr_code, pickup_confirmed_at, pickup_confirmed_by, eta_minutes, actual_completion_minutes, fraud_flag, stationery_job_id, booking_type) VALUES (478, 15, 239, 73, 'picked', 7200, NOW() - INTERVAL '10 days 1 hours', 'qr_order_478', NOW() - INTERVAL '10 days 1 hours' + INTERVAL '25 minutes', 73, 20, 25, false, 108, 'stationery') ON CONFLICT DO NOTHING;
INSERT INTO orders (id, user_id, slot_id, vendor_id, status, total_amount, created_at, qr_code, pickup_confirmed_at, pickup_confirmed_by, eta_minutes, actual_completion_minutes, fraud_flag, stationery_job_id, booking_type) VALUES (479, 22, 270, 74, 'picked', 240000, NOW() - INTERVAL '57 days 3 hours', 'qr_order_479', NOW() - INTERVAL '57 days 3 hours' + INTERVAL '25 minutes', 74, 20, 25, false, 109, 'stationery') ON CONFLICT DO NOTHING;
INSERT INTO orders (id, user_id, slot_id, vendor_id, status, total_amount, created_at, qr_code, pickup_confirmed_at, pickup_confirmed_by, eta_minutes, actual_completion_minutes, fraud_flag, stationery_job_id, booking_type) VALUES (480, 60, 241, 74, 'picked', 560000, NOW() - INTERVAL '64 days 14 hours', 'qr_order_480', NOW() - INTERVAL '64 days 14 hours' + INTERVAL '25 minutes', 74, 20, 25, false, 110, 'stationery') ON CONFLICT DO NOTHING;
INSERT INTO orders (id, user_id, slot_id, vendor_id, status, total_amount, created_at, qr_code, pickup_confirmed_at, pickup_confirmed_by, eta_minutes, actual_completion_minutes, fraud_flag, stationery_job_id, booking_type) VALUES (481, 11, 182, 72, 'picked', 10000, NOW() - INTERVAL '4 days 2 hours', 'qr_order_481', NOW() - INTERVAL '4 days 2 hours' + INTERVAL '25 minutes', 72, 20, 25, false, 111, 'stationery') ON CONFLICT DO NOTHING;
INSERT INTO orders (id, user_id, slot_id, vendor_id, status, total_amount, created_at, qr_code, pickup_confirmed_at, pickup_confirmed_by, eta_minutes, actual_completion_minutes, fraud_flag, stationery_job_id, booking_type) VALUES (482, 30, 273, 75, 'picked', 5000, NOW() - INTERVAL '35 days 18 hours', 'qr_order_482', NOW() - INTERVAL '35 days 18 hours' + INTERVAL '25 minutes', 75, 20, 25, false, 112, 'stationery') ON CONFLICT DO NOTHING;
INSERT INTO orders (id, user_id, slot_id, vendor_id, status, total_amount, created_at, qr_code, pickup_confirmed_at, pickup_confirmed_by, eta_minutes, actual_completion_minutes, fraud_flag, stationery_job_id, booking_type) VALUES (483, 6, 214, 73, 'ready', 3195000, NOW() - INTERVAL '36 days 5 hours', 'qr_order_483', NULL, NULL, 20, NULL, false, 113, 'stationery') ON CONFLICT DO NOTHING;
INSERT INTO orders (id, user_id, slot_id, vendor_id, status, total_amount, created_at, qr_code, pickup_confirmed_at, pickup_confirmed_by, eta_minutes, actual_completion_minutes, fraud_flag, stationery_job_id, booking_type) VALUES (484, 56, 275, 75, 'ready', 6400, NOW() - INTERVAL '43 days 10 hours', 'qr_order_484', NULL, NULL, 20, NULL, false, 114, 'stationery') ON CONFLICT DO NOTHING;
INSERT INTO orders (id, user_id, slot_id, vendor_id, status, total_amount, created_at, qr_code, pickup_confirmed_at, pickup_confirmed_by, eta_minutes, actual_completion_minutes, fraud_flag, stationery_job_id, booking_type) VALUES (485, 14, 216, 73, 'ready', 24000, NOW() - INTERVAL '52 days 17 hours', 'qr_order_485', NULL, NULL, 20, NULL, false, 115, 'stationery') ON CONFLICT DO NOTHING;
INSERT INTO orders (id, user_id, slot_id, vendor_id, status, total_amount, created_at, qr_code, pickup_confirmed_at, pickup_confirmed_by, eta_minutes, actual_completion_minutes, fraud_flag, stationery_job_id, booking_type) VALUES (486, 5, 247, 74, 'ready', 22500, NOW() - INTERVAL '52 days 16 hours', 'qr_order_486', NULL, NULL, 20, NULL, false, 116, 'stationery') ON CONFLICT DO NOTHING;
INSERT INTO orders (id, user_id, slot_id, vendor_id, status, total_amount, created_at, qr_code, pickup_confirmed_at, pickup_confirmed_by, eta_minutes, actual_completion_minutes, fraud_flag, stationery_job_id, booking_type) VALUES (487, 1, 278, 75, 'placed', 14000, NOW() - INTERVAL '67 days 11 hours', 'qr_order_487', NULL, NULL, 20, NULL, false, 117, 'stationery') ON CONFLICT DO NOTHING;
INSERT INTO orders (id, user_id, slot_id, vendor_id, status, total_amount, created_at, qr_code, pickup_confirmed_at, pickup_confirmed_by, eta_minutes, actual_completion_minutes, fraud_flag, stationery_job_id, booking_type) VALUES (488, 64, 279, 75, 'preparing', 2200, NOW() - INTERVAL '17 days 9 hours', 'qr_order_488', NULL, NULL, 20, NULL, false, 118, 'stationery') ON CONFLICT DO NOTHING;
INSERT INTO orders (id, user_id, slot_id, vendor_id, status, total_amount, created_at, qr_code, pickup_confirmed_at, pickup_confirmed_by, eta_minutes, actual_completion_minutes, fraud_flag, stationery_job_id, booking_type) VALUES (489, 57, 280, 75, 'picked', 4000, NOW() - INTERVAL '78 days 7 hours', 'qr_order_489', NOW() - INTERVAL '78 days 7 hours' + INTERVAL '25 minutes', 75, 20, 25, false, 119, 'stationery') ON CONFLICT DO NOTHING;
INSERT INTO orders (id, user_id, slot_id, vendor_id, status, total_amount, created_at, qr_code, pickup_confirmed_at, pickup_confirmed_by, eta_minutes, actual_completion_minutes, fraud_flag, stationery_job_id, booking_type) VALUES (490, 21, 251, 74, 'ready', 4500, NOW() - INTERVAL '29 days 3 hours', 'qr_order_490', NULL, NULL, 20, NULL, false, 120, 'stationery') ON CONFLICT DO NOTHING;
INSERT INTO orders (id, user_id, slot_id, vendor_id, status, total_amount, created_at, qr_code, pickup_confirmed_at, pickup_confirmed_by, eta_minutes, actual_completion_minutes, fraud_flag, stationery_job_id, booking_type) VALUES (491, 60, 222, 73, 'picked', 7200, NOW() - INTERVAL '38 days 16 hours', 'qr_order_491', NOW() - INTERVAL '38 days 16 hours' + INTERVAL '25 minutes', 73, 20, 25, false, 121, 'stationery') ON CONFLICT DO NOTHING;
INSERT INTO orders (id, user_id, slot_id, vendor_id, status, total_amount, created_at, qr_code, pickup_confirmed_at, pickup_confirmed_by, eta_minutes, actual_completion_minutes, fraud_flag, stationery_job_id, booking_type) VALUES (492, 35, 253, 74, 'ready', 2500, NOW() - INTERVAL '19 days 12 hours', 'qr_order_492', NULL, NULL, 20, NULL, false, 122, 'stationery') ON CONFLICT DO NOTHING;
INSERT INTO orders (id, user_id, slot_id, vendor_id, status, total_amount, created_at, qr_code, pickup_confirmed_at, pickup_confirmed_by, eta_minutes, actual_completion_minutes, fraud_flag, stationery_job_id, booking_type) VALUES (493, 25, 284, 75, 'picked', 7000, NOW() - INTERVAL '36 days 13 hours', 'qr_order_493', NOW() - INTERVAL '36 days 13 hours' + INTERVAL '25 minutes', 75, 20, 25, false, 123, 'stationery') ON CONFLICT DO NOTHING;
INSERT INTO orders (id, user_id, slot_id, vendor_id, status, total_amount, created_at, qr_code, pickup_confirmed_at, pickup_confirmed_by, eta_minutes, actual_completion_minutes, fraud_flag, stationery_job_id, booking_type) VALUES (494, 44, 285, 75, 'picked', 2000, NOW() - INTERVAL '76 days 18 hours', 'qr_order_494', NOW() - INTERVAL '76 days 18 hours' + INTERVAL '25 minutes', 75, 20, 25, false, 124, 'stationery') ON CONFLICT DO NOTHING;
INSERT INTO orders (id, user_id, slot_id, vendor_id, status, total_amount, created_at, qr_code, pickup_confirmed_at, pickup_confirmed_by, eta_minutes, actual_completion_minutes, fraud_flag, stationery_job_id, booking_type) VALUES (495, 63, 226, 73, 'ready', 2190000, NOW() - INTERVAL '71 days 17 hours', 'qr_order_495', NULL, NULL, 20, NULL, false, 125, 'stationery') ON CONFLICT DO NOTHING;
INSERT INTO orders (id, user_id, slot_id, vendor_id, status, total_amount, created_at, qr_code, pickup_confirmed_at, pickup_confirmed_by, eta_minutes, actual_completion_minutes, fraud_flag, stationery_job_id, booking_type) VALUES (496, 49, 257, 74, 'preparing', 15660, NOW() - INTERVAL '50 days 7 hours', 'qr_order_496', NULL, NULL, 20, NULL, false, 126, 'stationery') ON CONFLICT DO NOTHING;
INSERT INTO orders (id, user_id, slot_id, vendor_id, status, total_amount, created_at, qr_code, pickup_confirmed_at, pickup_confirmed_by, eta_minutes, actual_completion_minutes, fraud_flag, stationery_job_id, booking_type) VALUES (497, 53, 228, 73, 'picked', 16000, NOW() - INTERVAL '49 days 12 hours', 'qr_order_497', NOW() - INTERVAL '49 days 12 hours' + INTERVAL '25 minutes', 73, 20, 25, false, 127, 'stationery') ON CONFLICT DO NOTHING;
INSERT INTO orders (id, user_id, slot_id, vendor_id, status, total_amount, created_at, qr_code, pickup_confirmed_at, pickup_confirmed_by, eta_minutes, actual_completion_minutes, fraud_flag, stationery_job_id, booking_type) VALUES (498, 20, 259, 74, 'picked', 9450, NOW() - INTERVAL '43 days 3 hours', 'qr_order_498', NOW() - INTERVAL '43 days 3 hours' + INTERVAL '25 minutes', 74, 20, 25, false, 128, 'stationery') ON CONFLICT DO NOTHING;
INSERT INTO orders (id, user_id, slot_id, vendor_id, status, total_amount, created_at, qr_code, pickup_confirmed_at, pickup_confirmed_by, eta_minutes, actual_completion_minutes, fraud_flag, stationery_job_id, booking_type) VALUES (499, 57, 200, 72, 'picked', 30000, NOW() - INTERVAL '53 days 20 hours', 'qr_order_499', NOW() - INTERVAL '53 days 20 hours' + INTERVAL '25 minutes', 72, 20, 25, false, 129, 'stationery') ON CONFLICT DO NOTHING;
INSERT INTO orders (id, user_id, slot_id, vendor_id, status, total_amount, created_at, qr_code, pickup_confirmed_at, pickup_confirmed_by, eta_minutes, actual_completion_minutes, fraud_flag, stationery_job_id, booking_type) VALUES (500, 20, 201, 72, 'picked', 50000, NOW() - INTERVAL '51 days 20 hours', 'qr_order_500', NOW() - INTERVAL '51 days 20 hours' + INTERVAL '25 minutes', 72, 20, 25, false, 130, 'stationery') ON CONFLICT DO NOTHING;

-- Order History (1500+ records)
INSERT INTO order_history (id, order_id, status, changed_at) VALUES (1, 1, 'placed', NOW() - INTERVAL '43 days 21 hours') ON CONFLICT DO NOTHING;
INSERT INTO order_history (id, order_id, status, changed_at) VALUES (2, 1, 'confirmed', NOW() - INTERVAL '43 days 21 hours' + INTERVAL '1 minute') ON CONFLICT DO NOTHING;
INSERT INTO order_history (id, order_id, status, changed_at) VALUES (3, 1, 'preparing', NOW() - INTERVAL '43 days 21 hours' + INTERVAL '3 minutes') ON CONFLICT DO NOTHING;
INSERT INTO order_history (id, order_id, status, changed_at) VALUES (4, 1, 'ready', NOW() - INTERVAL '43 days 21 hours' + INTERVAL '10 minutes') ON CONFLICT DO NOTHING;
INSERT INTO order_history (id, order_id, status, changed_at) VALUES (5, 1, 'picked', NOW() - INTERVAL '43 days 21 hours' + INTERVAL '12 minutes') ON CONFLICT DO NOTHING;
INSERT INTO order_history (id, order_id, status, changed_at) VALUES (6, 2, 'placed', NOW() - INTERVAL '37 days 7 hours') ON CONFLICT DO NOTHING;
INSERT INTO order_history (id, order_id, status, changed_at) VALUES (7, 2, 'confirmed', NOW() - INTERVAL '37 days 7 hours' + INTERVAL '1 minute') ON CONFLICT DO NOTHING;
INSERT INTO order_history (id, order_id, status, changed_at) VALUES (8, 2, 'preparing', NOW() - INTERVAL '37 days 7 hours' + INTERVAL '3 minutes') ON CONFLICT DO NOTHING;
INSERT INTO order_history (id, order_id, status, changed_at) VALUES (9, 2, 'ready', NOW() - INTERVAL '37 days 7 hours' + INTERVAL '10 minutes') ON CONFLICT DO NOTHING;
INSERT INTO order_history (id, order_id, status, changed_at) VALUES (10, 2, 'picked', NOW() - INTERVAL '37 days 7 hours' + INTERVAL '12 minutes') ON CONFLICT DO NOTHING;
INSERT INTO order_history (id, order_id, status, changed_at) VALUES (11, 3, 'placed', NOW() - INTERVAL '4 days 1 hours') ON CONFLICT DO NOTHING;
INSERT INTO order_history (id, order_id, status, changed_at) VALUES (12, 3, 'confirmed', NOW() - INTERVAL '4 days 1 hours' + INTERVAL '1 minute') ON CONFLICT DO NOTHING;
INSERT INTO order_history (id, order_id, status, changed_at) VALUES (13, 3, 'preparing', NOW() - INTERVAL '4 days 1 hours' + INTERVAL '3 minutes') ON CONFLICT DO NOTHING;
INSERT INTO order_history (id, order_id, status, changed_at) VALUES (14, 3, 'ready', NOW() - INTERVAL '4 days 1 hours' + INTERVAL '10 minutes') ON CONFLICT DO NOTHING;
INSERT INTO order_history (id, order_id, status, changed_at) VALUES (15, 3, 'picked', NOW() - INTERVAL '4 days 1 hours' + INTERVAL '12 minutes') ON CONFLICT DO NOTHING;
INSERT INTO order_history (id, order_id, status, changed_at) VALUES (16, 4, 'placed', NOW() - INTERVAL '32 days 16 hours') ON CONFLICT DO NOTHING;
INSERT INTO order_history (id, order_id, status, changed_at) VALUES (17, 4, 'confirmed', NOW() - INTERVAL '32 days 16 hours' + INTERVAL '1 minute') ON CONFLICT DO NOTHING;
INSERT INTO order_history (id, order_id, status, changed_at) VALUES (18, 4, 'preparing', NOW() - INTERVAL '32 days 16 hours' + INTERVAL '3 minutes') ON CONFLICT DO NOTHING;
INSERT INTO order_history (id, order_id, status, changed_at) VALUES (19, 4, 'ready', NOW() - INTERVAL '32 days 16 hours' + INTERVAL '10 minutes') ON CONFLICT DO NOTHING;
INSERT INTO order_history (id, order_id, status, changed_at) VALUES (20, 4, 'picked', NOW() - INTERVAL '32 days 16 hours' + INTERVAL '12 minutes') ON CONFLICT DO NOTHING;
INSERT INTO order_history (id, order_id, status, changed_at) VALUES (21, 5, 'placed', NOW() - INTERVAL '49 days 19 hours') ON CONFLICT DO NOTHING;
INSERT INTO order_history (id, order_id, status, changed_at) VALUES (22, 5, 'confirmed', NOW() - INTERVAL '49 days 19 hours' + INTERVAL '1 minute') ON CONFLICT DO NOTHING;
INSERT INTO order_history (id, order_id, status, changed_at) VALUES (23, 5, 'preparing', NOW() - INTERVAL '49 days 19 hours' + INTERVAL '3 minutes') ON CONFLICT DO NOTHING;
INSERT INTO order_history (id, order_id, status, changed_at) VALUES (24, 5, 'ready', NOW() - INTERVAL '49 days 19 hours' + INTERVAL '10 minutes') ON CONFLICT DO NOTHING;
INSERT INTO order_history (id, order_id, status, changed_at) VALUES (25, 5, 'picked', NOW() - INTERVAL '49 days 19 hours' + INTERVAL '12 minutes') ON CONFLICT DO NOTHING;
INSERT INTO order_history (id, order_id, status, changed_at) VALUES (26, 6, 'placed', NOW() - INTERVAL '2 days 14 hours') ON CONFLICT DO NOTHING;
INSERT INTO order_history (id, order_id, status, changed_at) VALUES (27, 6, 'confirmed', NOW() - INTERVAL '2 days 14 hours' + INTERVAL '1 minute') ON CONFLICT DO NOTHING;
INSERT INTO order_history (id, order_id, status, changed_at) VALUES (28, 6, 'preparing', NOW() - INTERVAL '2 days 14 hours' + INTERVAL '3 minutes') ON CONFLICT DO NOTHING;
INSERT INTO order_history (id, order_id, status, changed_at) VALUES (29, 6, 'ready', NOW() - INTERVAL '2 days 14 hours' + INTERVAL '10 minutes') ON CONFLICT DO NOTHING;
INSERT INTO order_history (id, order_id, status, changed_at) VALUES (30, 6, 'picked', NOW() - INTERVAL '2 days 14 hours' + INTERVAL '12 minutes') ON CONFLICT DO NOTHING;
INSERT INTO order_history (id, order_id, status, changed_at) VALUES (31, 7, 'placed', NOW() - INTERVAL '39 days 20 hours') ON CONFLICT DO NOTHING;
INSERT INTO order_history (id, order_id, status, changed_at) VALUES (32, 7, 'confirmed', NOW() - INTERVAL '39 days 20 hours' + INTERVAL '1 minute') ON CONFLICT DO NOTHING;
INSERT INTO order_history (id, order_id, status, changed_at) VALUES (33, 7, 'preparing', NOW() - INTERVAL '39 days 20 hours' + INTERVAL '3 minutes') ON CONFLICT DO NOTHING;
INSERT INTO order_history (id, order_id, status, changed_at) VALUES (34, 7, 'cancelled', NOW() - INTERVAL '39 days 20 hours' + INTERVAL '5 minutes') ON CONFLICT DO NOTHING;
INSERT INTO order_history (id, order_id, status, changed_at) VALUES (35, 8, 'placed', NOW() - INTERVAL '62 days 3 hours') ON CONFLICT DO NOTHING;
INSERT INTO order_history (id, order_id, status, changed_at) VALUES (36, 8, 'confirmed', NOW() - INTERVAL '62 days 3 hours' + INTERVAL '1 minute') ON CONFLICT DO NOTHING;
INSERT INTO order_history (id, order_id, status, changed_at) VALUES (37, 8, 'preparing', NOW() - INTERVAL '62 days 3 hours' + INTERVAL '3 minutes') ON CONFLICT DO NOTHING;
INSERT INTO order_history (id, order_id, status, changed_at) VALUES (38, 8, 'cancelled', NOW() - INTERVAL '62 days 3 hours' + INTERVAL '5 minutes') ON CONFLICT DO NOTHING;
INSERT INTO order_history (id, order_id, status, changed_at) VALUES (39, 9, 'placed', NOW() - INTERVAL '38 days 0 hours') ON CONFLICT DO NOTHING;
INSERT INTO order_history (id, order_id, status, changed_at) VALUES (40, 9, 'confirmed', NOW() - INTERVAL '38 days 0 hours' + INTERVAL '1 minute') ON CONFLICT DO NOTHING;
INSERT INTO order_history (id, order_id, status, changed_at) VALUES (41, 9, 'preparing', NOW() - INTERVAL '38 days 0 hours' + INTERVAL '3 minutes') ON CONFLICT DO NOTHING;
INSERT INTO order_history (id, order_id, status, changed_at) VALUES (42, 9, 'ready', NOW() - INTERVAL '38 days 0 hours' + INTERVAL '10 minutes') ON CONFLICT DO NOTHING;
INSERT INTO order_history (id, order_id, status, changed_at) VALUES (43, 9, 'picked', NOW() - INTERVAL '38 days 0 hours' + INTERVAL '12 minutes') ON CONFLICT DO NOTHING;
INSERT INTO order_history (id, order_id, status, changed_at) VALUES (44, 10, 'placed', NOW() - INTERVAL '30 days 19 hours') ON CONFLICT DO NOTHING;
INSERT INTO order_history (id, order_id, status, changed_at) VALUES (45, 10, 'confirmed', NOW() - INTERVAL '30 days 19 hours' + INTERVAL '1 minute') ON CONFLICT DO NOTHING;
INSERT INTO order_history (id, order_id, status, changed_at) VALUES (46, 10, 'preparing', NOW() - INTERVAL '30 days 19 hours' + INTERVAL '3 minutes') ON CONFLICT DO NOTHING;
INSERT INTO order_history (id, order_id, status, changed_at) VALUES (47, 10, 'ready', NOW() - INTERVAL '30 days 19 hours' + INTERVAL '10 minutes') ON CONFLICT DO NOTHING;
INSERT INTO order_history (id, order_id, status, changed_at) VALUES (48, 11, 'placed', NOW() - INTERVAL '81 days 20 hours') ON CONFLICT DO NOTHING;
INSERT INTO order_history (id, order_id, status, changed_at) VALUES (49, 11, 'confirmed', NOW() - INTERVAL '81 days 20 hours' + INTERVAL '1 minute') ON CONFLICT DO NOTHING;
INSERT INTO order_history (id, order_id, status, changed_at) VALUES (50, 11, 'preparing', NOW() - INTERVAL '81 days 20 hours' + INTERVAL '3 minutes') ON CONFLICT DO NOTHING;
INSERT INTO order_history (id, order_id, status, changed_at) VALUES (51, 11, 'ready', NOW() - INTERVAL '81 days 20 hours' + INTERVAL '10 minutes') ON CONFLICT DO NOTHING;
INSERT INTO order_history (id, order_id, status, changed_at) VALUES (52, 11, 'picked', NOW() - INTERVAL '81 days 20 hours' + INTERVAL '12 minutes') ON CONFLICT DO NOTHING;
INSERT INTO order_history (id, order_id, status, changed_at) VALUES (53, 12, 'placed', NOW() - INTERVAL '47 days 23 hours') ON CONFLICT DO NOTHING;
INSERT INTO order_history (id, order_id, status, changed_at) VALUES (54, 12, 'confirmed', NOW() - INTERVAL '47 days 23 hours' + INTERVAL '1 minute') ON CONFLICT DO NOTHING;
INSERT INTO order_history (id, order_id, status, changed_at) VALUES (55, 12, 'preparing', NOW() - INTERVAL '47 days 23 hours' + INTERVAL '3 minutes') ON CONFLICT DO NOTHING;
INSERT INTO order_history (id, order_id, status, changed_at) VALUES (56, 12, 'ready', NOW() - INTERVAL '47 days 23 hours' + INTERVAL '10 minutes') ON CONFLICT DO NOTHING;
INSERT INTO order_history (id, order_id, status, changed_at) VALUES (57, 12, 'picked', NOW() - INTERVAL '47 days 23 hours' + INTERVAL '12 minutes') ON CONFLICT DO NOTHING;
INSERT INTO order_history (id, order_id, status, changed_at) VALUES (58, 13, 'placed', NOW() - INTERVAL '54 days 5 hours') ON CONFLICT DO NOTHING;
INSERT INTO order_history (id, order_id, status, changed_at) VALUES (59, 13, 'confirmed', NOW() - INTERVAL '54 days 5 hours' + INTERVAL '1 minute') ON CONFLICT DO NOTHING;
INSERT INTO order_history (id, order_id, status, changed_at) VALUES (60, 13, 'preparing', NOW() - INTERVAL '54 days 5 hours' + INTERVAL '3 minutes') ON CONFLICT DO NOTHING;
INSERT INTO order_history (id, order_id, status, changed_at) VALUES (61, 13, 'ready', NOW() - INTERVAL '54 days 5 hours' + INTERVAL '10 minutes') ON CONFLICT DO NOTHING;
INSERT INTO order_history (id, order_id, status, changed_at) VALUES (62, 13, 'picked', NOW() - INTERVAL '54 days 5 hours' + INTERVAL '12 minutes') ON CONFLICT DO NOTHING;
INSERT INTO order_history (id, order_id, status, changed_at) VALUES (63, 14, 'placed', NOW() - INTERVAL '35 days 5 hours') ON CONFLICT DO NOTHING;
INSERT INTO order_history (id, order_id, status, changed_at) VALUES (64, 14, 'confirmed', NOW() - INTERVAL '35 days 5 hours' + INTERVAL '1 minute') ON CONFLICT DO NOTHING;
INSERT INTO order_history (id, order_id, status, changed_at) VALUES (65, 14, 'preparing', NOW() - INTERVAL '35 days 5 hours' + INTERVAL '3 minutes') ON CONFLICT DO NOTHING;
INSERT INTO order_history (id, order_id, status, changed_at) VALUES (66, 14, 'ready', NOW() - INTERVAL '35 days 5 hours' + INTERVAL '10 minutes') ON CONFLICT DO NOTHING;
INSERT INTO order_history (id, order_id, status, changed_at) VALUES (67, 14, 'picked', NOW() - INTERVAL '35 days 5 hours' + INTERVAL '12 minutes') ON CONFLICT DO NOTHING;
INSERT INTO order_history (id, order_id, status, changed_at) VALUES (68, 15, 'placed', NOW() - INTERVAL '10 days 4 hours') ON CONFLICT DO NOTHING;
INSERT INTO order_history (id, order_id, status, changed_at) VALUES (69, 15, 'confirmed', NOW() - INTERVAL '10 days 4 hours' + INTERVAL '1 minute') ON CONFLICT DO NOTHING;
INSERT INTO order_history (id, order_id, status, changed_at) VALUES (70, 15, 'preparing', NOW() - INTERVAL '10 days 4 hours' + INTERVAL '3 minutes') ON CONFLICT DO NOTHING;
INSERT INTO order_history (id, order_id, status, changed_at) VALUES (71, 15, 'ready', NOW() - INTERVAL '10 days 4 hours' + INTERVAL '10 minutes') ON CONFLICT DO NOTHING;
INSERT INTO order_history (id, order_id, status, changed_at) VALUES (72, 15, 'picked', NOW() - INTERVAL '10 days 4 hours' + INTERVAL '12 minutes') ON CONFLICT DO NOTHING;
INSERT INTO order_history (id, order_id, status, changed_at) VALUES (73, 16, 'placed', NOW() - INTERVAL '51 days 0 hours') ON CONFLICT DO NOTHING;
INSERT INTO order_history (id, order_id, status, changed_at) VALUES (74, 16, 'confirmed', NOW() - INTERVAL '51 days 0 hours' + INTERVAL '1 minute') ON CONFLICT DO NOTHING;
INSERT INTO order_history (id, order_id, status, changed_at) VALUES (75, 16, 'preparing', NOW() - INTERVAL '51 days 0 hours' + INTERVAL '3 minutes') ON CONFLICT DO NOTHING;
INSERT INTO order_history (id, order_id, status, changed_at) VALUES (76, 16, 'ready', NOW() - INTERVAL '51 days 0 hours' + INTERVAL '10 minutes') ON CONFLICT DO NOTHING;
INSERT INTO order_history (id, order_id, status, changed_at) VALUES (77, 16, 'picked', NOW() - INTERVAL '51 days 0 hours' + INTERVAL '12 minutes') ON CONFLICT DO NOTHING;
INSERT INTO order_history (id, order_id, status, changed_at) VALUES (78, 17, 'placed', NOW() - INTERVAL '82 days 11 hours') ON CONFLICT DO NOTHING;
INSERT INTO order_history (id, order_id, status, changed_at) VALUES (79, 17, 'confirmed', NOW() - INTERVAL '82 days 11 hours' + INTERVAL '1 minute') ON CONFLICT DO NOTHING;
INSERT INTO order_history (id, order_id, status, changed_at) VALUES (80, 17, 'preparing', NOW() - INTERVAL '82 days 11 hours' + INTERVAL '3 minutes') ON CONFLICT DO NOTHING;
INSERT INTO order_history (id, order_id, status, changed_at) VALUES (81, 17, 'ready', NOW() - INTERVAL '82 days 11 hours' + INTERVAL '10 minutes') ON CONFLICT DO NOTHING;
INSERT INTO order_history (id, order_id, status, changed_at) VALUES (82, 17, 'picked', NOW() - INTERVAL '82 days 11 hours' + INTERVAL '12 minutes') ON CONFLICT DO NOTHING;
INSERT INTO order_history (id, order_id, status, changed_at) VALUES (83, 18, 'placed', NOW() - INTERVAL '72 days 10 hours') ON CONFLICT DO NOTHING;
INSERT INTO order_history (id, order_id, status, changed_at) VALUES (84, 18, 'confirmed', NOW() - INTERVAL '72 days 10 hours' + INTERVAL '1 minute') ON CONFLICT DO NOTHING;
INSERT INTO order_history (id, order_id, status, changed_at) VALUES (85, 18, 'preparing', NOW() - INTERVAL '72 days 10 hours' + INTERVAL '3 minutes') ON CONFLICT DO NOTHING;
INSERT INTO order_history (id, order_id, status, changed_at) VALUES (86, 18, 'ready', NOW() - INTERVAL '72 days 10 hours' + INTERVAL '10 minutes') ON CONFLICT DO NOTHING;
INSERT INTO order_history (id, order_id, status, changed_at) VALUES (87, 18, 'picked', NOW() - INTERVAL '72 days 10 hours' + INTERVAL '12 minutes') ON CONFLICT DO NOTHING;
INSERT INTO order_history (id, order_id, status, changed_at) VALUES (88, 19, 'placed', NOW() - INTERVAL '5 days 9 hours') ON CONFLICT DO NOTHING;
INSERT INTO order_history (id, order_id, status, changed_at) VALUES (89, 19, 'confirmed', NOW() - INTERVAL '5 days 9 hours' + INTERVAL '1 minute') ON CONFLICT DO NOTHING;
INSERT INTO order_history (id, order_id, status, changed_at) VALUES (90, 19, 'preparing', NOW() - INTERVAL '5 days 9 hours' + INTERVAL '3 minutes') ON CONFLICT DO NOTHING;
INSERT INTO order_history (id, order_id, status, changed_at) VALUES (91, 19, 'ready', NOW() - INTERVAL '5 days 9 hours' + INTERVAL '10 minutes') ON CONFLICT DO NOTHING;
INSERT INTO order_history (id, order_id, status, changed_at) VALUES (92, 19, 'picked', NOW() - INTERVAL '5 days 9 hours' + INTERVAL '12 minutes') ON CONFLICT DO NOTHING;
INSERT INTO order_history (id, order_id, status, changed_at) VALUES (93, 20, 'placed', NOW() - INTERVAL '48 days 21 hours') ON CONFLICT DO NOTHING;
INSERT INTO order_history (id, order_id, status, changed_at) VALUES (94, 20, 'confirmed', NOW() - INTERVAL '48 days 21 hours' + INTERVAL '1 minute') ON CONFLICT DO NOTHING;
INSERT INTO order_history (id, order_id, status, changed_at) VALUES (95, 20, 'preparing', NOW() - INTERVAL '48 days 21 hours' + INTERVAL '3 minutes') ON CONFLICT DO NOTHING;
INSERT INTO order_history (id, order_id, status, changed_at) VALUES (96, 20, 'ready', NOW() - INTERVAL '48 days 21 hours' + INTERVAL '10 minutes') ON CONFLICT DO NOTHING;
INSERT INTO order_history (id, order_id, status, changed_at) VALUES (97, 20, 'picked', NOW() - INTERVAL '48 days 21 hours' + INTERVAL '12 minutes') ON CONFLICT DO NOTHING;
INSERT INTO order_history (id, order_id, status, changed_at) VALUES (98, 21, 'placed', NOW() - INTERVAL '36 days 1 hours') ON CONFLICT DO NOTHING;
INSERT INTO order_history (id, order_id, status, changed_at) VALUES (99, 21, 'confirmed', NOW() - INTERVAL '36 days 1 hours' + INTERVAL '1 minute') ON CONFLICT DO NOTHING;
INSERT INTO order_history (id, order_id, status, changed_at) VALUES (100, 21, 'preparing', NOW() - INTERVAL '36 days 1 hours' + INTERVAL '3 minutes') ON CONFLICT DO NOTHING;
INSERT INTO order_history (id, order_id, status, changed_at) VALUES (101, 22, 'placed', NOW() - INTERVAL '48 days 17 hours') ON CONFLICT DO NOTHING;
INSERT INTO order_history (id, order_id, status, changed_at) VALUES (102, 22, 'confirmed', NOW() - INTERVAL '48 days 17 hours' + INTERVAL '1 minute') ON CONFLICT DO NOTHING;
INSERT INTO order_history (id, order_id, status, changed_at) VALUES (103, 22, 'preparing', NOW() - INTERVAL '48 days 17 hours' + INTERVAL '3 minutes') ON CONFLICT DO NOTHING;
INSERT INTO order_history (id, order_id, status, changed_at) VALUES (104, 22, 'ready', NOW() - INTERVAL '48 days 17 hours' + INTERVAL '10 minutes') ON CONFLICT DO NOTHING;
INSERT INTO order_history (id, order_id, status, changed_at) VALUES (105, 22, 'picked', NOW() - INTERVAL '48 days 17 hours' + INTERVAL '12 minutes') ON CONFLICT DO NOTHING;
INSERT INTO order_history (id, order_id, status, changed_at) VALUES (106, 23, 'placed', NOW() - INTERVAL '59 days 2 hours') ON CONFLICT DO NOTHING;
INSERT INTO order_history (id, order_id, status, changed_at) VALUES (107, 23, 'confirmed', NOW() - INTERVAL '59 days 2 hours' + INTERVAL '1 minute') ON CONFLICT DO NOTHING;
INSERT INTO order_history (id, order_id, status, changed_at) VALUES (108, 23, 'preparing', NOW() - INTERVAL '59 days 2 hours' + INTERVAL '3 minutes') ON CONFLICT DO NOTHING;
INSERT INTO order_history (id, order_id, status, changed_at) VALUES (109, 24, 'placed', NOW() - INTERVAL '27 days 2 hours') ON CONFLICT DO NOTHING;
INSERT INTO order_history (id, order_id, status, changed_at) VALUES (110, 24, 'confirmed', NOW() - INTERVAL '27 days 2 hours' + INTERVAL '1 minute') ON CONFLICT DO NOTHING;
INSERT INTO order_history (id, order_id, status, changed_at) VALUES (111, 24, 'preparing', NOW() - INTERVAL '27 days 2 hours' + INTERVAL '3 minutes') ON CONFLICT DO NOTHING;
INSERT INTO order_history (id, order_id, status, changed_at) VALUES (112, 24, 'ready', NOW() - INTERVAL '27 days 2 hours' + INTERVAL '10 minutes') ON CONFLICT DO NOTHING;
INSERT INTO order_history (id, order_id, status, changed_at) VALUES (113, 25, 'placed', NOW() - INTERVAL '19 days 4 hours') ON CONFLICT DO NOTHING;
INSERT INTO order_history (id, order_id, status, changed_at) VALUES (114, 25, 'confirmed', NOW() - INTERVAL '19 days 4 hours' + INTERVAL '1 minute') ON CONFLICT DO NOTHING;
INSERT INTO order_history (id, order_id, status, changed_at) VALUES (115, 25, 'preparing', NOW() - INTERVAL '19 days 4 hours' + INTERVAL '3 minutes') ON CONFLICT DO NOTHING;
INSERT INTO order_history (id, order_id, status, changed_at) VALUES (116, 25, 'ready', NOW() - INTERVAL '19 days 4 hours' + INTERVAL '10 minutes') ON CONFLICT DO NOTHING;
INSERT INTO order_history (id, order_id, status, changed_at) VALUES (117, 25, 'picked', NOW() - INTERVAL '19 days 4 hours' + INTERVAL '12 minutes') ON CONFLICT DO NOTHING;
INSERT INTO order_history (id, order_id, status, changed_at) VALUES (118, 26, 'placed', NOW() - INTERVAL '31 days 18 hours') ON CONFLICT DO NOTHING;
INSERT INTO order_history (id, order_id, status, changed_at) VALUES (119, 26, 'confirmed', NOW() - INTERVAL '31 days 18 hours' + INTERVAL '1 minute') ON CONFLICT DO NOTHING;
INSERT INTO order_history (id, order_id, status, changed_at) VALUES (120, 26, 'preparing', NOW() - INTERVAL '31 days 18 hours' + INTERVAL '3 minutes') ON CONFLICT DO NOTHING;
INSERT INTO order_history (id, order_id, status, changed_at) VALUES (121, 26, 'ready', NOW() - INTERVAL '31 days 18 hours' + INTERVAL '10 minutes') ON CONFLICT DO NOTHING;
INSERT INTO order_history (id, order_id, status, changed_at) VALUES (122, 26, 'picked', NOW() - INTERVAL '31 days 18 hours' + INTERVAL '12 minutes') ON CONFLICT DO NOTHING;
INSERT INTO order_history (id, order_id, status, changed_at) VALUES (123, 27, 'placed', NOW() - INTERVAL '54 days 16 hours') ON CONFLICT DO NOTHING;
INSERT INTO order_history (id, order_id, status, changed_at) VALUES (124, 27, 'confirmed', NOW() - INTERVAL '54 days 16 hours' + INTERVAL '1 minute') ON CONFLICT DO NOTHING;
INSERT INTO order_history (id, order_id, status, changed_at) VALUES (125, 27, 'preparing', NOW() - INTERVAL '54 days 16 hours' + INTERVAL '3 minutes') ON CONFLICT DO NOTHING;
INSERT INTO order_history (id, order_id, status, changed_at) VALUES (126, 27, 'ready', NOW() - INTERVAL '54 days 16 hours' + INTERVAL '10 minutes') ON CONFLICT DO NOTHING;
INSERT INTO order_history (id, order_id, status, changed_at) VALUES (127, 27, 'picked', NOW() - INTERVAL '54 days 16 hours' + INTERVAL '12 minutes') ON CONFLICT DO NOTHING;
INSERT INTO order_history (id, order_id, status, changed_at) VALUES (128, 28, 'placed', NOW() - INTERVAL '47 days 16 hours') ON CONFLICT DO NOTHING;
INSERT INTO order_history (id, order_id, status, changed_at) VALUES (129, 28, 'confirmed', NOW() - INTERVAL '47 days 16 hours' + INTERVAL '1 minute') ON CONFLICT DO NOTHING;
INSERT INTO order_history (id, order_id, status, changed_at) VALUES (130, 28, 'preparing', NOW() - INTERVAL '47 days 16 hours' + INTERVAL '3 minutes') ON CONFLICT DO NOTHING;
INSERT INTO order_history (id, order_id, status, changed_at) VALUES (131, 28, 'ready', NOW() - INTERVAL '47 days 16 hours' + INTERVAL '10 minutes') ON CONFLICT DO NOTHING;
INSERT INTO order_history (id, order_id, status, changed_at) VALUES (132, 28, 'picked', NOW() - INTERVAL '47 days 16 hours' + INTERVAL '12 minutes') ON CONFLICT DO NOTHING;
INSERT INTO order_history (id, order_id, status, changed_at) VALUES (133, 29, 'placed', NOW() - INTERVAL '4 days 1 hours') ON CONFLICT DO NOTHING;
INSERT INTO order_history (id, order_id, status, changed_at) VALUES (134, 29, 'confirmed', NOW() - INTERVAL '4 days 1 hours' + INTERVAL '1 minute') ON CONFLICT DO NOTHING;
INSERT INTO order_history (id, order_id, status, changed_at) VALUES (135, 29, 'preparing', NOW() - INTERVAL '4 days 1 hours' + INTERVAL '3 minutes') ON CONFLICT DO NOTHING;
INSERT INTO order_history (id, order_id, status, changed_at) VALUES (136, 29, 'ready', NOW() - INTERVAL '4 days 1 hours' + INTERVAL '10 minutes') ON CONFLICT DO NOTHING;
INSERT INTO order_history (id, order_id, status, changed_at) VALUES (137, 29, 'picked', NOW() - INTERVAL '4 days 1 hours' + INTERVAL '12 minutes') ON CONFLICT DO NOTHING;
INSERT INTO order_history (id, order_id, status, changed_at) VALUES (138, 30, 'placed', NOW() - INTERVAL '57 days 2 hours') ON CONFLICT DO NOTHING;
INSERT INTO order_history (id, order_id, status, changed_at) VALUES (139, 30, 'confirmed', NOW() - INTERVAL '57 days 2 hours' + INTERVAL '1 minute') ON CONFLICT DO NOTHING;
INSERT INTO order_history (id, order_id, status, changed_at) VALUES (140, 30, 'preparing', NOW() - INTERVAL '57 days 2 hours' + INTERVAL '3 minutes') ON CONFLICT DO NOTHING;
INSERT INTO order_history (id, order_id, status, changed_at) VALUES (141, 30, 'ready', NOW() - INTERVAL '57 days 2 hours' + INTERVAL '10 minutes') ON CONFLICT DO NOTHING;
INSERT INTO order_history (id, order_id, status, changed_at) VALUES (142, 31, 'placed', NOW() - INTERVAL '36 days 19 hours') ON CONFLICT DO NOTHING;
INSERT INTO order_history (id, order_id, status, changed_at) VALUES (143, 31, 'confirmed', NOW() - INTERVAL '36 days 19 hours' + INTERVAL '1 minute') ON CONFLICT DO NOTHING;
INSERT INTO order_history (id, order_id, status, changed_at) VALUES (144, 31, 'preparing', NOW() - INTERVAL '36 days 19 hours' + INTERVAL '3 minutes') ON CONFLICT DO NOTHING;
INSERT INTO order_history (id, order_id, status, changed_at) VALUES (145, 31, 'ready', NOW() - INTERVAL '36 days 19 hours' + INTERVAL '10 minutes') ON CONFLICT DO NOTHING;
INSERT INTO order_history (id, order_id, status, changed_at) VALUES (146, 31, 'picked', NOW() - INTERVAL '36 days 19 hours' + INTERVAL '12 minutes') ON CONFLICT DO NOTHING;
INSERT INTO order_history (id, order_id, status, changed_at) VALUES (147, 32, 'placed', NOW() - INTERVAL '15 days 20 hours') ON CONFLICT DO NOTHING;
INSERT INTO order_history (id, order_id, status, changed_at) VALUES (148, 32, 'confirmed', NOW() - INTERVAL '15 days 20 hours' + INTERVAL '1 minute') ON CONFLICT DO NOTHING;
INSERT INTO order_history (id, order_id, status, changed_at) VALUES (149, 32, 'preparing', NOW() - INTERVAL '15 days 20 hours' + INTERVAL '3 minutes') ON CONFLICT DO NOTHING;
INSERT INTO order_history (id, order_id, status, changed_at) VALUES (150, 32, 'ready', NOW() - INTERVAL '15 days 20 hours' + INTERVAL '10 minutes') ON CONFLICT DO NOTHING;
INSERT INTO order_history (id, order_id, status, changed_at) VALUES (151, 32, 'picked', NOW() - INTERVAL '15 days 20 hours' + INTERVAL '12 minutes') ON CONFLICT DO NOTHING;
INSERT INTO order_history (id, order_id, status, changed_at) VALUES (152, 33, 'placed', NOW() - INTERVAL '52 days 13 hours') ON CONFLICT DO NOTHING;
INSERT INTO order_history (id, order_id, status, changed_at) VALUES (153, 33, 'confirmed', NOW() - INTERVAL '52 days 13 hours' + INTERVAL '1 minute') ON CONFLICT DO NOTHING;
INSERT INTO order_history (id, order_id, status, changed_at) VALUES (154, 33, 'preparing', NOW() - INTERVAL '52 days 13 hours' + INTERVAL '3 minutes') ON CONFLICT DO NOTHING;
INSERT INTO order_history (id, order_id, status, changed_at) VALUES (155, 34, 'placed', NOW() - INTERVAL '61 days 2 hours') ON CONFLICT DO NOTHING;
INSERT INTO order_history (id, order_id, status, changed_at) VALUES (156, 34, 'confirmed', NOW() - INTERVAL '61 days 2 hours' + INTERVAL '1 minute') ON CONFLICT DO NOTHING;
INSERT INTO order_history (id, order_id, status, changed_at) VALUES (157, 34, 'preparing', NOW() - INTERVAL '61 days 2 hours' + INTERVAL '3 minutes') ON CONFLICT DO NOTHING;
INSERT INTO order_history (id, order_id, status, changed_at) VALUES (158, 34, 'cancelled', NOW() - INTERVAL '61 days 2 hours' + INTERVAL '5 minutes') ON CONFLICT DO NOTHING;
INSERT INTO order_history (id, order_id, status, changed_at) VALUES (159, 35, 'placed', NOW() - INTERVAL '48 days 4 hours') ON CONFLICT DO NOTHING;
INSERT INTO order_history (id, order_id, status, changed_at) VALUES (160, 35, 'confirmed', NOW() - INTERVAL '48 days 4 hours' + INTERVAL '1 minute') ON CONFLICT DO NOTHING;
INSERT INTO order_history (id, order_id, status, changed_at) VALUES (161, 35, 'preparing', NOW() - INTERVAL '48 days 4 hours' + INTERVAL '3 minutes') ON CONFLICT DO NOTHING;
INSERT INTO order_history (id, order_id, status, changed_at) VALUES (162, 35, 'ready', NOW() - INTERVAL '48 days 4 hours' + INTERVAL '10 minutes') ON CONFLICT DO NOTHING;
INSERT INTO order_history (id, order_id, status, changed_at) VALUES (163, 35, 'picked', NOW() - INTERVAL '48 days 4 hours' + INTERVAL '12 minutes') ON CONFLICT DO NOTHING;
INSERT INTO order_history (id, order_id, status, changed_at) VALUES (164, 36, 'placed', NOW() - INTERVAL '7 days 9 hours') ON CONFLICT DO NOTHING;
INSERT INTO order_history (id, order_id, status, changed_at) VALUES (165, 36, 'confirmed', NOW() - INTERVAL '7 days 9 hours' + INTERVAL '1 minute') ON CONFLICT DO NOTHING;
INSERT INTO order_history (id, order_id, status, changed_at) VALUES (166, 36, 'preparing', NOW() - INTERVAL '7 days 9 hours' + INTERVAL '3 minutes') ON CONFLICT DO NOTHING;
INSERT INTO order_history (id, order_id, status, changed_at) VALUES (167, 37, 'placed', NOW() - INTERVAL '14 days 11 hours') ON CONFLICT DO NOTHING;
INSERT INTO order_history (id, order_id, status, changed_at) VALUES (168, 37, 'confirmed', NOW() - INTERVAL '14 days 11 hours' + INTERVAL '1 minute') ON CONFLICT DO NOTHING;
INSERT INTO order_history (id, order_id, status, changed_at) VALUES (169, 37, 'preparing', NOW() - INTERVAL '14 days 11 hours' + INTERVAL '3 minutes') ON CONFLICT DO NOTHING;
INSERT INTO order_history (id, order_id, status, changed_at) VALUES (170, 37, 'ready', NOW() - INTERVAL '14 days 11 hours' + INTERVAL '10 minutes') ON CONFLICT DO NOTHING;
INSERT INTO order_history (id, order_id, status, changed_at) VALUES (171, 37, 'picked', NOW() - INTERVAL '14 days 11 hours' + INTERVAL '12 minutes') ON CONFLICT DO NOTHING;
INSERT INTO order_history (id, order_id, status, changed_at) VALUES (172, 38, 'placed', NOW() - INTERVAL '85 days 22 hours') ON CONFLICT DO NOTHING;
INSERT INTO order_history (id, order_id, status, changed_at) VALUES (173, 38, 'confirmed', NOW() - INTERVAL '85 days 22 hours' + INTERVAL '1 minute') ON CONFLICT DO NOTHING;
INSERT INTO order_history (id, order_id, status, changed_at) VALUES (174, 38, 'preparing', NOW() - INTERVAL '85 days 22 hours' + INTERVAL '3 minutes') ON CONFLICT DO NOTHING;
INSERT INTO order_history (id, order_id, status, changed_at) VALUES (175, 38, 'ready', NOW() - INTERVAL '85 days 22 hours' + INTERVAL '10 minutes') ON CONFLICT DO NOTHING;
INSERT INTO order_history (id, order_id, status, changed_at) VALUES (176, 38, 'picked', NOW() - INTERVAL '85 days 22 hours' + INTERVAL '12 minutes') ON CONFLICT DO NOTHING;
INSERT INTO order_history (id, order_id, status, changed_at) VALUES (177, 39, 'placed', NOW() - INTERVAL '45 days 0 hours') ON CONFLICT DO NOTHING;
INSERT INTO order_history (id, order_id, status, changed_at) VALUES (178, 39, 'confirmed', NOW() - INTERVAL '45 days 0 hours' + INTERVAL '1 minute') ON CONFLICT DO NOTHING;
INSERT INTO order_history (id, order_id, status, changed_at) VALUES (179, 39, 'preparing', NOW() - INTERVAL '45 days 0 hours' + INTERVAL '3 minutes') ON CONFLICT DO NOTHING;
INSERT INTO order_history (id, order_id, status, changed_at) VALUES (180, 40, 'placed', NOW() - INTERVAL '82 days 0 hours') ON CONFLICT DO NOTHING;
INSERT INTO order_history (id, order_id, status, changed_at) VALUES (181, 40, 'confirmed', NOW() - INTERVAL '82 days 0 hours' + INTERVAL '1 minute') ON CONFLICT DO NOTHING;
INSERT INTO order_history (id, order_id, status, changed_at) VALUES (182, 40, 'preparing', NOW() - INTERVAL '82 days 0 hours' + INTERVAL '3 minutes') ON CONFLICT DO NOTHING;
INSERT INTO order_history (id, order_id, status, changed_at) VALUES (183, 40, 'ready', NOW() - INTERVAL '82 days 0 hours' + INTERVAL '10 minutes') ON CONFLICT DO NOTHING;
INSERT INTO order_history (id, order_id, status, changed_at) VALUES (184, 40, 'picked', NOW() - INTERVAL '82 days 0 hours' + INTERVAL '12 minutes') ON CONFLICT DO NOTHING;
INSERT INTO order_history (id, order_id, status, changed_at) VALUES (185, 41, 'placed', NOW() - INTERVAL '44 days 5 hours') ON CONFLICT DO NOTHING;
INSERT INTO order_history (id, order_id, status, changed_at) VALUES (186, 41, 'confirmed', NOW() - INTERVAL '44 days 5 hours' + INTERVAL '1 minute') ON CONFLICT DO NOTHING;
INSERT INTO order_history (id, order_id, status, changed_at) VALUES (187, 41, 'preparing', NOW() - INTERVAL '44 days 5 hours' + INTERVAL '3 minutes') ON CONFLICT DO NOTHING;
INSERT INTO order_history (id, order_id, status, changed_at) VALUES (188, 41, 'ready', NOW() - INTERVAL '44 days 5 hours' + INTERVAL '10 minutes') ON CONFLICT DO NOTHING;
INSERT INTO order_history (id, order_id, status, changed_at) VALUES (189, 41, 'picked', NOW() - INTERVAL '44 days 5 hours' + INTERVAL '12 minutes') ON CONFLICT DO NOTHING;
INSERT INTO order_history (id, order_id, status, changed_at) VALUES (190, 42, 'placed', NOW() - INTERVAL '80 days 1 hours') ON CONFLICT DO NOTHING;
INSERT INTO order_history (id, order_id, status, changed_at) VALUES (191, 42, 'confirmed', NOW() - INTERVAL '80 days 1 hours' + INTERVAL '1 minute') ON CONFLICT DO NOTHING;
INSERT INTO order_history (id, order_id, status, changed_at) VALUES (192, 42, 'preparing', NOW() - INTERVAL '80 days 1 hours' + INTERVAL '3 minutes') ON CONFLICT DO NOTHING;
INSERT INTO order_history (id, order_id, status, changed_at) VALUES (193, 42, 'ready', NOW() - INTERVAL '80 days 1 hours' + INTERVAL '10 minutes') ON CONFLICT DO NOTHING;
INSERT INTO order_history (id, order_id, status, changed_at) VALUES (194, 42, 'picked', NOW() - INTERVAL '80 days 1 hours' + INTERVAL '12 minutes') ON CONFLICT DO NOTHING;
INSERT INTO order_history (id, order_id, status, changed_at) VALUES (195, 43, 'placed', NOW() - INTERVAL '28 days 16 hours') ON CONFLICT DO NOTHING;
INSERT INTO order_history (id, order_id, status, changed_at) VALUES (196, 43, 'confirmed', NOW() - INTERVAL '28 days 16 hours' + INTERVAL '1 minute') ON CONFLICT DO NOTHING;
INSERT INTO order_history (id, order_id, status, changed_at) VALUES (197, 43, 'preparing', NOW() - INTERVAL '28 days 16 hours' + INTERVAL '3 minutes') ON CONFLICT DO NOTHING;
INSERT INTO order_history (id, order_id, status, changed_at) VALUES (198, 43, 'ready', NOW() - INTERVAL '28 days 16 hours' + INTERVAL '10 minutes') ON CONFLICT DO NOTHING;
INSERT INTO order_history (id, order_id, status, changed_at) VALUES (199, 43, 'picked', NOW() - INTERVAL '28 days 16 hours' + INTERVAL '12 minutes') ON CONFLICT DO NOTHING;
INSERT INTO order_history (id, order_id, status, changed_at) VALUES (200, 44, 'placed', NOW() - INTERVAL '76 days 15 hours') ON CONFLICT DO NOTHING;
INSERT INTO order_history (id, order_id, status, changed_at) VALUES (201, 44, 'confirmed', NOW() - INTERVAL '76 days 15 hours' + INTERVAL '1 minute') ON CONFLICT DO NOTHING;
INSERT INTO order_history (id, order_id, status, changed_at) VALUES (202, 44, 'preparing', NOW() - INTERVAL '76 days 15 hours' + INTERVAL '3 minutes') ON CONFLICT DO NOTHING;
INSERT INTO order_history (id, order_id, status, changed_at) VALUES (203, 44, 'ready', NOW() - INTERVAL '76 days 15 hours' + INTERVAL '10 minutes') ON CONFLICT DO NOTHING;
INSERT INTO order_history (id, order_id, status, changed_at) VALUES (204, 44, 'picked', NOW() - INTERVAL '76 days 15 hours' + INTERVAL '12 minutes') ON CONFLICT DO NOTHING;
INSERT INTO order_history (id, order_id, status, changed_at) VALUES (205, 45, 'placed', NOW() - INTERVAL '28 days 4 hours') ON CONFLICT DO NOTHING;
INSERT INTO order_history (id, order_id, status, changed_at) VALUES (206, 45, 'confirmed', NOW() - INTERVAL '28 days 4 hours' + INTERVAL '1 minute') ON CONFLICT DO NOTHING;
INSERT INTO order_history (id, order_id, status, changed_at) VALUES (207, 45, 'preparing', NOW() - INTERVAL '28 days 4 hours' + INTERVAL '3 minutes') ON CONFLICT DO NOTHING;
INSERT INTO order_history (id, order_id, status, changed_at) VALUES (208, 45, 'ready', NOW() - INTERVAL '28 days 4 hours' + INTERVAL '10 minutes') ON CONFLICT DO NOTHING;
INSERT INTO order_history (id, order_id, status, changed_at) VALUES (209, 45, 'picked', NOW() - INTERVAL '28 days 4 hours' + INTERVAL '12 minutes') ON CONFLICT DO NOTHING;
INSERT INTO order_history (id, order_id, status, changed_at) VALUES (210, 46, 'placed', NOW() - INTERVAL '56 days 5 hours') ON CONFLICT DO NOTHING;
INSERT INTO order_history (id, order_id, status, changed_at) VALUES (211, 46, 'confirmed', NOW() - INTERVAL '56 days 5 hours' + INTERVAL '1 minute') ON CONFLICT DO NOTHING;
INSERT INTO order_history (id, order_id, status, changed_at) VALUES (212, 46, 'preparing', NOW() - INTERVAL '56 days 5 hours' + INTERVAL '3 minutes') ON CONFLICT DO NOTHING;
INSERT INTO order_history (id, order_id, status, changed_at) VALUES (213, 46, 'ready', NOW() - INTERVAL '56 days 5 hours' + INTERVAL '10 minutes') ON CONFLICT DO NOTHING;
INSERT INTO order_history (id, order_id, status, changed_at) VALUES (214, 46, 'picked', NOW() - INTERVAL '56 days 5 hours' + INTERVAL '12 minutes') ON CONFLICT DO NOTHING;
INSERT INTO order_history (id, order_id, status, changed_at) VALUES (215, 47, 'placed', NOW() - INTERVAL '46 days 2 hours') ON CONFLICT DO NOTHING;
INSERT INTO order_history (id, order_id, status, changed_at) VALUES (216, 47, 'confirmed', NOW() - INTERVAL '46 days 2 hours' + INTERVAL '1 minute') ON CONFLICT DO NOTHING;
INSERT INTO order_history (id, order_id, status, changed_at) VALUES (217, 47, 'preparing', NOW() - INTERVAL '46 days 2 hours' + INTERVAL '3 minutes') ON CONFLICT DO NOTHING;
INSERT INTO order_history (id, order_id, status, changed_at) VALUES (218, 47, 'ready', NOW() - INTERVAL '46 days 2 hours' + INTERVAL '10 minutes') ON CONFLICT DO NOTHING;
INSERT INTO order_history (id, order_id, status, changed_at) VALUES (219, 47, 'picked', NOW() - INTERVAL '46 days 2 hours' + INTERVAL '12 minutes') ON CONFLICT DO NOTHING;
INSERT INTO order_history (id, order_id, status, changed_at) VALUES (220, 48, 'placed', NOW() - INTERVAL '41 days 18 hours') ON CONFLICT DO NOTHING;
INSERT INTO order_history (id, order_id, status, changed_at) VALUES (221, 48, 'confirmed', NOW() - INTERVAL '41 days 18 hours' + INTERVAL '1 minute') ON CONFLICT DO NOTHING;
INSERT INTO order_history (id, order_id, status, changed_at) VALUES (222, 48, 'preparing', NOW() - INTERVAL '41 days 18 hours' + INTERVAL '3 minutes') ON CONFLICT DO NOTHING;
INSERT INTO order_history (id, order_id, status, changed_at) VALUES (223, 49, 'placed', NOW() - INTERVAL '42 days 5 hours') ON CONFLICT DO NOTHING;
INSERT INTO order_history (id, order_id, status, changed_at) VALUES (224, 49, 'confirmed', NOW() - INTERVAL '42 days 5 hours' + INTERVAL '1 minute') ON CONFLICT DO NOTHING;
INSERT INTO order_history (id, order_id, status, changed_at) VALUES (225, 49, 'preparing', NOW() - INTERVAL '42 days 5 hours' + INTERVAL '3 minutes') ON CONFLICT DO NOTHING;
INSERT INTO order_history (id, order_id, status, changed_at) VALUES (226, 49, 'ready', NOW() - INTERVAL '42 days 5 hours' + INTERVAL '10 minutes') ON CONFLICT DO NOTHING;
INSERT INTO order_history (id, order_id, status, changed_at) VALUES (227, 49, 'picked', NOW() - INTERVAL '42 days 5 hours' + INTERVAL '12 minutes') ON CONFLICT DO NOTHING;
INSERT INTO order_history (id, order_id, status, changed_at) VALUES (228, 50, 'placed', NOW() - INTERVAL '52 days 16 hours') ON CONFLICT DO NOTHING;
INSERT INTO order_history (id, order_id, status, changed_at) VALUES (229, 50, 'confirmed', NOW() - INTERVAL '52 days 16 hours' + INTERVAL '1 minute') ON CONFLICT DO NOTHING;
INSERT INTO order_history (id, order_id, status, changed_at) VALUES (230, 50, 'preparing', NOW() - INTERVAL '52 days 16 hours' + INTERVAL '3 minutes') ON CONFLICT DO NOTHING;
INSERT INTO order_history (id, order_id, status, changed_at) VALUES (231, 50, 'ready', NOW() - INTERVAL '52 days 16 hours' + INTERVAL '10 minutes') ON CONFLICT DO NOTHING;
INSERT INTO order_history (id, order_id, status, changed_at) VALUES (232, 50, 'picked', NOW() - INTERVAL '52 days 16 hours' + INTERVAL '12 minutes') ON CONFLICT DO NOTHING;
INSERT INTO order_history (id, order_id, status, changed_at) VALUES (233, 51, 'placed', NOW() - INTERVAL '29 days 10 hours') ON CONFLICT DO NOTHING;
INSERT INTO order_history (id, order_id, status, changed_at) VALUES (234, 51, 'confirmed', NOW() - INTERVAL '29 days 10 hours' + INTERVAL '1 minute') ON CONFLICT DO NOTHING;
INSERT INTO order_history (id, order_id, status, changed_at) VALUES (235, 51, 'preparing', NOW() - INTERVAL '29 days 10 hours' + INTERVAL '3 minutes') ON CONFLICT DO NOTHING;
INSERT INTO order_history (id, order_id, status, changed_at) VALUES (236, 51, 'ready', NOW() - INTERVAL '29 days 10 hours' + INTERVAL '10 minutes') ON CONFLICT DO NOTHING;
INSERT INTO order_history (id, order_id, status, changed_at) VALUES (237, 52, 'placed', NOW() - INTERVAL '25 days 11 hours') ON CONFLICT DO NOTHING;
INSERT INTO order_history (id, order_id, status, changed_at) VALUES (238, 52, 'confirmed', NOW() - INTERVAL '25 days 11 hours' + INTERVAL '1 minute') ON CONFLICT DO NOTHING;
INSERT INTO order_history (id, order_id, status, changed_at) VALUES (239, 52, 'preparing', NOW() - INTERVAL '25 days 11 hours' + INTERVAL '3 minutes') ON CONFLICT DO NOTHING;
INSERT INTO order_history (id, order_id, status, changed_at) VALUES (240, 52, 'ready', NOW() - INTERVAL '25 days 11 hours' + INTERVAL '10 minutes') ON CONFLICT DO NOTHING;
INSERT INTO order_history (id, order_id, status, changed_at) VALUES (241, 52, 'picked', NOW() - INTERVAL '25 days 11 hours' + INTERVAL '12 minutes') ON CONFLICT DO NOTHING;
INSERT INTO order_history (id, order_id, status, changed_at) VALUES (242, 53, 'placed', NOW() - INTERVAL '23 days 19 hours') ON CONFLICT DO NOTHING;
INSERT INTO order_history (id, order_id, status, changed_at) VALUES (243, 53, 'confirmed', NOW() - INTERVAL '23 days 19 hours' + INTERVAL '1 minute') ON CONFLICT DO NOTHING;
INSERT INTO order_history (id, order_id, status, changed_at) VALUES (244, 53, 'preparing', NOW() - INTERVAL '23 days 19 hours' + INTERVAL '3 minutes') ON CONFLICT DO NOTHING;
INSERT INTO order_history (id, order_id, status, changed_at) VALUES (245, 53, 'ready', NOW() - INTERVAL '23 days 19 hours' + INTERVAL '10 minutes') ON CONFLICT DO NOTHING;
INSERT INTO order_history (id, order_id, status, changed_at) VALUES (246, 53, 'picked', NOW() - INTERVAL '23 days 19 hours' + INTERVAL '12 minutes') ON CONFLICT DO NOTHING;
INSERT INTO order_history (id, order_id, status, changed_at) VALUES (247, 54, 'placed', NOW() - INTERVAL '81 days 15 hours') ON CONFLICT DO NOTHING;
INSERT INTO order_history (id, order_id, status, changed_at) VALUES (248, 54, 'confirmed', NOW() - INTERVAL '81 days 15 hours' + INTERVAL '1 minute') ON CONFLICT DO NOTHING;
INSERT INTO order_history (id, order_id, status, changed_at) VALUES (249, 54, 'preparing', NOW() - INTERVAL '81 days 15 hours' + INTERVAL '3 minutes') ON CONFLICT DO NOTHING;
INSERT INTO order_history (id, order_id, status, changed_at) VALUES (250, 54, 'cancelled', NOW() - INTERVAL '81 days 15 hours' + INTERVAL '5 minutes') ON CONFLICT DO NOTHING;
INSERT INTO order_history (id, order_id, status, changed_at) VALUES (251, 55, 'placed', NOW() - INTERVAL '61 days 14 hours') ON CONFLICT DO NOTHING;
INSERT INTO order_history (id, order_id, status, changed_at) VALUES (252, 55, 'confirmed', NOW() - INTERVAL '61 days 14 hours' + INTERVAL '1 minute') ON CONFLICT DO NOTHING;
INSERT INTO order_history (id, order_id, status, changed_at) VALUES (253, 55, 'preparing', NOW() - INTERVAL '61 days 14 hours' + INTERVAL '3 minutes') ON CONFLICT DO NOTHING;
INSERT INTO order_history (id, order_id, status, changed_at) VALUES (254, 55, 'ready', NOW() - INTERVAL '61 days 14 hours' + INTERVAL '10 minutes') ON CONFLICT DO NOTHING;
INSERT INTO order_history (id, order_id, status, changed_at) VALUES (255, 55, 'picked', NOW() - INTERVAL '61 days 14 hours' + INTERVAL '12 minutes') ON CONFLICT DO NOTHING;
INSERT INTO order_history (id, order_id, status, changed_at) VALUES (256, 56, 'placed', NOW() - INTERVAL '58 days 1 hours') ON CONFLICT DO NOTHING;
INSERT INTO order_history (id, order_id, status, changed_at) VALUES (257, 56, 'confirmed', NOW() - INTERVAL '58 days 1 hours' + INTERVAL '1 minute') ON CONFLICT DO NOTHING;
INSERT INTO order_history (id, order_id, status, changed_at) VALUES (258, 56, 'preparing', NOW() - INTERVAL '58 days 1 hours' + INTERVAL '3 minutes') ON CONFLICT DO NOTHING;
INSERT INTO order_history (id, order_id, status, changed_at) VALUES (259, 56, 'ready', NOW() - INTERVAL '58 days 1 hours' + INTERVAL '10 minutes') ON CONFLICT DO NOTHING;
INSERT INTO order_history (id, order_id, status, changed_at) VALUES (260, 56, 'picked', NOW() - INTERVAL '58 days 1 hours' + INTERVAL '12 minutes') ON CONFLICT DO NOTHING;
INSERT INTO order_history (id, order_id, status, changed_at) VALUES (261, 57, 'placed', NOW() - INTERVAL '12 days 19 hours') ON CONFLICT DO NOTHING;
INSERT INTO order_history (id, order_id, status, changed_at) VALUES (262, 57, 'confirmed', NOW() - INTERVAL '12 days 19 hours' + INTERVAL '1 minute') ON CONFLICT DO NOTHING;
INSERT INTO order_history (id, order_id, status, changed_at) VALUES (263, 57, 'preparing', NOW() - INTERVAL '12 days 19 hours' + INTERVAL '3 minutes') ON CONFLICT DO NOTHING;
INSERT INTO order_history (id, order_id, status, changed_at) VALUES (264, 57, 'ready', NOW() - INTERVAL '12 days 19 hours' + INTERVAL '10 minutes') ON CONFLICT DO NOTHING;
INSERT INTO order_history (id, order_id, status, changed_at) VALUES (265, 57, 'picked', NOW() - INTERVAL '12 days 19 hours' + INTERVAL '12 minutes') ON CONFLICT DO NOTHING;
INSERT INTO order_history (id, order_id, status, changed_at) VALUES (266, 58, 'placed', NOW() - INTERVAL '61 days 16 hours') ON CONFLICT DO NOTHING;
INSERT INTO order_history (id, order_id, status, changed_at) VALUES (267, 58, 'confirmed', NOW() - INTERVAL '61 days 16 hours' + INTERVAL '1 minute') ON CONFLICT DO NOTHING;
INSERT INTO order_history (id, order_id, status, changed_at) VALUES (268, 58, 'preparing', NOW() - INTERVAL '61 days 16 hours' + INTERVAL '3 minutes') ON CONFLICT DO NOTHING;
INSERT INTO order_history (id, order_id, status, changed_at) VALUES (269, 58, 'ready', NOW() - INTERVAL '61 days 16 hours' + INTERVAL '10 minutes') ON CONFLICT DO NOTHING;
INSERT INTO order_history (id, order_id, status, changed_at) VALUES (270, 58, 'picked', NOW() - INTERVAL '61 days 16 hours' + INTERVAL '12 minutes') ON CONFLICT DO NOTHING;
INSERT INTO order_history (id, order_id, status, changed_at) VALUES (271, 59, 'placed', NOW() - INTERVAL '44 days 22 hours') ON CONFLICT DO NOTHING;
INSERT INTO order_history (id, order_id, status, changed_at) VALUES (272, 59, 'confirmed', NOW() - INTERVAL '44 days 22 hours' + INTERVAL '1 minute') ON CONFLICT DO NOTHING;
INSERT INTO order_history (id, order_id, status, changed_at) VALUES (273, 59, 'preparing', NOW() - INTERVAL '44 days 22 hours' + INTERVAL '3 minutes') ON CONFLICT DO NOTHING;
INSERT INTO order_history (id, order_id, status, changed_at) VALUES (274, 59, 'ready', NOW() - INTERVAL '44 days 22 hours' + INTERVAL '10 minutes') ON CONFLICT DO NOTHING;
INSERT INTO order_history (id, order_id, status, changed_at) VALUES (275, 59, 'picked', NOW() - INTERVAL '44 days 22 hours' + INTERVAL '12 minutes') ON CONFLICT DO NOTHING;
INSERT INTO order_history (id, order_id, status, changed_at) VALUES (276, 60, 'placed', NOW() - INTERVAL '57 days 14 hours') ON CONFLICT DO NOTHING;
INSERT INTO order_history (id, order_id, status, changed_at) VALUES (277, 60, 'confirmed', NOW() - INTERVAL '57 days 14 hours' + INTERVAL '1 minute') ON CONFLICT DO NOTHING;
INSERT INTO order_history (id, order_id, status, changed_at) VALUES (278, 60, 'preparing', NOW() - INTERVAL '57 days 14 hours' + INTERVAL '3 minutes') ON CONFLICT DO NOTHING;
INSERT INTO order_history (id, order_id, status, changed_at) VALUES (279, 60, 'ready', NOW() - INTERVAL '57 days 14 hours' + INTERVAL '10 minutes') ON CONFLICT DO NOTHING;
INSERT INTO order_history (id, order_id, status, changed_at) VALUES (280, 60, 'picked', NOW() - INTERVAL '57 days 14 hours' + INTERVAL '12 minutes') ON CONFLICT DO NOTHING;
INSERT INTO order_history (id, order_id, status, changed_at) VALUES (281, 61, 'placed', NOW() - INTERVAL '44 days 21 hours') ON CONFLICT DO NOTHING;
INSERT INTO order_history (id, order_id, status, changed_at) VALUES (282, 61, 'confirmed', NOW() - INTERVAL '44 days 21 hours' + INTERVAL '1 minute') ON CONFLICT DO NOTHING;
INSERT INTO order_history (id, order_id, status, changed_at) VALUES (283, 61, 'preparing', NOW() - INTERVAL '44 days 21 hours' + INTERVAL '3 minutes') ON CONFLICT DO NOTHING;
INSERT INTO order_history (id, order_id, status, changed_at) VALUES (284, 61, 'ready', NOW() - INTERVAL '44 days 21 hours' + INTERVAL '10 minutes') ON CONFLICT DO NOTHING;
INSERT INTO order_history (id, order_id, status, changed_at) VALUES (285, 61, 'picked', NOW() - INTERVAL '44 days 21 hours' + INTERVAL '12 minutes') ON CONFLICT DO NOTHING;
INSERT INTO order_history (id, order_id, status, changed_at) VALUES (286, 62, 'placed', NOW() - INTERVAL '85 days 19 hours') ON CONFLICT DO NOTHING;
INSERT INTO order_history (id, order_id, status, changed_at) VALUES (287, 62, 'confirmed', NOW() - INTERVAL '85 days 19 hours' + INTERVAL '1 minute') ON CONFLICT DO NOTHING;
INSERT INTO order_history (id, order_id, status, changed_at) VALUES (288, 62, 'preparing', NOW() - INTERVAL '85 days 19 hours' + INTERVAL '3 minutes') ON CONFLICT DO NOTHING;
INSERT INTO order_history (id, order_id, status, changed_at) VALUES (289, 62, 'ready', NOW() - INTERVAL '85 days 19 hours' + INTERVAL '10 minutes') ON CONFLICT DO NOTHING;
INSERT INTO order_history (id, order_id, status, changed_at) VALUES (290, 62, 'picked', NOW() - INTERVAL '85 days 19 hours' + INTERVAL '12 minutes') ON CONFLICT DO NOTHING;
INSERT INTO order_history (id, order_id, status, changed_at) VALUES (291, 63, 'placed', NOW() - INTERVAL '19 days 11 hours') ON CONFLICT DO NOTHING;
INSERT INTO order_history (id, order_id, status, changed_at) VALUES (292, 63, 'confirmed', NOW() - INTERVAL '19 days 11 hours' + INTERVAL '1 minute') ON CONFLICT DO NOTHING;
INSERT INTO order_history (id, order_id, status, changed_at) VALUES (293, 63, 'preparing', NOW() - INTERVAL '19 days 11 hours' + INTERVAL '3 minutes') ON CONFLICT DO NOTHING;
INSERT INTO order_history (id, order_id, status, changed_at) VALUES (294, 63, 'ready', NOW() - INTERVAL '19 days 11 hours' + INTERVAL '10 minutes') ON CONFLICT DO NOTHING;
INSERT INTO order_history (id, order_id, status, changed_at) VALUES (295, 63, 'picked', NOW() - INTERVAL '19 days 11 hours' + INTERVAL '12 minutes') ON CONFLICT DO NOTHING;
INSERT INTO order_history (id, order_id, status, changed_at) VALUES (296, 64, 'placed', NOW() - INTERVAL '83 days 10 hours') ON CONFLICT DO NOTHING;
INSERT INTO order_history (id, order_id, status, changed_at) VALUES (297, 64, 'confirmed', NOW() - INTERVAL '83 days 10 hours' + INTERVAL '1 minute') ON CONFLICT DO NOTHING;
INSERT INTO order_history (id, order_id, status, changed_at) VALUES (298, 64, 'preparing', NOW() - INTERVAL '83 days 10 hours' + INTERVAL '3 minutes') ON CONFLICT DO NOTHING;
INSERT INTO order_history (id, order_id, status, changed_at) VALUES (299, 64, 'ready', NOW() - INTERVAL '83 days 10 hours' + INTERVAL '10 minutes') ON CONFLICT DO NOTHING;
INSERT INTO order_history (id, order_id, status, changed_at) VALUES (300, 64, 'picked', NOW() - INTERVAL '83 days 10 hours' + INTERVAL '12 minutes') ON CONFLICT DO NOTHING;
INSERT INTO order_history (id, order_id, status, changed_at) VALUES (301, 65, 'placed', NOW() - INTERVAL '3 days 11 hours') ON CONFLICT DO NOTHING;
INSERT INTO order_history (id, order_id, status, changed_at) VALUES (302, 65, 'confirmed', NOW() - INTERVAL '3 days 11 hours' + INTERVAL '1 minute') ON CONFLICT DO NOTHING;
INSERT INTO order_history (id, order_id, status, changed_at) VALUES (303, 65, 'preparing', NOW() - INTERVAL '3 days 11 hours' + INTERVAL '3 minutes') ON CONFLICT DO NOTHING;
INSERT INTO order_history (id, order_id, status, changed_at) VALUES (304, 65, 'ready', NOW() - INTERVAL '3 days 11 hours' + INTERVAL '10 minutes') ON CONFLICT DO NOTHING;
INSERT INTO order_history (id, order_id, status, changed_at) VALUES (305, 65, 'picked', NOW() - INTERVAL '3 days 11 hours' + INTERVAL '12 minutes') ON CONFLICT DO NOTHING;
INSERT INTO order_history (id, order_id, status, changed_at) VALUES (306, 66, 'placed', NOW() - INTERVAL '18 days 4 hours') ON CONFLICT DO NOTHING;
INSERT INTO order_history (id, order_id, status, changed_at) VALUES (307, 66, 'confirmed', NOW() - INTERVAL '18 days 4 hours' + INTERVAL '1 minute') ON CONFLICT DO NOTHING;
INSERT INTO order_history (id, order_id, status, changed_at) VALUES (308, 66, 'preparing', NOW() - INTERVAL '18 days 4 hours' + INTERVAL '3 minutes') ON CONFLICT DO NOTHING;
INSERT INTO order_history (id, order_id, status, changed_at) VALUES (309, 66, 'ready', NOW() - INTERVAL '18 days 4 hours' + INTERVAL '10 minutes') ON CONFLICT DO NOTHING;
INSERT INTO order_history (id, order_id, status, changed_at) VALUES (310, 66, 'picked', NOW() - INTERVAL '18 days 4 hours' + INTERVAL '12 minutes') ON CONFLICT DO NOTHING;
INSERT INTO order_history (id, order_id, status, changed_at) VALUES (311, 67, 'placed', NOW() - INTERVAL '70 days 23 hours') ON CONFLICT DO NOTHING;
INSERT INTO order_history (id, order_id, status, changed_at) VALUES (312, 67, 'confirmed', NOW() - INTERVAL '70 days 23 hours' + INTERVAL '1 minute') ON CONFLICT DO NOTHING;
INSERT INTO order_history (id, order_id, status, changed_at) VALUES (313, 67, 'preparing', NOW() - INTERVAL '70 days 23 hours' + INTERVAL '3 minutes') ON CONFLICT DO NOTHING;
INSERT INTO order_history (id, order_id, status, changed_at) VALUES (314, 67, 'ready', NOW() - INTERVAL '70 days 23 hours' + INTERVAL '10 minutes') ON CONFLICT DO NOTHING;
INSERT INTO order_history (id, order_id, status, changed_at) VALUES (315, 67, 'picked', NOW() - INTERVAL '70 days 23 hours' + INTERVAL '12 minutes') ON CONFLICT DO NOTHING;
INSERT INTO order_history (id, order_id, status, changed_at) VALUES (316, 68, 'placed', NOW() - INTERVAL '80 days 5 hours') ON CONFLICT DO NOTHING;
INSERT INTO order_history (id, order_id, status, changed_at) VALUES (317, 68, 'confirmed', NOW() - INTERVAL '80 days 5 hours' + INTERVAL '1 minute') ON CONFLICT DO NOTHING;
INSERT INTO order_history (id, order_id, status, changed_at) VALUES (318, 68, 'preparing', NOW() - INTERVAL '80 days 5 hours' + INTERVAL '3 minutes') ON CONFLICT DO NOTHING;
INSERT INTO order_history (id, order_id, status, changed_at) VALUES (319, 68, 'ready', NOW() - INTERVAL '80 days 5 hours' + INTERVAL '10 minutes') ON CONFLICT DO NOTHING;
INSERT INTO order_history (id, order_id, status, changed_at) VALUES (320, 68, 'picked', NOW() - INTERVAL '80 days 5 hours' + INTERVAL '12 minutes') ON CONFLICT DO NOTHING;
INSERT INTO order_history (id, order_id, status, changed_at) VALUES (321, 69, 'placed', NOW() - INTERVAL '58 days 7 hours') ON CONFLICT DO NOTHING;
INSERT INTO order_history (id, order_id, status, changed_at) VALUES (322, 69, 'confirmed', NOW() - INTERVAL '58 days 7 hours' + INTERVAL '1 minute') ON CONFLICT DO NOTHING;
INSERT INTO order_history (id, order_id, status, changed_at) VALUES (323, 69, 'preparing', NOW() - INTERVAL '58 days 7 hours' + INTERVAL '3 minutes') ON CONFLICT DO NOTHING;
INSERT INTO order_history (id, order_id, status, changed_at) VALUES (324, 69, 'ready', NOW() - INTERVAL '58 days 7 hours' + INTERVAL '10 minutes') ON CONFLICT DO NOTHING;
INSERT INTO order_history (id, order_id, status, changed_at) VALUES (325, 69, 'picked', NOW() - INTERVAL '58 days 7 hours' + INTERVAL '12 minutes') ON CONFLICT DO NOTHING;
INSERT INTO order_history (id, order_id, status, changed_at) VALUES (326, 70, 'placed', NOW() - INTERVAL '37 days 12 hours') ON CONFLICT DO NOTHING;
INSERT INTO order_history (id, order_id, status, changed_at) VALUES (327, 70, 'confirmed', NOW() - INTERVAL '37 days 12 hours' + INTERVAL '1 minute') ON CONFLICT DO NOTHING;
INSERT INTO order_history (id, order_id, status, changed_at) VALUES (328, 70, 'preparing', NOW() - INTERVAL '37 days 12 hours' + INTERVAL '3 minutes') ON CONFLICT DO NOTHING;
INSERT INTO order_history (id, order_id, status, changed_at) VALUES (329, 70, 'ready', NOW() - INTERVAL '37 days 12 hours' + INTERVAL '10 minutes') ON CONFLICT DO NOTHING;
INSERT INTO order_history (id, order_id, status, changed_at) VALUES (330, 70, 'picked', NOW() - INTERVAL '37 days 12 hours' + INTERVAL '12 minutes') ON CONFLICT DO NOTHING;
INSERT INTO order_history (id, order_id, status, changed_at) VALUES (331, 71, 'placed', NOW() - INTERVAL '48 days 17 hours') ON CONFLICT DO NOTHING;
INSERT INTO order_history (id, order_id, status, changed_at) VALUES (332, 71, 'confirmed', NOW() - INTERVAL '48 days 17 hours' + INTERVAL '1 minute') ON CONFLICT DO NOTHING;
INSERT INTO order_history (id, order_id, status, changed_at) VALUES (333, 71, 'preparing', NOW() - INTERVAL '48 days 17 hours' + INTERVAL '3 minutes') ON CONFLICT DO NOTHING;
INSERT INTO order_history (id, order_id, status, changed_at) VALUES (334, 71, 'ready', NOW() - INTERVAL '48 days 17 hours' + INTERVAL '10 minutes') ON CONFLICT DO NOTHING;
INSERT INTO order_history (id, order_id, status, changed_at) VALUES (335, 71, 'picked', NOW() - INTERVAL '48 days 17 hours' + INTERVAL '12 minutes') ON CONFLICT DO NOTHING;
INSERT INTO order_history (id, order_id, status, changed_at) VALUES (336, 72, 'placed', NOW() - INTERVAL '21 days 8 hours') ON CONFLICT DO NOTHING;
INSERT INTO order_history (id, order_id, status, changed_at) VALUES (337, 72, 'confirmed', NOW() - INTERVAL '21 days 8 hours' + INTERVAL '1 minute') ON CONFLICT DO NOTHING;
INSERT INTO order_history (id, order_id, status, changed_at) VALUES (338, 72, 'preparing', NOW() - INTERVAL '21 days 8 hours' + INTERVAL '3 minutes') ON CONFLICT DO NOTHING;
INSERT INTO order_history (id, order_id, status, changed_at) VALUES (339, 72, 'ready', NOW() - INTERVAL '21 days 8 hours' + INTERVAL '10 minutes') ON CONFLICT DO NOTHING;
INSERT INTO order_history (id, order_id, status, changed_at) VALUES (340, 72, 'picked', NOW() - INTERVAL '21 days 8 hours' + INTERVAL '12 minutes') ON CONFLICT DO NOTHING;
INSERT INTO order_history (id, order_id, status, changed_at) VALUES (341, 73, 'placed', NOW() - INTERVAL '29 days 14 hours') ON CONFLICT DO NOTHING;
INSERT INTO order_history (id, order_id, status, changed_at) VALUES (342, 73, 'confirmed', NOW() - INTERVAL '29 days 14 hours' + INTERVAL '1 minute') ON CONFLICT DO NOTHING;
INSERT INTO order_history (id, order_id, status, changed_at) VALUES (343, 73, 'preparing', NOW() - INTERVAL '29 days 14 hours' + INTERVAL '3 minutes') ON CONFLICT DO NOTHING;
INSERT INTO order_history (id, order_id, status, changed_at) VALUES (344, 74, 'placed', NOW() - INTERVAL '31 days 12 hours') ON CONFLICT DO NOTHING;
INSERT INTO order_history (id, order_id, status, changed_at) VALUES (345, 74, 'confirmed', NOW() - INTERVAL '31 days 12 hours' + INTERVAL '1 minute') ON CONFLICT DO NOTHING;
INSERT INTO order_history (id, order_id, status, changed_at) VALUES (346, 74, 'preparing', NOW() - INTERVAL '31 days 12 hours' + INTERVAL '3 minutes') ON CONFLICT DO NOTHING;
INSERT INTO order_history (id, order_id, status, changed_at) VALUES (347, 74, 'ready', NOW() - INTERVAL '31 days 12 hours' + INTERVAL '10 minutes') ON CONFLICT DO NOTHING;
INSERT INTO order_history (id, order_id, status, changed_at) VALUES (348, 74, 'picked', NOW() - INTERVAL '31 days 12 hours' + INTERVAL '12 minutes') ON CONFLICT DO NOTHING;
INSERT INTO order_history (id, order_id, status, changed_at) VALUES (349, 75, 'placed', NOW() - INTERVAL '13 days 22 hours') ON CONFLICT DO NOTHING;
INSERT INTO order_history (id, order_id, status, changed_at) VALUES (350, 75, 'confirmed', NOW() - INTERVAL '13 days 22 hours' + INTERVAL '1 minute') ON CONFLICT DO NOTHING;
INSERT INTO order_history (id, order_id, status, changed_at) VALUES (351, 75, 'preparing', NOW() - INTERVAL '13 days 22 hours' + INTERVAL '3 minutes') ON CONFLICT DO NOTHING;
INSERT INTO order_history (id, order_id, status, changed_at) VALUES (352, 75, 'ready', NOW() - INTERVAL '13 days 22 hours' + INTERVAL '10 minutes') ON CONFLICT DO NOTHING;
INSERT INTO order_history (id, order_id, status, changed_at) VALUES (353, 75, 'picked', NOW() - INTERVAL '13 days 22 hours' + INTERVAL '12 minutes') ON CONFLICT DO NOTHING;
INSERT INTO order_history (id, order_id, status, changed_at) VALUES (354, 76, 'placed', NOW() - INTERVAL '18 days 22 hours') ON CONFLICT DO NOTHING;
INSERT INTO order_history (id, order_id, status, changed_at) VALUES (355, 76, 'confirmed', NOW() - INTERVAL '18 days 22 hours' + INTERVAL '1 minute') ON CONFLICT DO NOTHING;
INSERT INTO order_history (id, order_id, status, changed_at) VALUES (356, 76, 'preparing', NOW() - INTERVAL '18 days 22 hours' + INTERVAL '3 minutes') ON CONFLICT DO NOTHING;
INSERT INTO order_history (id, order_id, status, changed_at) VALUES (357, 76, 'ready', NOW() - INTERVAL '18 days 22 hours' + INTERVAL '10 minutes') ON CONFLICT DO NOTHING;
INSERT INTO order_history (id, order_id, status, changed_at) VALUES (358, 76, 'picked', NOW() - INTERVAL '18 days 22 hours' + INTERVAL '12 minutes') ON CONFLICT DO NOTHING;
INSERT INTO order_history (id, order_id, status, changed_at) VALUES (359, 77, 'placed', NOW() - INTERVAL '20 days 17 hours') ON CONFLICT DO NOTHING;
INSERT INTO order_history (id, order_id, status, changed_at) VALUES (360, 77, 'confirmed', NOW() - INTERVAL '20 days 17 hours' + INTERVAL '1 minute') ON CONFLICT DO NOTHING;
INSERT INTO order_history (id, order_id, status, changed_at) VALUES (361, 77, 'preparing', NOW() - INTERVAL '20 days 17 hours' + INTERVAL '3 minutes') ON CONFLICT DO NOTHING;
INSERT INTO order_history (id, order_id, status, changed_at) VALUES (362, 77, 'ready', NOW() - INTERVAL '20 days 17 hours' + INTERVAL '10 minutes') ON CONFLICT DO NOTHING;
INSERT INTO order_history (id, order_id, status, changed_at) VALUES (363, 77, 'picked', NOW() - INTERVAL '20 days 17 hours' + INTERVAL '12 minutes') ON CONFLICT DO NOTHING;
INSERT INTO order_history (id, order_id, status, changed_at) VALUES (364, 78, 'placed', NOW() - INTERVAL '54 days 20 hours') ON CONFLICT DO NOTHING;
INSERT INTO order_history (id, order_id, status, changed_at) VALUES (365, 78, 'confirmed', NOW() - INTERVAL '54 days 20 hours' + INTERVAL '1 minute') ON CONFLICT DO NOTHING;
INSERT INTO order_history (id, order_id, status, changed_at) VALUES (366, 78, 'preparing', NOW() - INTERVAL '54 days 20 hours' + INTERVAL '3 minutes') ON CONFLICT DO NOTHING;
INSERT INTO order_history (id, order_id, status, changed_at) VALUES (367, 78, 'ready', NOW() - INTERVAL '54 days 20 hours' + INTERVAL '10 minutes') ON CONFLICT DO NOTHING;
INSERT INTO order_history (id, order_id, status, changed_at) VALUES (368, 78, 'picked', NOW() - INTERVAL '54 days 20 hours' + INTERVAL '12 minutes') ON CONFLICT DO NOTHING;
INSERT INTO order_history (id, order_id, status, changed_at) VALUES (369, 79, 'placed', NOW() - INTERVAL '38 days 13 hours') ON CONFLICT DO NOTHING;
INSERT INTO order_history (id, order_id, status, changed_at) VALUES (370, 79, 'confirmed', NOW() - INTERVAL '38 days 13 hours' + INTERVAL '1 minute') ON CONFLICT DO NOTHING;
INSERT INTO order_history (id, order_id, status, changed_at) VALUES (371, 79, 'preparing', NOW() - INTERVAL '38 days 13 hours' + INTERVAL '3 minutes') ON CONFLICT DO NOTHING;
INSERT INTO order_history (id, order_id, status, changed_at) VALUES (372, 79, 'ready', NOW() - INTERVAL '38 days 13 hours' + INTERVAL '10 minutes') ON CONFLICT DO NOTHING;
INSERT INTO order_history (id, order_id, status, changed_at) VALUES (373, 80, 'placed', NOW() - INTERVAL '24 days 21 hours') ON CONFLICT DO NOTHING;
INSERT INTO order_history (id, order_id, status, changed_at) VALUES (374, 80, 'confirmed', NOW() - INTERVAL '24 days 21 hours' + INTERVAL '1 minute') ON CONFLICT DO NOTHING;
INSERT INTO order_history (id, order_id, status, changed_at) VALUES (375, 80, 'preparing', NOW() - INTERVAL '24 days 21 hours' + INTERVAL '3 minutes') ON CONFLICT DO NOTHING;
INSERT INTO order_history (id, order_id, status, changed_at) VALUES (376, 80, 'ready', NOW() - INTERVAL '24 days 21 hours' + INTERVAL '10 minutes') ON CONFLICT DO NOTHING;
INSERT INTO order_history (id, order_id, status, changed_at) VALUES (377, 80, 'picked', NOW() - INTERVAL '24 days 21 hours' + INTERVAL '12 minutes') ON CONFLICT DO NOTHING;
INSERT INTO order_history (id, order_id, status, changed_at) VALUES (378, 81, 'placed', NOW() - INTERVAL '50 days 11 hours') ON CONFLICT DO NOTHING;
INSERT INTO order_history (id, order_id, status, changed_at) VALUES (379, 81, 'confirmed', NOW() - INTERVAL '50 days 11 hours' + INTERVAL '1 minute') ON CONFLICT DO NOTHING;
INSERT INTO order_history (id, order_id, status, changed_at) VALUES (380, 81, 'preparing', NOW() - INTERVAL '50 days 11 hours' + INTERVAL '3 minutes') ON CONFLICT DO NOTHING;
INSERT INTO order_history (id, order_id, status, changed_at) VALUES (381, 81, 'ready', NOW() - INTERVAL '50 days 11 hours' + INTERVAL '10 minutes') ON CONFLICT DO NOTHING;
INSERT INTO order_history (id, order_id, status, changed_at) VALUES (382, 81, 'picked', NOW() - INTERVAL '50 days 11 hours' + INTERVAL '12 minutes') ON CONFLICT DO NOTHING;
INSERT INTO order_history (id, order_id, status, changed_at) VALUES (383, 82, 'placed', NOW() - INTERVAL '85 days 20 hours') ON CONFLICT DO NOTHING;
INSERT INTO order_history (id, order_id, status, changed_at) VALUES (384, 82, 'confirmed', NOW() - INTERVAL '85 days 20 hours' + INTERVAL '1 minute') ON CONFLICT DO NOTHING;
INSERT INTO order_history (id, order_id, status, changed_at) VALUES (385, 82, 'preparing', NOW() - INTERVAL '85 days 20 hours' + INTERVAL '3 minutes') ON CONFLICT DO NOTHING;
INSERT INTO order_history (id, order_id, status, changed_at) VALUES (386, 82, 'ready', NOW() - INTERVAL '85 days 20 hours' + INTERVAL '10 minutes') ON CONFLICT DO NOTHING;
INSERT INTO order_history (id, order_id, status, changed_at) VALUES (387, 82, 'picked', NOW() - INTERVAL '85 days 20 hours' + INTERVAL '12 minutes') ON CONFLICT DO NOTHING;
INSERT INTO order_history (id, order_id, status, changed_at) VALUES (388, 83, 'placed', NOW() - INTERVAL '70 days 10 hours') ON CONFLICT DO NOTHING;
INSERT INTO order_history (id, order_id, status, changed_at) VALUES (389, 83, 'confirmed', NOW() - INTERVAL '70 days 10 hours' + INTERVAL '1 minute') ON CONFLICT DO NOTHING;
INSERT INTO order_history (id, order_id, status, changed_at) VALUES (390, 83, 'preparing', NOW() - INTERVAL '70 days 10 hours' + INTERVAL '3 minutes') ON CONFLICT DO NOTHING;
INSERT INTO order_history (id, order_id, status, changed_at) VALUES (391, 83, 'ready', NOW() - INTERVAL '70 days 10 hours' + INTERVAL '10 minutes') ON CONFLICT DO NOTHING;
INSERT INTO order_history (id, order_id, status, changed_at) VALUES (392, 83, 'picked', NOW() - INTERVAL '70 days 10 hours' + INTERVAL '12 minutes') ON CONFLICT DO NOTHING;
INSERT INTO order_history (id, order_id, status, changed_at) VALUES (393, 84, 'placed', NOW() - INTERVAL '59 days 1 hours') ON CONFLICT DO NOTHING;
INSERT INTO order_history (id, order_id, status, changed_at) VALUES (394, 84, 'confirmed', NOW() - INTERVAL '59 days 1 hours' + INTERVAL '1 minute') ON CONFLICT DO NOTHING;
INSERT INTO order_history (id, order_id, status, changed_at) VALUES (395, 84, 'preparing', NOW() - INTERVAL '59 days 1 hours' + INTERVAL '3 minutes') ON CONFLICT DO NOTHING;
INSERT INTO order_history (id, order_id, status, changed_at) VALUES (396, 84, 'ready', NOW() - INTERVAL '59 days 1 hours' + INTERVAL '10 minutes') ON CONFLICT DO NOTHING;
INSERT INTO order_history (id, order_id, status, changed_at) VALUES (397, 85, 'placed', NOW() - INTERVAL '40 days 16 hours') ON CONFLICT DO NOTHING;
INSERT INTO order_history (id, order_id, status, changed_at) VALUES (398, 85, 'confirmed', NOW() - INTERVAL '40 days 16 hours' + INTERVAL '1 minute') ON CONFLICT DO NOTHING;
INSERT INTO order_history (id, order_id, status, changed_at) VALUES (399, 85, 'preparing', NOW() - INTERVAL '40 days 16 hours' + INTERVAL '3 minutes') ON CONFLICT DO NOTHING;
INSERT INTO order_history (id, order_id, status, changed_at) VALUES (400, 85, 'ready', NOW() - INTERVAL '40 days 16 hours' + INTERVAL '10 minutes') ON CONFLICT DO NOTHING;
INSERT INTO order_history (id, order_id, status, changed_at) VALUES (401, 85, 'picked', NOW() - INTERVAL '40 days 16 hours' + INTERVAL '12 minutes') ON CONFLICT DO NOTHING;
INSERT INTO order_history (id, order_id, status, changed_at) VALUES (402, 86, 'placed', NOW() - INTERVAL '7 days 20 hours') ON CONFLICT DO NOTHING;
INSERT INTO order_history (id, order_id, status, changed_at) VALUES (403, 86, 'confirmed', NOW() - INTERVAL '7 days 20 hours' + INTERVAL '1 minute') ON CONFLICT DO NOTHING;
INSERT INTO order_history (id, order_id, status, changed_at) VALUES (404, 86, 'preparing', NOW() - INTERVAL '7 days 20 hours' + INTERVAL '3 minutes') ON CONFLICT DO NOTHING;
INSERT INTO order_history (id, order_id, status, changed_at) VALUES (405, 86, 'ready', NOW() - INTERVAL '7 days 20 hours' + INTERVAL '10 minutes') ON CONFLICT DO NOTHING;
INSERT INTO order_history (id, order_id, status, changed_at) VALUES (406, 86, 'picked', NOW() - INTERVAL '7 days 20 hours' + INTERVAL '12 minutes') ON CONFLICT DO NOTHING;
INSERT INTO order_history (id, order_id, status, changed_at) VALUES (407, 87, 'placed', NOW() - INTERVAL '57 days 12 hours') ON CONFLICT DO NOTHING;
INSERT INTO order_history (id, order_id, status, changed_at) VALUES (408, 87, 'confirmed', NOW() - INTERVAL '57 days 12 hours' + INTERVAL '1 minute') ON CONFLICT DO NOTHING;
INSERT INTO order_history (id, order_id, status, changed_at) VALUES (409, 87, 'preparing', NOW() - INTERVAL '57 days 12 hours' + INTERVAL '3 minutes') ON CONFLICT DO NOTHING;
INSERT INTO order_history (id, order_id, status, changed_at) VALUES (410, 88, 'placed', NOW() - INTERVAL '67 days 8 hours') ON CONFLICT DO NOTHING;
INSERT INTO order_history (id, order_id, status, changed_at) VALUES (411, 88, 'confirmed', NOW() - INTERVAL '67 days 8 hours' + INTERVAL '1 minute') ON CONFLICT DO NOTHING;
INSERT INTO order_history (id, order_id, status, changed_at) VALUES (412, 88, 'preparing', NOW() - INTERVAL '67 days 8 hours' + INTERVAL '3 minutes') ON CONFLICT DO NOTHING;
INSERT INTO order_history (id, order_id, status, changed_at) VALUES (413, 89, 'placed', NOW() - INTERVAL '24 days 17 hours') ON CONFLICT DO NOTHING;
INSERT INTO order_history (id, order_id, status, changed_at) VALUES (414, 89, 'confirmed', NOW() - INTERVAL '24 days 17 hours' + INTERVAL '1 minute') ON CONFLICT DO NOTHING;
INSERT INTO order_history (id, order_id, status, changed_at) VALUES (415, 89, 'preparing', NOW() - INTERVAL '24 days 17 hours' + INTERVAL '3 minutes') ON CONFLICT DO NOTHING;
INSERT INTO order_history (id, order_id, status, changed_at) VALUES (416, 89, 'ready', NOW() - INTERVAL '24 days 17 hours' + INTERVAL '10 minutes') ON CONFLICT DO NOTHING;
INSERT INTO order_history (id, order_id, status, changed_at) VALUES (417, 89, 'picked', NOW() - INTERVAL '24 days 17 hours' + INTERVAL '12 minutes') ON CONFLICT DO NOTHING;
INSERT INTO order_history (id, order_id, status, changed_at) VALUES (418, 90, 'placed', NOW() - INTERVAL '40 days 14 hours') ON CONFLICT DO NOTHING;
INSERT INTO order_history (id, order_id, status, changed_at) VALUES (419, 90, 'confirmed', NOW() - INTERVAL '40 days 14 hours' + INTERVAL '1 minute') ON CONFLICT DO NOTHING;
INSERT INTO order_history (id, order_id, status, changed_at) VALUES (420, 90, 'preparing', NOW() - INTERVAL '40 days 14 hours' + INTERVAL '3 minutes') ON CONFLICT DO NOTHING;
INSERT INTO order_history (id, order_id, status, changed_at) VALUES (421, 90, 'ready', NOW() - INTERVAL '40 days 14 hours' + INTERVAL '10 minutes') ON CONFLICT DO NOTHING;
INSERT INTO order_history (id, order_id, status, changed_at) VALUES (422, 90, 'picked', NOW() - INTERVAL '40 days 14 hours' + INTERVAL '12 minutes') ON CONFLICT DO NOTHING;
INSERT INTO order_history (id, order_id, status, changed_at) VALUES (423, 91, 'placed', NOW() - INTERVAL '46 days 19 hours') ON CONFLICT DO NOTHING;
INSERT INTO order_history (id, order_id, status, changed_at) VALUES (424, 91, 'confirmed', NOW() - INTERVAL '46 days 19 hours' + INTERVAL '1 minute') ON CONFLICT DO NOTHING;
INSERT INTO order_history (id, order_id, status, changed_at) VALUES (425, 91, 'preparing', NOW() - INTERVAL '46 days 19 hours' + INTERVAL '3 minutes') ON CONFLICT DO NOTHING;
INSERT INTO order_history (id, order_id, status, changed_at) VALUES (426, 91, 'ready', NOW() - INTERVAL '46 days 19 hours' + INTERVAL '10 minutes') ON CONFLICT DO NOTHING;
INSERT INTO order_history (id, order_id, status, changed_at) VALUES (427, 92, 'placed', NOW() - INTERVAL '21 days 0 hours') ON CONFLICT DO NOTHING;
INSERT INTO order_history (id, order_id, status, changed_at) VALUES (428, 92, 'confirmed', NOW() - INTERVAL '21 days 0 hours' + INTERVAL '1 minute') ON CONFLICT DO NOTHING;
INSERT INTO order_history (id, order_id, status, changed_at) VALUES (429, 92, 'preparing', NOW() - INTERVAL '21 days 0 hours' + INTERVAL '3 minutes') ON CONFLICT DO NOTHING;
INSERT INTO order_history (id, order_id, status, changed_at) VALUES (430, 92, 'ready', NOW() - INTERVAL '21 days 0 hours' + INTERVAL '10 minutes') ON CONFLICT DO NOTHING;
INSERT INTO order_history (id, order_id, status, changed_at) VALUES (431, 92, 'picked', NOW() - INTERVAL '21 days 0 hours' + INTERVAL '12 minutes') ON CONFLICT DO NOTHING;
INSERT INTO order_history (id, order_id, status, changed_at) VALUES (432, 93, 'placed', NOW() - INTERVAL '31 days 20 hours') ON CONFLICT DO NOTHING;
INSERT INTO order_history (id, order_id, status, changed_at) VALUES (433, 93, 'confirmed', NOW() - INTERVAL '31 days 20 hours' + INTERVAL '1 minute') ON CONFLICT DO NOTHING;
INSERT INTO order_history (id, order_id, status, changed_at) VALUES (434, 93, 'preparing', NOW() - INTERVAL '31 days 20 hours' + INTERVAL '3 minutes') ON CONFLICT DO NOTHING;
INSERT INTO order_history (id, order_id, status, changed_at) VALUES (435, 93, 'ready', NOW() - INTERVAL '31 days 20 hours' + INTERVAL '10 minutes') ON CONFLICT DO NOTHING;
INSERT INTO order_history (id, order_id, status, changed_at) VALUES (436, 93, 'picked', NOW() - INTERVAL '31 days 20 hours' + INTERVAL '12 minutes') ON CONFLICT DO NOTHING;
INSERT INTO order_history (id, order_id, status, changed_at) VALUES (437, 94, 'placed', NOW() - INTERVAL '48 days 11 hours') ON CONFLICT DO NOTHING;
INSERT INTO order_history (id, order_id, status, changed_at) VALUES (438, 94, 'confirmed', NOW() - INTERVAL '48 days 11 hours' + INTERVAL '1 minute') ON CONFLICT DO NOTHING;
INSERT INTO order_history (id, order_id, status, changed_at) VALUES (439, 94, 'preparing', NOW() - INTERVAL '48 days 11 hours' + INTERVAL '3 minutes') ON CONFLICT DO NOTHING;
INSERT INTO order_history (id, order_id, status, changed_at) VALUES (440, 94, 'ready', NOW() - INTERVAL '48 days 11 hours' + INTERVAL '10 minutes') ON CONFLICT DO NOTHING;
INSERT INTO order_history (id, order_id, status, changed_at) VALUES (441, 94, 'picked', NOW() - INTERVAL '48 days 11 hours' + INTERVAL '12 minutes') ON CONFLICT DO NOTHING;
INSERT INTO order_history (id, order_id, status, changed_at) VALUES (442, 95, 'placed', NOW() - INTERVAL '36 days 7 hours') ON CONFLICT DO NOTHING;
INSERT INTO order_history (id, order_id, status, changed_at) VALUES (443, 95, 'confirmed', NOW() - INTERVAL '36 days 7 hours' + INTERVAL '1 minute') ON CONFLICT DO NOTHING;
INSERT INTO order_history (id, order_id, status, changed_at) VALUES (444, 95, 'preparing', NOW() - INTERVAL '36 days 7 hours' + INTERVAL '3 minutes') ON CONFLICT DO NOTHING;
INSERT INTO order_history (id, order_id, status, changed_at) VALUES (445, 95, 'ready', NOW() - INTERVAL '36 days 7 hours' + INTERVAL '10 minutes') ON CONFLICT DO NOTHING;
INSERT INTO order_history (id, order_id, status, changed_at) VALUES (446, 95, 'picked', NOW() - INTERVAL '36 days 7 hours' + INTERVAL '12 minutes') ON CONFLICT DO NOTHING;
INSERT INTO order_history (id, order_id, status, changed_at) VALUES (447, 96, 'placed', NOW() - INTERVAL '50 days 17 hours') ON CONFLICT DO NOTHING;
INSERT INTO order_history (id, order_id, status, changed_at) VALUES (448, 96, 'confirmed', NOW() - INTERVAL '50 days 17 hours' + INTERVAL '1 minute') ON CONFLICT DO NOTHING;
INSERT INTO order_history (id, order_id, status, changed_at) VALUES (449, 96, 'preparing', NOW() - INTERVAL '50 days 17 hours' + INTERVAL '3 minutes') ON CONFLICT DO NOTHING;
INSERT INTO order_history (id, order_id, status, changed_at) VALUES (450, 96, 'ready', NOW() - INTERVAL '50 days 17 hours' + INTERVAL '10 minutes') ON CONFLICT DO NOTHING;
INSERT INTO order_history (id, order_id, status, changed_at) VALUES (451, 96, 'picked', NOW() - INTERVAL '50 days 17 hours' + INTERVAL '12 minutes') ON CONFLICT DO NOTHING;
INSERT INTO order_history (id, order_id, status, changed_at) VALUES (452, 97, 'placed', NOW() - INTERVAL '28 days 19 hours') ON CONFLICT DO NOTHING;
INSERT INTO order_history (id, order_id, status, changed_at) VALUES (453, 97, 'confirmed', NOW() - INTERVAL '28 days 19 hours' + INTERVAL '1 minute') ON CONFLICT DO NOTHING;
INSERT INTO order_history (id, order_id, status, changed_at) VALUES (454, 97, 'preparing', NOW() - INTERVAL '28 days 19 hours' + INTERVAL '3 minutes') ON CONFLICT DO NOTHING;
INSERT INTO order_history (id, order_id, status, changed_at) VALUES (455, 97, 'ready', NOW() - INTERVAL '28 days 19 hours' + INTERVAL '10 minutes') ON CONFLICT DO NOTHING;
INSERT INTO order_history (id, order_id, status, changed_at) VALUES (456, 98, 'placed', NOW() - INTERVAL '58 days 5 hours') ON CONFLICT DO NOTHING;
INSERT INTO order_history (id, order_id, status, changed_at) VALUES (457, 98, 'confirmed', NOW() - INTERVAL '58 days 5 hours' + INTERVAL '1 minute') ON CONFLICT DO NOTHING;
INSERT INTO order_history (id, order_id, status, changed_at) VALUES (458, 98, 'preparing', NOW() - INTERVAL '58 days 5 hours' + INTERVAL '3 minutes') ON CONFLICT DO NOTHING;
INSERT INTO order_history (id, order_id, status, changed_at) VALUES (459, 99, 'placed', NOW() - INTERVAL '21 days 22 hours') ON CONFLICT DO NOTHING;
INSERT INTO order_history (id, order_id, status, changed_at) VALUES (460, 99, 'confirmed', NOW() - INTERVAL '21 days 22 hours' + INTERVAL '1 minute') ON CONFLICT DO NOTHING;
INSERT INTO order_history (id, order_id, status, changed_at) VALUES (461, 99, 'preparing', NOW() - INTERVAL '21 days 22 hours' + INTERVAL '3 minutes') ON CONFLICT DO NOTHING;
INSERT INTO order_history (id, order_id, status, changed_at) VALUES (462, 100, 'placed', NOW() - INTERVAL '31 days 15 hours') ON CONFLICT DO NOTHING;
INSERT INTO order_history (id, order_id, status, changed_at) VALUES (463, 100, 'confirmed', NOW() - INTERVAL '31 days 15 hours' + INTERVAL '1 minute') ON CONFLICT DO NOTHING;
INSERT INTO order_history (id, order_id, status, changed_at) VALUES (464, 100, 'preparing', NOW() - INTERVAL '31 days 15 hours' + INTERVAL '3 minutes') ON CONFLICT DO NOTHING;
INSERT INTO order_history (id, order_id, status, changed_at) VALUES (465, 100, 'ready', NOW() - INTERVAL '31 days 15 hours' + INTERVAL '10 minutes') ON CONFLICT DO NOTHING;
INSERT INTO order_history (id, order_id, status, changed_at) VALUES (466, 101, 'placed', NOW() - INTERVAL '71 days 4 hours') ON CONFLICT DO NOTHING;
INSERT INTO order_history (id, order_id, status, changed_at) VALUES (467, 101, 'confirmed', NOW() - INTERVAL '71 days 4 hours' + INTERVAL '1 minute') ON CONFLICT DO NOTHING;
INSERT INTO order_history (id, order_id, status, changed_at) VALUES (468, 101, 'preparing', NOW() - INTERVAL '71 days 4 hours' + INTERVAL '3 minutes') ON CONFLICT DO NOTHING;
INSERT INTO order_history (id, order_id, status, changed_at) VALUES (469, 101, 'ready', NOW() - INTERVAL '71 days 4 hours' + INTERVAL '10 minutes') ON CONFLICT DO NOTHING;
INSERT INTO order_history (id, order_id, status, changed_at) VALUES (470, 101, 'picked', NOW() - INTERVAL '71 days 4 hours' + INTERVAL '12 minutes') ON CONFLICT DO NOTHING;
INSERT INTO order_history (id, order_id, status, changed_at) VALUES (471, 102, 'placed', NOW() - INTERVAL '74 days 2 hours') ON CONFLICT DO NOTHING;
INSERT INTO order_history (id, order_id, status, changed_at) VALUES (472, 102, 'confirmed', NOW() - INTERVAL '74 days 2 hours' + INTERVAL '1 minute') ON CONFLICT DO NOTHING;
INSERT INTO order_history (id, order_id, status, changed_at) VALUES (473, 102, 'preparing', NOW() - INTERVAL '74 days 2 hours' + INTERVAL '3 minutes') ON CONFLICT DO NOTHING;
INSERT INTO order_history (id, order_id, status, changed_at) VALUES (474, 102, 'ready', NOW() - INTERVAL '74 days 2 hours' + INTERVAL '10 minutes') ON CONFLICT DO NOTHING;
INSERT INTO order_history (id, order_id, status, changed_at) VALUES (475, 103, 'placed', NOW() - INTERVAL '67 days 11 hours') ON CONFLICT DO NOTHING;
INSERT INTO order_history (id, order_id, status, changed_at) VALUES (476, 103, 'confirmed', NOW() - INTERVAL '67 days 11 hours' + INTERVAL '1 minute') ON CONFLICT DO NOTHING;
INSERT INTO order_history (id, order_id, status, changed_at) VALUES (477, 103, 'preparing', NOW() - INTERVAL '67 days 11 hours' + INTERVAL '3 minutes') ON CONFLICT DO NOTHING;
INSERT INTO order_history (id, order_id, status, changed_at) VALUES (478, 103, 'ready', NOW() - INTERVAL '67 days 11 hours' + INTERVAL '10 minutes') ON CONFLICT DO NOTHING;
INSERT INTO order_history (id, order_id, status, changed_at) VALUES (479, 103, 'picked', NOW() - INTERVAL '67 days 11 hours' + INTERVAL '12 minutes') ON CONFLICT DO NOTHING;
INSERT INTO order_history (id, order_id, status, changed_at) VALUES (480, 104, 'placed', NOW() - INTERVAL '8 days 3 hours') ON CONFLICT DO NOTHING;
INSERT INTO order_history (id, order_id, status, changed_at) VALUES (481, 104, 'confirmed', NOW() - INTERVAL '8 days 3 hours' + INTERVAL '1 minute') ON CONFLICT DO NOTHING;
INSERT INTO order_history (id, order_id, status, changed_at) VALUES (482, 104, 'preparing', NOW() - INTERVAL '8 days 3 hours' + INTERVAL '3 minutes') ON CONFLICT DO NOTHING;
INSERT INTO order_history (id, order_id, status, changed_at) VALUES (483, 104, 'ready', NOW() - INTERVAL '8 days 3 hours' + INTERVAL '10 minutes') ON CONFLICT DO NOTHING;
INSERT INTO order_history (id, order_id, status, changed_at) VALUES (484, 104, 'picked', NOW() - INTERVAL '8 days 3 hours' + INTERVAL '12 minutes') ON CONFLICT DO NOTHING;
INSERT INTO order_history (id, order_id, status, changed_at) VALUES (485, 105, 'placed', NOW() - INTERVAL '67 days 9 hours') ON CONFLICT DO NOTHING;
INSERT INTO order_history (id, order_id, status, changed_at) VALUES (486, 105, 'confirmed', NOW() - INTERVAL '67 days 9 hours' + INTERVAL '1 minute') ON CONFLICT DO NOTHING;
INSERT INTO order_history (id, order_id, status, changed_at) VALUES (487, 105, 'preparing', NOW() - INTERVAL '67 days 9 hours' + INTERVAL '3 minutes') ON CONFLICT DO NOTHING;
INSERT INTO order_history (id, order_id, status, changed_at) VALUES (488, 105, 'ready', NOW() - INTERVAL '67 days 9 hours' + INTERVAL '10 minutes') ON CONFLICT DO NOTHING;
INSERT INTO order_history (id, order_id, status, changed_at) VALUES (489, 105, 'picked', NOW() - INTERVAL '67 days 9 hours' + INTERVAL '12 minutes') ON CONFLICT DO NOTHING;
INSERT INTO order_history (id, order_id, status, changed_at) VALUES (490, 106, 'placed', NOW() - INTERVAL '71 days 8 hours') ON CONFLICT DO NOTHING;
INSERT INTO order_history (id, order_id, status, changed_at) VALUES (491, 106, 'confirmed', NOW() - INTERVAL '71 days 8 hours' + INTERVAL '1 minute') ON CONFLICT DO NOTHING;
INSERT INTO order_history (id, order_id, status, changed_at) VALUES (492, 106, 'preparing', NOW() - INTERVAL '71 days 8 hours' + INTERVAL '3 minutes') ON CONFLICT DO NOTHING;
INSERT INTO order_history (id, order_id, status, changed_at) VALUES (493, 106, 'ready', NOW() - INTERVAL '71 days 8 hours' + INTERVAL '10 minutes') ON CONFLICT DO NOTHING;
INSERT INTO order_history (id, order_id, status, changed_at) VALUES (494, 106, 'picked', NOW() - INTERVAL '71 days 8 hours' + INTERVAL '12 minutes') ON CONFLICT DO NOTHING;
INSERT INTO order_history (id, order_id, status, changed_at) VALUES (495, 107, 'placed', NOW() - INTERVAL '22 days 18 hours') ON CONFLICT DO NOTHING;
INSERT INTO order_history (id, order_id, status, changed_at) VALUES (496, 107, 'confirmed', NOW() - INTERVAL '22 days 18 hours' + INTERVAL '1 minute') ON CONFLICT DO NOTHING;
INSERT INTO order_history (id, order_id, status, changed_at) VALUES (497, 107, 'preparing', NOW() - INTERVAL '22 days 18 hours' + INTERVAL '3 minutes') ON CONFLICT DO NOTHING;
INSERT INTO order_history (id, order_id, status, changed_at) VALUES (498, 107, 'ready', NOW() - INTERVAL '22 days 18 hours' + INTERVAL '10 minutes') ON CONFLICT DO NOTHING;
INSERT INTO order_history (id, order_id, status, changed_at) VALUES (499, 107, 'picked', NOW() - INTERVAL '22 days 18 hours' + INTERVAL '12 minutes') ON CONFLICT DO NOTHING;
INSERT INTO order_history (id, order_id, status, changed_at) VALUES (500, 108, 'placed', NOW() - INTERVAL '83 days 18 hours') ON CONFLICT DO NOTHING;
INSERT INTO order_history (id, order_id, status, changed_at) VALUES (501, 108, 'confirmed', NOW() - INTERVAL '83 days 18 hours' + INTERVAL '1 minute') ON CONFLICT DO NOTHING;
INSERT INTO order_history (id, order_id, status, changed_at) VALUES (502, 108, 'preparing', NOW() - INTERVAL '83 days 18 hours' + INTERVAL '3 minutes') ON CONFLICT DO NOTHING;
INSERT INTO order_history (id, order_id, status, changed_at) VALUES (503, 108, 'ready', NOW() - INTERVAL '83 days 18 hours' + INTERVAL '10 minutes') ON CONFLICT DO NOTHING;
INSERT INTO order_history (id, order_id, status, changed_at) VALUES (504, 108, 'picked', NOW() - INTERVAL '83 days 18 hours' + INTERVAL '12 minutes') ON CONFLICT DO NOTHING;
INSERT INTO order_history (id, order_id, status, changed_at) VALUES (505, 109, 'placed', NOW() - INTERVAL '70 days 9 hours') ON CONFLICT DO NOTHING;
INSERT INTO order_history (id, order_id, status, changed_at) VALUES (506, 109, 'confirmed', NOW() - INTERVAL '70 days 9 hours' + INTERVAL '1 minute') ON CONFLICT DO NOTHING;
INSERT INTO order_history (id, order_id, status, changed_at) VALUES (507, 109, 'preparing', NOW() - INTERVAL '70 days 9 hours' + INTERVAL '3 minutes') ON CONFLICT DO NOTHING;
INSERT INTO order_history (id, order_id, status, changed_at) VALUES (508, 110, 'placed', NOW() - INTERVAL '8 days 5 hours') ON CONFLICT DO NOTHING;
INSERT INTO order_history (id, order_id, status, changed_at) VALUES (509, 110, 'confirmed', NOW() - INTERVAL '8 days 5 hours' + INTERVAL '1 minute') ON CONFLICT DO NOTHING;
INSERT INTO order_history (id, order_id, status, changed_at) VALUES (510, 110, 'preparing', NOW() - INTERVAL '8 days 5 hours' + INTERVAL '3 minutes') ON CONFLICT DO NOTHING;
INSERT INTO order_history (id, order_id, status, changed_at) VALUES (511, 110, 'ready', NOW() - INTERVAL '8 days 5 hours' + INTERVAL '10 minutes') ON CONFLICT DO NOTHING;
INSERT INTO order_history (id, order_id, status, changed_at) VALUES (512, 110, 'picked', NOW() - INTERVAL '8 days 5 hours' + INTERVAL '12 minutes') ON CONFLICT DO NOTHING;
INSERT INTO order_history (id, order_id, status, changed_at) VALUES (513, 111, 'placed', NOW() - INTERVAL '19 days 10 hours') ON CONFLICT DO NOTHING;
INSERT INTO order_history (id, order_id, status, changed_at) VALUES (514, 111, 'confirmed', NOW() - INTERVAL '19 days 10 hours' + INTERVAL '1 minute') ON CONFLICT DO NOTHING;
INSERT INTO order_history (id, order_id, status, changed_at) VALUES (515, 111, 'preparing', NOW() - INTERVAL '19 days 10 hours' + INTERVAL '3 minutes') ON CONFLICT DO NOTHING;
INSERT INTO order_history (id, order_id, status, changed_at) VALUES (516, 111, 'ready', NOW() - INTERVAL '19 days 10 hours' + INTERVAL '10 minutes') ON CONFLICT DO NOTHING;
INSERT INTO order_history (id, order_id, status, changed_at) VALUES (517, 111, 'picked', NOW() - INTERVAL '19 days 10 hours' + INTERVAL '12 minutes') ON CONFLICT DO NOTHING;
INSERT INTO order_history (id, order_id, status, changed_at) VALUES (518, 112, 'placed', NOW() - INTERVAL '60 days 3 hours') ON CONFLICT DO NOTHING;
INSERT INTO order_history (id, order_id, status, changed_at) VALUES (519, 112, 'confirmed', NOW() - INTERVAL '60 days 3 hours' + INTERVAL '1 minute') ON CONFLICT DO NOTHING;
INSERT INTO order_history (id, order_id, status, changed_at) VALUES (520, 112, 'preparing', NOW() - INTERVAL '60 days 3 hours' + INTERVAL '3 minutes') ON CONFLICT DO NOTHING;
INSERT INTO order_history (id, order_id, status, changed_at) VALUES (521, 112, 'ready', NOW() - INTERVAL '60 days 3 hours' + INTERVAL '10 minutes') ON CONFLICT DO NOTHING;
INSERT INTO order_history (id, order_id, status, changed_at) VALUES (522, 112, 'picked', NOW() - INTERVAL '60 days 3 hours' + INTERVAL '12 minutes') ON CONFLICT DO NOTHING;
INSERT INTO order_history (id, order_id, status, changed_at) VALUES (523, 113, 'placed', NOW() - INTERVAL '50 days 19 hours') ON CONFLICT DO NOTHING;
INSERT INTO order_history (id, order_id, status, changed_at) VALUES (524, 113, 'confirmed', NOW() - INTERVAL '50 days 19 hours' + INTERVAL '1 minute') ON CONFLICT DO NOTHING;
INSERT INTO order_history (id, order_id, status, changed_at) VALUES (525, 113, 'preparing', NOW() - INTERVAL '50 days 19 hours' + INTERVAL '3 minutes') ON CONFLICT DO NOTHING;
INSERT INTO order_history (id, order_id, status, changed_at) VALUES (526, 113, 'ready', NOW() - INTERVAL '50 days 19 hours' + INTERVAL '10 minutes') ON CONFLICT DO NOTHING;
INSERT INTO order_history (id, order_id, status, changed_at) VALUES (527, 113, 'picked', NOW() - INTERVAL '50 days 19 hours' + INTERVAL '12 minutes') ON CONFLICT DO NOTHING;
INSERT INTO order_history (id, order_id, status, changed_at) VALUES (528, 114, 'placed', NOW() - INTERVAL '21 days 15 hours') ON CONFLICT DO NOTHING;
INSERT INTO order_history (id, order_id, status, changed_at) VALUES (529, 114, 'confirmed', NOW() - INTERVAL '21 days 15 hours' + INTERVAL '1 minute') ON CONFLICT DO NOTHING;
INSERT INTO order_history (id, order_id, status, changed_at) VALUES (530, 114, 'preparing', NOW() - INTERVAL '21 days 15 hours' + INTERVAL '3 minutes') ON CONFLICT DO NOTHING;
INSERT INTO order_history (id, order_id, status, changed_at) VALUES (531, 114, 'ready', NOW() - INTERVAL '21 days 15 hours' + INTERVAL '10 minutes') ON CONFLICT DO NOTHING;
INSERT INTO order_history (id, order_id, status, changed_at) VALUES (532, 114, 'picked', NOW() - INTERVAL '21 days 15 hours' + INTERVAL '12 minutes') ON CONFLICT DO NOTHING;
INSERT INTO order_history (id, order_id, status, changed_at) VALUES (533, 115, 'placed', NOW() - INTERVAL '65 days 14 hours') ON CONFLICT DO NOTHING;
INSERT INTO order_history (id, order_id, status, changed_at) VALUES (534, 115, 'confirmed', NOW() - INTERVAL '65 days 14 hours' + INTERVAL '1 minute') ON CONFLICT DO NOTHING;
INSERT INTO order_history (id, order_id, status, changed_at) VALUES (535, 115, 'preparing', NOW() - INTERVAL '65 days 14 hours' + INTERVAL '3 minutes') ON CONFLICT DO NOTHING;
INSERT INTO order_history (id, order_id, status, changed_at) VALUES (536, 116, 'placed', NOW() - INTERVAL '37 days 15 hours') ON CONFLICT DO NOTHING;
INSERT INTO order_history (id, order_id, status, changed_at) VALUES (537, 116, 'confirmed', NOW() - INTERVAL '37 days 15 hours' + INTERVAL '1 minute') ON CONFLICT DO NOTHING;
INSERT INTO order_history (id, order_id, status, changed_at) VALUES (538, 116, 'preparing', NOW() - INTERVAL '37 days 15 hours' + INTERVAL '3 minutes') ON CONFLICT DO NOTHING;
INSERT INTO order_history (id, order_id, status, changed_at) VALUES (539, 116, 'ready', NOW() - INTERVAL '37 days 15 hours' + INTERVAL '10 minutes') ON CONFLICT DO NOTHING;
INSERT INTO order_history (id, order_id, status, changed_at) VALUES (540, 116, 'picked', NOW() - INTERVAL '37 days 15 hours' + INTERVAL '12 minutes') ON CONFLICT DO NOTHING;
INSERT INTO order_history (id, order_id, status, changed_at) VALUES (541, 117, 'placed', NOW() - INTERVAL '47 days 12 hours') ON CONFLICT DO NOTHING;
INSERT INTO order_history (id, order_id, status, changed_at) VALUES (542, 117, 'confirmed', NOW() - INTERVAL '47 days 12 hours' + INTERVAL '1 minute') ON CONFLICT DO NOTHING;
INSERT INTO order_history (id, order_id, status, changed_at) VALUES (543, 117, 'preparing', NOW() - INTERVAL '47 days 12 hours' + INTERVAL '3 minutes') ON CONFLICT DO NOTHING;
INSERT INTO order_history (id, order_id, status, changed_at) VALUES (544, 118, 'placed', NOW() - INTERVAL '37 days 2 hours') ON CONFLICT DO NOTHING;
INSERT INTO order_history (id, order_id, status, changed_at) VALUES (545, 118, 'confirmed', NOW() - INTERVAL '37 days 2 hours' + INTERVAL '1 minute') ON CONFLICT DO NOTHING;
INSERT INTO order_history (id, order_id, status, changed_at) VALUES (546, 118, 'preparing', NOW() - INTERVAL '37 days 2 hours' + INTERVAL '3 minutes') ON CONFLICT DO NOTHING;
INSERT INTO order_history (id, order_id, status, changed_at) VALUES (547, 118, 'ready', NOW() - INTERVAL '37 days 2 hours' + INTERVAL '10 minutes') ON CONFLICT DO NOTHING;
INSERT INTO order_history (id, order_id, status, changed_at) VALUES (548, 118, 'picked', NOW() - INTERVAL '37 days 2 hours' + INTERVAL '12 minutes') ON CONFLICT DO NOTHING;
INSERT INTO order_history (id, order_id, status, changed_at) VALUES (549, 119, 'placed', NOW() - INTERVAL '13 days 12 hours') ON CONFLICT DO NOTHING;
INSERT INTO order_history (id, order_id, status, changed_at) VALUES (550, 119, 'confirmed', NOW() - INTERVAL '13 days 12 hours' + INTERVAL '1 minute') ON CONFLICT DO NOTHING;
INSERT INTO order_history (id, order_id, status, changed_at) VALUES (551, 119, 'preparing', NOW() - INTERVAL '13 days 12 hours' + INTERVAL '3 minutes') ON CONFLICT DO NOTHING;
INSERT INTO order_history (id, order_id, status, changed_at) VALUES (552, 119, 'ready', NOW() - INTERVAL '13 days 12 hours' + INTERVAL '10 minutes') ON CONFLICT DO NOTHING;
INSERT INTO order_history (id, order_id, status, changed_at) VALUES (553, 119, 'picked', NOW() - INTERVAL '13 days 12 hours' + INTERVAL '12 minutes') ON CONFLICT DO NOTHING;
INSERT INTO order_history (id, order_id, status, changed_at) VALUES (554, 120, 'placed', NOW() - INTERVAL '52 days 16 hours') ON CONFLICT DO NOTHING;
INSERT INTO order_history (id, order_id, status, changed_at) VALUES (555, 120, 'confirmed', NOW() - INTERVAL '52 days 16 hours' + INTERVAL '1 minute') ON CONFLICT DO NOTHING;
INSERT INTO order_history (id, order_id, status, changed_at) VALUES (556, 120, 'preparing', NOW() - INTERVAL '52 days 16 hours' + INTERVAL '3 minutes') ON CONFLICT DO NOTHING;
INSERT INTO order_history (id, order_id, status, changed_at) VALUES (557, 120, 'ready', NOW() - INTERVAL '52 days 16 hours' + INTERVAL '10 minutes') ON CONFLICT DO NOTHING;
INSERT INTO order_history (id, order_id, status, changed_at) VALUES (558, 120, 'picked', NOW() - INTERVAL '52 days 16 hours' + INTERVAL '12 minutes') ON CONFLICT DO NOTHING;
INSERT INTO order_history (id, order_id, status, changed_at) VALUES (559, 121, 'placed', NOW() - INTERVAL '43 days 15 hours') ON CONFLICT DO NOTHING;
INSERT INTO order_history (id, order_id, status, changed_at) VALUES (560, 121, 'confirmed', NOW() - INTERVAL '43 days 15 hours' + INTERVAL '1 minute') ON CONFLICT DO NOTHING;
INSERT INTO order_history (id, order_id, status, changed_at) VALUES (561, 121, 'preparing', NOW() - INTERVAL '43 days 15 hours' + INTERVAL '3 minutes') ON CONFLICT DO NOTHING;
INSERT INTO order_history (id, order_id, status, changed_at) VALUES (562, 121, 'ready', NOW() - INTERVAL '43 days 15 hours' + INTERVAL '10 minutes') ON CONFLICT DO NOTHING;
INSERT INTO order_history (id, order_id, status, changed_at) VALUES (563, 121, 'picked', NOW() - INTERVAL '43 days 15 hours' + INTERVAL '12 minutes') ON CONFLICT DO NOTHING;
INSERT INTO order_history (id, order_id, status, changed_at) VALUES (564, 122, 'placed', NOW() - INTERVAL '79 days 23 hours') ON CONFLICT DO NOTHING;
INSERT INTO order_history (id, order_id, status, changed_at) VALUES (565, 122, 'confirmed', NOW() - INTERVAL '79 days 23 hours' + INTERVAL '1 minute') ON CONFLICT DO NOTHING;
INSERT INTO order_history (id, order_id, status, changed_at) VALUES (566, 122, 'preparing', NOW() - INTERVAL '79 days 23 hours' + INTERVAL '3 minutes') ON CONFLICT DO NOTHING;
INSERT INTO order_history (id, order_id, status, changed_at) VALUES (567, 122, 'ready', NOW() - INTERVAL '79 days 23 hours' + INTERVAL '10 minutes') ON CONFLICT DO NOTHING;
INSERT INTO order_history (id, order_id, status, changed_at) VALUES (568, 122, 'picked', NOW() - INTERVAL '79 days 23 hours' + INTERVAL '12 minutes') ON CONFLICT DO NOTHING;
INSERT INTO order_history (id, order_id, status, changed_at) VALUES (569, 123, 'placed', NOW() - INTERVAL '48 days 10 hours') ON CONFLICT DO NOTHING;
INSERT INTO order_history (id, order_id, status, changed_at) VALUES (570, 123, 'confirmed', NOW() - INTERVAL '48 days 10 hours' + INTERVAL '1 minute') ON CONFLICT DO NOTHING;
INSERT INTO order_history (id, order_id, status, changed_at) VALUES (571, 123, 'preparing', NOW() - INTERVAL '48 days 10 hours' + INTERVAL '3 minutes') ON CONFLICT DO NOTHING;
INSERT INTO order_history (id, order_id, status, changed_at) VALUES (572, 124, 'placed', NOW() - INTERVAL '75 days 18 hours') ON CONFLICT DO NOTHING;
INSERT INTO order_history (id, order_id, status, changed_at) VALUES (573, 124, 'confirmed', NOW() - INTERVAL '75 days 18 hours' + INTERVAL '1 minute') ON CONFLICT DO NOTHING;
INSERT INTO order_history (id, order_id, status, changed_at) VALUES (574, 124, 'preparing', NOW() - INTERVAL '75 days 18 hours' + INTERVAL '3 minutes') ON CONFLICT DO NOTHING;
INSERT INTO order_history (id, order_id, status, changed_at) VALUES (575, 124, 'cancelled', NOW() - INTERVAL '75 days 18 hours' + INTERVAL '5 minutes') ON CONFLICT DO NOTHING;
INSERT INTO order_history (id, order_id, status, changed_at) VALUES (576, 125, 'placed', NOW() - INTERVAL '81 days 23 hours') ON CONFLICT DO NOTHING;
INSERT INTO order_history (id, order_id, status, changed_at) VALUES (577, 125, 'confirmed', NOW() - INTERVAL '81 days 23 hours' + INTERVAL '1 minute') ON CONFLICT DO NOTHING;
INSERT INTO order_history (id, order_id, status, changed_at) VALUES (578, 125, 'preparing', NOW() - INTERVAL '81 days 23 hours' + INTERVAL '3 minutes') ON CONFLICT DO NOTHING;
INSERT INTO order_history (id, order_id, status, changed_at) VALUES (579, 125, 'ready', NOW() - INTERVAL '81 days 23 hours' + INTERVAL '10 minutes') ON CONFLICT DO NOTHING;
INSERT INTO order_history (id, order_id, status, changed_at) VALUES (580, 125, 'picked', NOW() - INTERVAL '81 days 23 hours' + INTERVAL '12 minutes') ON CONFLICT DO NOTHING;
INSERT INTO order_history (id, order_id, status, changed_at) VALUES (581, 126, 'placed', NOW() - INTERVAL '41 days 13 hours') ON CONFLICT DO NOTHING;
INSERT INTO order_history (id, order_id, status, changed_at) VALUES (582, 126, 'confirmed', NOW() - INTERVAL '41 days 13 hours' + INTERVAL '1 minute') ON CONFLICT DO NOTHING;
INSERT INTO order_history (id, order_id, status, changed_at) VALUES (583, 126, 'preparing', NOW() - INTERVAL '41 days 13 hours' + INTERVAL '3 minutes') ON CONFLICT DO NOTHING;
INSERT INTO order_history (id, order_id, status, changed_at) VALUES (584, 126, 'ready', NOW() - INTERVAL '41 days 13 hours' + INTERVAL '10 minutes') ON CONFLICT DO NOTHING;
INSERT INTO order_history (id, order_id, status, changed_at) VALUES (585, 126, 'picked', NOW() - INTERVAL '41 days 13 hours' + INTERVAL '12 minutes') ON CONFLICT DO NOTHING;
INSERT INTO order_history (id, order_id, status, changed_at) VALUES (586, 127, 'placed', NOW() - INTERVAL '79 days 15 hours') ON CONFLICT DO NOTHING;
INSERT INTO order_history (id, order_id, status, changed_at) VALUES (587, 127, 'confirmed', NOW() - INTERVAL '79 days 15 hours' + INTERVAL '1 minute') ON CONFLICT DO NOTHING;
INSERT INTO order_history (id, order_id, status, changed_at) VALUES (588, 127, 'preparing', NOW() - INTERVAL '79 days 15 hours' + INTERVAL '3 minutes') ON CONFLICT DO NOTHING;
INSERT INTO order_history (id, order_id, status, changed_at) VALUES (589, 127, 'ready', NOW() - INTERVAL '79 days 15 hours' + INTERVAL '10 minutes') ON CONFLICT DO NOTHING;
INSERT INTO order_history (id, order_id, status, changed_at) VALUES (590, 127, 'picked', NOW() - INTERVAL '79 days 15 hours' + INTERVAL '12 minutes') ON CONFLICT DO NOTHING;
INSERT INTO order_history (id, order_id, status, changed_at) VALUES (591, 128, 'placed', NOW() - INTERVAL '41 days 5 hours') ON CONFLICT DO NOTHING;
INSERT INTO order_history (id, order_id, status, changed_at) VALUES (592, 128, 'confirmed', NOW() - INTERVAL '41 days 5 hours' + INTERVAL '1 minute') ON CONFLICT DO NOTHING;
INSERT INTO order_history (id, order_id, status, changed_at) VALUES (593, 128, 'preparing', NOW() - INTERVAL '41 days 5 hours' + INTERVAL '3 minutes') ON CONFLICT DO NOTHING;
INSERT INTO order_history (id, order_id, status, changed_at) VALUES (594, 128, 'ready', NOW() - INTERVAL '41 days 5 hours' + INTERVAL '10 minutes') ON CONFLICT DO NOTHING;
INSERT INTO order_history (id, order_id, status, changed_at) VALUES (595, 128, 'picked', NOW() - INTERVAL '41 days 5 hours' + INTERVAL '12 minutes') ON CONFLICT DO NOTHING;
INSERT INTO order_history (id, order_id, status, changed_at) VALUES (596, 129, 'placed', NOW() - INTERVAL '32 days 8 hours') ON CONFLICT DO NOTHING;
INSERT INTO order_history (id, order_id, status, changed_at) VALUES (597, 129, 'confirmed', NOW() - INTERVAL '32 days 8 hours' + INTERVAL '1 minute') ON CONFLICT DO NOTHING;
INSERT INTO order_history (id, order_id, status, changed_at) VALUES (598, 129, 'preparing', NOW() - INTERVAL '32 days 8 hours' + INTERVAL '3 minutes') ON CONFLICT DO NOTHING;
INSERT INTO order_history (id, order_id, status, changed_at) VALUES (599, 129, 'ready', NOW() - INTERVAL '32 days 8 hours' + INTERVAL '10 minutes') ON CONFLICT DO NOTHING;
INSERT INTO order_history (id, order_id, status, changed_at) VALUES (600, 129, 'picked', NOW() - INTERVAL '32 days 8 hours' + INTERVAL '12 minutes') ON CONFLICT DO NOTHING;
INSERT INTO order_history (id, order_id, status, changed_at) VALUES (601, 130, 'placed', NOW() - INTERVAL '45 days 17 hours') ON CONFLICT DO NOTHING;
INSERT INTO order_history (id, order_id, status, changed_at) VALUES (602, 130, 'confirmed', NOW() - INTERVAL '45 days 17 hours' + INTERVAL '1 minute') ON CONFLICT DO NOTHING;
INSERT INTO order_history (id, order_id, status, changed_at) VALUES (603, 130, 'preparing', NOW() - INTERVAL '45 days 17 hours' + INTERVAL '3 minutes') ON CONFLICT DO NOTHING;
INSERT INTO order_history (id, order_id, status, changed_at) VALUES (604, 130, 'ready', NOW() - INTERVAL '45 days 17 hours' + INTERVAL '10 minutes') ON CONFLICT DO NOTHING;
INSERT INTO order_history (id, order_id, status, changed_at) VALUES (605, 130, 'picked', NOW() - INTERVAL '45 days 17 hours' + INTERVAL '12 minutes') ON CONFLICT DO NOTHING;
INSERT INTO order_history (id, order_id, status, changed_at) VALUES (606, 131, 'placed', NOW() - INTERVAL '19 days 9 hours') ON CONFLICT DO NOTHING;
INSERT INTO order_history (id, order_id, status, changed_at) VALUES (607, 131, 'confirmed', NOW() - INTERVAL '19 days 9 hours' + INTERVAL '1 minute') ON CONFLICT DO NOTHING;
INSERT INTO order_history (id, order_id, status, changed_at) VALUES (608, 131, 'preparing', NOW() - INTERVAL '19 days 9 hours' + INTERVAL '3 minutes') ON CONFLICT DO NOTHING;
INSERT INTO order_history (id, order_id, status, changed_at) VALUES (609, 131, 'cancelled', NOW() - INTERVAL '19 days 9 hours' + INTERVAL '5 minutes') ON CONFLICT DO NOTHING;
INSERT INTO order_history (id, order_id, status, changed_at) VALUES (610, 132, 'placed', NOW() - INTERVAL '57 days 20 hours') ON CONFLICT DO NOTHING;
INSERT INTO order_history (id, order_id, status, changed_at) VALUES (611, 132, 'confirmed', NOW() - INTERVAL '57 days 20 hours' + INTERVAL '1 minute') ON CONFLICT DO NOTHING;
INSERT INTO order_history (id, order_id, status, changed_at) VALUES (612, 132, 'preparing', NOW() - INTERVAL '57 days 20 hours' + INTERVAL '3 minutes') ON CONFLICT DO NOTHING;
INSERT INTO order_history (id, order_id, status, changed_at) VALUES (613, 132, 'ready', NOW() - INTERVAL '57 days 20 hours' + INTERVAL '10 minutes') ON CONFLICT DO NOTHING;
INSERT INTO order_history (id, order_id, status, changed_at) VALUES (614, 132, 'picked', NOW() - INTERVAL '57 days 20 hours' + INTERVAL '12 minutes') ON CONFLICT DO NOTHING;
INSERT INTO order_history (id, order_id, status, changed_at) VALUES (615, 133, 'placed', NOW() - INTERVAL '35 days 4 hours') ON CONFLICT DO NOTHING;
INSERT INTO order_history (id, order_id, status, changed_at) VALUES (616, 133, 'confirmed', NOW() - INTERVAL '35 days 4 hours' + INTERVAL '1 minute') ON CONFLICT DO NOTHING;
INSERT INTO order_history (id, order_id, status, changed_at) VALUES (617, 133, 'preparing', NOW() - INTERVAL '35 days 4 hours' + INTERVAL '3 minutes') ON CONFLICT DO NOTHING;
INSERT INTO order_history (id, order_id, status, changed_at) VALUES (618, 134, 'placed', NOW() - INTERVAL '68 days 7 hours') ON CONFLICT DO NOTHING;
INSERT INTO order_history (id, order_id, status, changed_at) VALUES (619, 134, 'confirmed', NOW() - INTERVAL '68 days 7 hours' + INTERVAL '1 minute') ON CONFLICT DO NOTHING;
INSERT INTO order_history (id, order_id, status, changed_at) VALUES (620, 134, 'preparing', NOW() - INTERVAL '68 days 7 hours' + INTERVAL '3 minutes') ON CONFLICT DO NOTHING;
INSERT INTO order_history (id, order_id, status, changed_at) VALUES (621, 134, 'ready', NOW() - INTERVAL '68 days 7 hours' + INTERVAL '10 minutes') ON CONFLICT DO NOTHING;
INSERT INTO order_history (id, order_id, status, changed_at) VALUES (622, 134, 'picked', NOW() - INTERVAL '68 days 7 hours' + INTERVAL '12 minutes') ON CONFLICT DO NOTHING;
INSERT INTO order_history (id, order_id, status, changed_at) VALUES (623, 135, 'placed', NOW() - INTERVAL '18 days 0 hours') ON CONFLICT DO NOTHING;
INSERT INTO order_history (id, order_id, status, changed_at) VALUES (624, 135, 'confirmed', NOW() - INTERVAL '18 days 0 hours' + INTERVAL '1 minute') ON CONFLICT DO NOTHING;
INSERT INTO order_history (id, order_id, status, changed_at) VALUES (625, 135, 'preparing', NOW() - INTERVAL '18 days 0 hours' + INTERVAL '3 minutes') ON CONFLICT DO NOTHING;
INSERT INTO order_history (id, order_id, status, changed_at) VALUES (626, 135, 'ready', NOW() - INTERVAL '18 days 0 hours' + INTERVAL '10 minutes') ON CONFLICT DO NOTHING;
INSERT INTO order_history (id, order_id, status, changed_at) VALUES (627, 135, 'picked', NOW() - INTERVAL '18 days 0 hours' + INTERVAL '12 minutes') ON CONFLICT DO NOTHING;
INSERT INTO order_history (id, order_id, status, changed_at) VALUES (628, 136, 'placed', NOW() - INTERVAL '83 days 1 hours') ON CONFLICT DO NOTHING;
INSERT INTO order_history (id, order_id, status, changed_at) VALUES (629, 136, 'confirmed', NOW() - INTERVAL '83 days 1 hours' + INTERVAL '1 minute') ON CONFLICT DO NOTHING;
INSERT INTO order_history (id, order_id, status, changed_at) VALUES (630, 136, 'preparing', NOW() - INTERVAL '83 days 1 hours' + INTERVAL '3 minutes') ON CONFLICT DO NOTHING;
INSERT INTO order_history (id, order_id, status, changed_at) VALUES (631, 136, 'ready', NOW() - INTERVAL '83 days 1 hours' + INTERVAL '10 minutes') ON CONFLICT DO NOTHING;
INSERT INTO order_history (id, order_id, status, changed_at) VALUES (632, 136, 'picked', NOW() - INTERVAL '83 days 1 hours' + INTERVAL '12 minutes') ON CONFLICT DO NOTHING;
INSERT INTO order_history (id, order_id, status, changed_at) VALUES (633, 137, 'placed', NOW() - INTERVAL '23 days 13 hours') ON CONFLICT DO NOTHING;
INSERT INTO order_history (id, order_id, status, changed_at) VALUES (634, 137, 'confirmed', NOW() - INTERVAL '23 days 13 hours' + INTERVAL '1 minute') ON CONFLICT DO NOTHING;
INSERT INTO order_history (id, order_id, status, changed_at) VALUES (635, 137, 'preparing', NOW() - INTERVAL '23 days 13 hours' + INTERVAL '3 minutes') ON CONFLICT DO NOTHING;
INSERT INTO order_history (id, order_id, status, changed_at) VALUES (636, 138, 'placed', NOW() - INTERVAL '24 days 23 hours') ON CONFLICT DO NOTHING;
INSERT INTO order_history (id, order_id, status, changed_at) VALUES (637, 138, 'confirmed', NOW() - INTERVAL '24 days 23 hours' + INTERVAL '1 minute') ON CONFLICT DO NOTHING;
INSERT INTO order_history (id, order_id, status, changed_at) VALUES (638, 138, 'preparing', NOW() - INTERVAL '24 days 23 hours' + INTERVAL '3 minutes') ON CONFLICT DO NOTHING;
INSERT INTO order_history (id, order_id, status, changed_at) VALUES (639, 138, 'ready', NOW() - INTERVAL '24 days 23 hours' + INTERVAL '10 minutes') ON CONFLICT DO NOTHING;
INSERT INTO order_history (id, order_id, status, changed_at) VALUES (640, 139, 'placed', NOW() - INTERVAL '43 days 9 hours') ON CONFLICT DO NOTHING;
INSERT INTO order_history (id, order_id, status, changed_at) VALUES (641, 139, 'confirmed', NOW() - INTERVAL '43 days 9 hours' + INTERVAL '1 minute') ON CONFLICT DO NOTHING;
INSERT INTO order_history (id, order_id, status, changed_at) VALUES (642, 139, 'preparing', NOW() - INTERVAL '43 days 9 hours' + INTERVAL '3 minutes') ON CONFLICT DO NOTHING;
INSERT INTO order_history (id, order_id, status, changed_at) VALUES (643, 140, 'placed', NOW() - INTERVAL '15 days 10 hours') ON CONFLICT DO NOTHING;
INSERT INTO order_history (id, order_id, status, changed_at) VALUES (644, 140, 'confirmed', NOW() - INTERVAL '15 days 10 hours' + INTERVAL '1 minute') ON CONFLICT DO NOTHING;
INSERT INTO order_history (id, order_id, status, changed_at) VALUES (645, 140, 'preparing', NOW() - INTERVAL '15 days 10 hours' + INTERVAL '3 minutes') ON CONFLICT DO NOTHING;
INSERT INTO order_history (id, order_id, status, changed_at) VALUES (646, 140, 'ready', NOW() - INTERVAL '15 days 10 hours' + INTERVAL '10 minutes') ON CONFLICT DO NOTHING;
INSERT INTO order_history (id, order_id, status, changed_at) VALUES (647, 140, 'picked', NOW() - INTERVAL '15 days 10 hours' + INTERVAL '12 minutes') ON CONFLICT DO NOTHING;
INSERT INTO order_history (id, order_id, status, changed_at) VALUES (648, 141, 'placed', NOW() - INTERVAL '2 days 23 hours') ON CONFLICT DO NOTHING;
INSERT INTO order_history (id, order_id, status, changed_at) VALUES (649, 141, 'confirmed', NOW() - INTERVAL '2 days 23 hours' + INTERVAL '1 minute') ON CONFLICT DO NOTHING;
INSERT INTO order_history (id, order_id, status, changed_at) VALUES (650, 141, 'preparing', NOW() - INTERVAL '2 days 23 hours' + INTERVAL '3 minutes') ON CONFLICT DO NOTHING;
INSERT INTO order_history (id, order_id, status, changed_at) VALUES (651, 141, 'ready', NOW() - INTERVAL '2 days 23 hours' + INTERVAL '10 minutes') ON CONFLICT DO NOTHING;
INSERT INTO order_history (id, order_id, status, changed_at) VALUES (652, 142, 'placed', NOW() - INTERVAL '66 days 10 hours') ON CONFLICT DO NOTHING;
INSERT INTO order_history (id, order_id, status, changed_at) VALUES (653, 142, 'confirmed', NOW() - INTERVAL '66 days 10 hours' + INTERVAL '1 minute') ON CONFLICT DO NOTHING;
INSERT INTO order_history (id, order_id, status, changed_at) VALUES (654, 142, 'preparing', NOW() - INTERVAL '66 days 10 hours' + INTERVAL '3 minutes') ON CONFLICT DO NOTHING;
INSERT INTO order_history (id, order_id, status, changed_at) VALUES (655, 143, 'placed', NOW() - INTERVAL '18 days 15 hours') ON CONFLICT DO NOTHING;
INSERT INTO order_history (id, order_id, status, changed_at) VALUES (656, 143, 'confirmed', NOW() - INTERVAL '18 days 15 hours' + INTERVAL '1 minute') ON CONFLICT DO NOTHING;
INSERT INTO order_history (id, order_id, status, changed_at) VALUES (657, 143, 'preparing', NOW() - INTERVAL '18 days 15 hours' + INTERVAL '3 minutes') ON CONFLICT DO NOTHING;
INSERT INTO order_history (id, order_id, status, changed_at) VALUES (658, 143, 'ready', NOW() - INTERVAL '18 days 15 hours' + INTERVAL '10 minutes') ON CONFLICT DO NOTHING;
INSERT INTO order_history (id, order_id, status, changed_at) VALUES (659, 143, 'picked', NOW() - INTERVAL '18 days 15 hours' + INTERVAL '12 minutes') ON CONFLICT DO NOTHING;
INSERT INTO order_history (id, order_id, status, changed_at) VALUES (660, 144, 'placed', NOW() - INTERVAL '35 days 10 hours') ON CONFLICT DO NOTHING;
INSERT INTO order_history (id, order_id, status, changed_at) VALUES (661, 144, 'confirmed', NOW() - INTERVAL '35 days 10 hours' + INTERVAL '1 minute') ON CONFLICT DO NOTHING;
INSERT INTO order_history (id, order_id, status, changed_at) VALUES (662, 144, 'preparing', NOW() - INTERVAL '35 days 10 hours' + INTERVAL '3 minutes') ON CONFLICT DO NOTHING;
INSERT INTO order_history (id, order_id, status, changed_at) VALUES (663, 144, 'ready', NOW() - INTERVAL '35 days 10 hours' + INTERVAL '10 minutes') ON CONFLICT DO NOTHING;
INSERT INTO order_history (id, order_id, status, changed_at) VALUES (664, 144, 'picked', NOW() - INTERVAL '35 days 10 hours' + INTERVAL '12 minutes') ON CONFLICT DO NOTHING;
INSERT INTO order_history (id, order_id, status, changed_at) VALUES (665, 145, 'placed', NOW() - INTERVAL '16 days 14 hours') ON CONFLICT DO NOTHING;
INSERT INTO order_history (id, order_id, status, changed_at) VALUES (666, 145, 'confirmed', NOW() - INTERVAL '16 days 14 hours' + INTERVAL '1 minute') ON CONFLICT DO NOTHING;
INSERT INTO order_history (id, order_id, status, changed_at) VALUES (667, 145, 'preparing', NOW() - INTERVAL '16 days 14 hours' + INTERVAL '3 minutes') ON CONFLICT DO NOTHING;
INSERT INTO order_history (id, order_id, status, changed_at) VALUES (668, 145, 'ready', NOW() - INTERVAL '16 days 14 hours' + INTERVAL '10 minutes') ON CONFLICT DO NOTHING;
INSERT INTO order_history (id, order_id, status, changed_at) VALUES (669, 145, 'picked', NOW() - INTERVAL '16 days 14 hours' + INTERVAL '12 minutes') ON CONFLICT DO NOTHING;
INSERT INTO order_history (id, order_id, status, changed_at) VALUES (670, 146, 'placed', NOW() - INTERVAL '82 days 9 hours') ON CONFLICT DO NOTHING;
INSERT INTO order_history (id, order_id, status, changed_at) VALUES (671, 146, 'confirmed', NOW() - INTERVAL '82 days 9 hours' + INTERVAL '1 minute') ON CONFLICT DO NOTHING;
INSERT INTO order_history (id, order_id, status, changed_at) VALUES (672, 146, 'preparing', NOW() - INTERVAL '82 days 9 hours' + INTERVAL '3 minutes') ON CONFLICT DO NOTHING;
INSERT INTO order_history (id, order_id, status, changed_at) VALUES (673, 146, 'ready', NOW() - INTERVAL '82 days 9 hours' + INTERVAL '10 minutes') ON CONFLICT DO NOTHING;
INSERT INTO order_history (id, order_id, status, changed_at) VALUES (674, 146, 'picked', NOW() - INTERVAL '82 days 9 hours' + INTERVAL '12 minutes') ON CONFLICT DO NOTHING;
INSERT INTO order_history (id, order_id, status, changed_at) VALUES (675, 147, 'placed', NOW() - INTERVAL '78 days 11 hours') ON CONFLICT DO NOTHING;
INSERT INTO order_history (id, order_id, status, changed_at) VALUES (676, 147, 'confirmed', NOW() - INTERVAL '78 days 11 hours' + INTERVAL '1 minute') ON CONFLICT DO NOTHING;
INSERT INTO order_history (id, order_id, status, changed_at) VALUES (677, 147, 'preparing', NOW() - INTERVAL '78 days 11 hours' + INTERVAL '3 minutes') ON CONFLICT DO NOTHING;
INSERT INTO order_history (id, order_id, status, changed_at) VALUES (678, 147, 'ready', NOW() - INTERVAL '78 days 11 hours' + INTERVAL '10 minutes') ON CONFLICT DO NOTHING;
INSERT INTO order_history (id, order_id, status, changed_at) VALUES (679, 147, 'picked', NOW() - INTERVAL '78 days 11 hours' + INTERVAL '12 minutes') ON CONFLICT DO NOTHING;
INSERT INTO order_history (id, order_id, status, changed_at) VALUES (680, 148, 'placed', NOW() - INTERVAL '68 days 22 hours') ON CONFLICT DO NOTHING;
INSERT INTO order_history (id, order_id, status, changed_at) VALUES (681, 148, 'confirmed', NOW() - INTERVAL '68 days 22 hours' + INTERVAL '1 minute') ON CONFLICT DO NOTHING;
INSERT INTO order_history (id, order_id, status, changed_at) VALUES (682, 148, 'preparing', NOW() - INTERVAL '68 days 22 hours' + INTERVAL '3 minutes') ON CONFLICT DO NOTHING;
INSERT INTO order_history (id, order_id, status, changed_at) VALUES (683, 148, 'ready', NOW() - INTERVAL '68 days 22 hours' + INTERVAL '10 minutes') ON CONFLICT DO NOTHING;
INSERT INTO order_history (id, order_id, status, changed_at) VALUES (684, 148, 'picked', NOW() - INTERVAL '68 days 22 hours' + INTERVAL '12 minutes') ON CONFLICT DO NOTHING;
INSERT INTO order_history (id, order_id, status, changed_at) VALUES (685, 149, 'placed', NOW() - INTERVAL '20 days 5 hours') ON CONFLICT DO NOTHING;
INSERT INTO order_history (id, order_id, status, changed_at) VALUES (686, 149, 'confirmed', NOW() - INTERVAL '20 days 5 hours' + INTERVAL '1 minute') ON CONFLICT DO NOTHING;
INSERT INTO order_history (id, order_id, status, changed_at) VALUES (687, 149, 'preparing', NOW() - INTERVAL '20 days 5 hours' + INTERVAL '3 minutes') ON CONFLICT DO NOTHING;
INSERT INTO order_history (id, order_id, status, changed_at) VALUES (688, 149, 'ready', NOW() - INTERVAL '20 days 5 hours' + INTERVAL '10 minutes') ON CONFLICT DO NOTHING;
INSERT INTO order_history (id, order_id, status, changed_at) VALUES (689, 149, 'picked', NOW() - INTERVAL '20 days 5 hours' + INTERVAL '12 minutes') ON CONFLICT DO NOTHING;
INSERT INTO order_history (id, order_id, status, changed_at) VALUES (690, 150, 'placed', NOW() - INTERVAL '66 days 14 hours') ON CONFLICT DO NOTHING;
INSERT INTO order_history (id, order_id, status, changed_at) VALUES (691, 150, 'confirmed', NOW() - INTERVAL '66 days 14 hours' + INTERVAL '1 minute') ON CONFLICT DO NOTHING;
INSERT INTO order_history (id, order_id, status, changed_at) VALUES (692, 150, 'preparing', NOW() - INTERVAL '66 days 14 hours' + INTERVAL '3 minutes') ON CONFLICT DO NOTHING;
INSERT INTO order_history (id, order_id, status, changed_at) VALUES (693, 150, 'ready', NOW() - INTERVAL '66 days 14 hours' + INTERVAL '10 minutes') ON CONFLICT DO NOTHING;
INSERT INTO order_history (id, order_id, status, changed_at) VALUES (694, 150, 'picked', NOW() - INTERVAL '66 days 14 hours' + INTERVAL '12 minutes') ON CONFLICT DO NOTHING;
INSERT INTO order_history (id, order_id, status, changed_at) VALUES (695, 151, 'placed', NOW() - INTERVAL '59 days 18 hours') ON CONFLICT DO NOTHING;
INSERT INTO order_history (id, order_id, status, changed_at) VALUES (696, 151, 'confirmed', NOW() - INTERVAL '59 days 18 hours' + INTERVAL '1 minute') ON CONFLICT DO NOTHING;
INSERT INTO order_history (id, order_id, status, changed_at) VALUES (697, 151, 'preparing', NOW() - INTERVAL '59 days 18 hours' + INTERVAL '3 minutes') ON CONFLICT DO NOTHING;
INSERT INTO order_history (id, order_id, status, changed_at) VALUES (698, 151, 'ready', NOW() - INTERVAL '59 days 18 hours' + INTERVAL '10 minutes') ON CONFLICT DO NOTHING;
INSERT INTO order_history (id, order_id, status, changed_at) VALUES (699, 151, 'picked', NOW() - INTERVAL '59 days 18 hours' + INTERVAL '12 minutes') ON CONFLICT DO NOTHING;
INSERT INTO order_history (id, order_id, status, changed_at) VALUES (700, 152, 'placed', NOW() - INTERVAL '51 days 8 hours') ON CONFLICT DO NOTHING;
INSERT INTO order_history (id, order_id, status, changed_at) VALUES (701, 152, 'confirmed', NOW() - INTERVAL '51 days 8 hours' + INTERVAL '1 minute') ON CONFLICT DO NOTHING;
INSERT INTO order_history (id, order_id, status, changed_at) VALUES (702, 152, 'preparing', NOW() - INTERVAL '51 days 8 hours' + INTERVAL '3 minutes') ON CONFLICT DO NOTHING;
INSERT INTO order_history (id, order_id, status, changed_at) VALUES (703, 152, 'ready', NOW() - INTERVAL '51 days 8 hours' + INTERVAL '10 minutes') ON CONFLICT DO NOTHING;
INSERT INTO order_history (id, order_id, status, changed_at) VALUES (704, 153, 'placed', NOW() - INTERVAL '45 days 22 hours') ON CONFLICT DO NOTHING;
INSERT INTO order_history (id, order_id, status, changed_at) VALUES (705, 153, 'confirmed', NOW() - INTERVAL '45 days 22 hours' + INTERVAL '1 minute') ON CONFLICT DO NOTHING;
INSERT INTO order_history (id, order_id, status, changed_at) VALUES (706, 153, 'preparing', NOW() - INTERVAL '45 days 22 hours' + INTERVAL '3 minutes') ON CONFLICT DO NOTHING;
INSERT INTO order_history (id, order_id, status, changed_at) VALUES (707, 153, 'ready', NOW() - INTERVAL '45 days 22 hours' + INTERVAL '10 minutes') ON CONFLICT DO NOTHING;
INSERT INTO order_history (id, order_id, status, changed_at) VALUES (708, 153, 'picked', NOW() - INTERVAL '45 days 22 hours' + INTERVAL '12 minutes') ON CONFLICT DO NOTHING;
INSERT INTO order_history (id, order_id, status, changed_at) VALUES (709, 154, 'placed', NOW() - INTERVAL '61 days 1 hours') ON CONFLICT DO NOTHING;
INSERT INTO order_history (id, order_id, status, changed_at) VALUES (710, 154, 'confirmed', NOW() - INTERVAL '61 days 1 hours' + INTERVAL '1 minute') ON CONFLICT DO NOTHING;
INSERT INTO order_history (id, order_id, status, changed_at) VALUES (711, 154, 'preparing', NOW() - INTERVAL '61 days 1 hours' + INTERVAL '3 minutes') ON CONFLICT DO NOTHING;
INSERT INTO order_history (id, order_id, status, changed_at) VALUES (712, 154, 'cancelled', NOW() - INTERVAL '61 days 1 hours' + INTERVAL '5 minutes') ON CONFLICT DO NOTHING;
INSERT INTO order_history (id, order_id, status, changed_at) VALUES (713, 155, 'placed', NOW() - INTERVAL '49 days 14 hours') ON CONFLICT DO NOTHING;
INSERT INTO order_history (id, order_id, status, changed_at) VALUES (714, 155, 'confirmed', NOW() - INTERVAL '49 days 14 hours' + INTERVAL '1 minute') ON CONFLICT DO NOTHING;
INSERT INTO order_history (id, order_id, status, changed_at) VALUES (715, 155, 'preparing', NOW() - INTERVAL '49 days 14 hours' + INTERVAL '3 minutes') ON CONFLICT DO NOTHING;
INSERT INTO order_history (id, order_id, status, changed_at) VALUES (716, 155, 'ready', NOW() - INTERVAL '49 days 14 hours' + INTERVAL '10 minutes') ON CONFLICT DO NOTHING;
INSERT INTO order_history (id, order_id, status, changed_at) VALUES (717, 155, 'picked', NOW() - INTERVAL '49 days 14 hours' + INTERVAL '12 minutes') ON CONFLICT DO NOTHING;
INSERT INTO order_history (id, order_id, status, changed_at) VALUES (718, 156, 'placed', NOW() - INTERVAL '69 days 12 hours') ON CONFLICT DO NOTHING;
INSERT INTO order_history (id, order_id, status, changed_at) VALUES (719, 156, 'confirmed', NOW() - INTERVAL '69 days 12 hours' + INTERVAL '1 minute') ON CONFLICT DO NOTHING;
INSERT INTO order_history (id, order_id, status, changed_at) VALUES (720, 156, 'preparing', NOW() - INTERVAL '69 days 12 hours' + INTERVAL '3 minutes') ON CONFLICT DO NOTHING;
INSERT INTO order_history (id, order_id, status, changed_at) VALUES (721, 156, 'ready', NOW() - INTERVAL '69 days 12 hours' + INTERVAL '10 minutes') ON CONFLICT DO NOTHING;
INSERT INTO order_history (id, order_id, status, changed_at) VALUES (722, 156, 'picked', NOW() - INTERVAL '69 days 12 hours' + INTERVAL '12 minutes') ON CONFLICT DO NOTHING;
INSERT INTO order_history (id, order_id, status, changed_at) VALUES (723, 157, 'placed', NOW() - INTERVAL '70 days 13 hours') ON CONFLICT DO NOTHING;
INSERT INTO order_history (id, order_id, status, changed_at) VALUES (724, 157, 'confirmed', NOW() - INTERVAL '70 days 13 hours' + INTERVAL '1 minute') ON CONFLICT DO NOTHING;
INSERT INTO order_history (id, order_id, status, changed_at) VALUES (725, 157, 'preparing', NOW() - INTERVAL '70 days 13 hours' + INTERVAL '3 minutes') ON CONFLICT DO NOTHING;
INSERT INTO order_history (id, order_id, status, changed_at) VALUES (726, 157, 'ready', NOW() - INTERVAL '70 days 13 hours' + INTERVAL '10 minutes') ON CONFLICT DO NOTHING;
INSERT INTO order_history (id, order_id, status, changed_at) VALUES (727, 157, 'picked', NOW() - INTERVAL '70 days 13 hours' + INTERVAL '12 minutes') ON CONFLICT DO NOTHING;
INSERT INTO order_history (id, order_id, status, changed_at) VALUES (728, 158, 'placed', NOW() - INTERVAL '15 days 1 hours') ON CONFLICT DO NOTHING;
INSERT INTO order_history (id, order_id, status, changed_at) VALUES (729, 158, 'confirmed', NOW() - INTERVAL '15 days 1 hours' + INTERVAL '1 minute') ON CONFLICT DO NOTHING;
INSERT INTO order_history (id, order_id, status, changed_at) VALUES (730, 158, 'preparing', NOW() - INTERVAL '15 days 1 hours' + INTERVAL '3 minutes') ON CONFLICT DO NOTHING;
INSERT INTO order_history (id, order_id, status, changed_at) VALUES (731, 158, 'ready', NOW() - INTERVAL '15 days 1 hours' + INTERVAL '10 minutes') ON CONFLICT DO NOTHING;
INSERT INTO order_history (id, order_id, status, changed_at) VALUES (732, 158, 'picked', NOW() - INTERVAL '15 days 1 hours' + INTERVAL '12 minutes') ON CONFLICT DO NOTHING;
INSERT INTO order_history (id, order_id, status, changed_at) VALUES (733, 159, 'placed', NOW() - INTERVAL '58 days 19 hours') ON CONFLICT DO NOTHING;
INSERT INTO order_history (id, order_id, status, changed_at) VALUES (734, 159, 'confirmed', NOW() - INTERVAL '58 days 19 hours' + INTERVAL '1 minute') ON CONFLICT DO NOTHING;
INSERT INTO order_history (id, order_id, status, changed_at) VALUES (735, 159, 'preparing', NOW() - INTERVAL '58 days 19 hours' + INTERVAL '3 minutes') ON CONFLICT DO NOTHING;
INSERT INTO order_history (id, order_id, status, changed_at) VALUES (736, 159, 'ready', NOW() - INTERVAL '58 days 19 hours' + INTERVAL '10 minutes') ON CONFLICT DO NOTHING;
INSERT INTO order_history (id, order_id, status, changed_at) VALUES (737, 159, 'picked', NOW() - INTERVAL '58 days 19 hours' + INTERVAL '12 minutes') ON CONFLICT DO NOTHING;
INSERT INTO order_history (id, order_id, status, changed_at) VALUES (738, 160, 'placed', NOW() - INTERVAL '8 days 4 hours') ON CONFLICT DO NOTHING;
INSERT INTO order_history (id, order_id, status, changed_at) VALUES (739, 160, 'confirmed', NOW() - INTERVAL '8 days 4 hours' + INTERVAL '1 minute') ON CONFLICT DO NOTHING;
INSERT INTO order_history (id, order_id, status, changed_at) VALUES (740, 160, 'preparing', NOW() - INTERVAL '8 days 4 hours' + INTERVAL '3 minutes') ON CONFLICT DO NOTHING;
INSERT INTO order_history (id, order_id, status, changed_at) VALUES (741, 160, 'ready', NOW() - INTERVAL '8 days 4 hours' + INTERVAL '10 minutes') ON CONFLICT DO NOTHING;
INSERT INTO order_history (id, order_id, status, changed_at) VALUES (742, 160, 'picked', NOW() - INTERVAL '8 days 4 hours' + INTERVAL '12 minutes') ON CONFLICT DO NOTHING;
INSERT INTO order_history (id, order_id, status, changed_at) VALUES (743, 161, 'placed', NOW() - INTERVAL '85 days 16 hours') ON CONFLICT DO NOTHING;
INSERT INTO order_history (id, order_id, status, changed_at) VALUES (744, 161, 'confirmed', NOW() - INTERVAL '85 days 16 hours' + INTERVAL '1 minute') ON CONFLICT DO NOTHING;
INSERT INTO order_history (id, order_id, status, changed_at) VALUES (745, 161, 'preparing', NOW() - INTERVAL '85 days 16 hours' + INTERVAL '3 minutes') ON CONFLICT DO NOTHING;
INSERT INTO order_history (id, order_id, status, changed_at) VALUES (746, 162, 'placed', NOW() - INTERVAL '72 days 18 hours') ON CONFLICT DO NOTHING;
INSERT INTO order_history (id, order_id, status, changed_at) VALUES (747, 162, 'confirmed', NOW() - INTERVAL '72 days 18 hours' + INTERVAL '1 minute') ON CONFLICT DO NOTHING;
INSERT INTO order_history (id, order_id, status, changed_at) VALUES (748, 162, 'preparing', NOW() - INTERVAL '72 days 18 hours' + INTERVAL '3 minutes') ON CONFLICT DO NOTHING;
INSERT INTO order_history (id, order_id, status, changed_at) VALUES (749, 162, 'ready', NOW() - INTERVAL '72 days 18 hours' + INTERVAL '10 minutes') ON CONFLICT DO NOTHING;
INSERT INTO order_history (id, order_id, status, changed_at) VALUES (750, 162, 'picked', NOW() - INTERVAL '72 days 18 hours' + INTERVAL '12 minutes') ON CONFLICT DO NOTHING;
INSERT INTO order_history (id, order_id, status, changed_at) VALUES (751, 163, 'placed', NOW() - INTERVAL '41 days 22 hours') ON CONFLICT DO NOTHING;
INSERT INTO order_history (id, order_id, status, changed_at) VALUES (752, 163, 'confirmed', NOW() - INTERVAL '41 days 22 hours' + INTERVAL '1 minute') ON CONFLICT DO NOTHING;
INSERT INTO order_history (id, order_id, status, changed_at) VALUES (753, 163, 'preparing', NOW() - INTERVAL '41 days 22 hours' + INTERVAL '3 minutes') ON CONFLICT DO NOTHING;
INSERT INTO order_history (id, order_id, status, changed_at) VALUES (754, 163, 'ready', NOW() - INTERVAL '41 days 22 hours' + INTERVAL '10 minutes') ON CONFLICT DO NOTHING;
INSERT INTO order_history (id, order_id, status, changed_at) VALUES (755, 164, 'placed', NOW() - INTERVAL '69 days 15 hours') ON CONFLICT DO NOTHING;
INSERT INTO order_history (id, order_id, status, changed_at) VALUES (756, 164, 'confirmed', NOW() - INTERVAL '69 days 15 hours' + INTERVAL '1 minute') ON CONFLICT DO NOTHING;
INSERT INTO order_history (id, order_id, status, changed_at) VALUES (757, 164, 'preparing', NOW() - INTERVAL '69 days 15 hours' + INTERVAL '3 minutes') ON CONFLICT DO NOTHING;
INSERT INTO order_history (id, order_id, status, changed_at) VALUES (758, 164, 'ready', NOW() - INTERVAL '69 days 15 hours' + INTERVAL '10 minutes') ON CONFLICT DO NOTHING;
INSERT INTO order_history (id, order_id, status, changed_at) VALUES (759, 164, 'picked', NOW() - INTERVAL '69 days 15 hours' + INTERVAL '12 minutes') ON CONFLICT DO NOTHING;
INSERT INTO order_history (id, order_id, status, changed_at) VALUES (760, 165, 'placed', NOW() - INTERVAL '19 days 14 hours') ON CONFLICT DO NOTHING;
INSERT INTO order_history (id, order_id, status, changed_at) VALUES (761, 165, 'confirmed', NOW() - INTERVAL '19 days 14 hours' + INTERVAL '1 minute') ON CONFLICT DO NOTHING;
INSERT INTO order_history (id, order_id, status, changed_at) VALUES (762, 165, 'preparing', NOW() - INTERVAL '19 days 14 hours' + INTERVAL '3 minutes') ON CONFLICT DO NOTHING;
INSERT INTO order_history (id, order_id, status, changed_at) VALUES (763, 166, 'placed', NOW() - INTERVAL '18 days 12 hours') ON CONFLICT DO NOTHING;
INSERT INTO order_history (id, order_id, status, changed_at) VALUES (764, 166, 'confirmed', NOW() - INTERVAL '18 days 12 hours' + INTERVAL '1 minute') ON CONFLICT DO NOTHING;
INSERT INTO order_history (id, order_id, status, changed_at) VALUES (765, 166, 'preparing', NOW() - INTERVAL '18 days 12 hours' + INTERVAL '3 minutes') ON CONFLICT DO NOTHING;
INSERT INTO order_history (id, order_id, status, changed_at) VALUES (766, 166, 'ready', NOW() - INTERVAL '18 days 12 hours' + INTERVAL '10 minutes') ON CONFLICT DO NOTHING;
INSERT INTO order_history (id, order_id, status, changed_at) VALUES (767, 166, 'picked', NOW() - INTERVAL '18 days 12 hours' + INTERVAL '12 minutes') ON CONFLICT DO NOTHING;
INSERT INTO order_history (id, order_id, status, changed_at) VALUES (768, 167, 'placed', NOW() - INTERVAL '11 days 14 hours') ON CONFLICT DO NOTHING;
INSERT INTO order_history (id, order_id, status, changed_at) VALUES (769, 167, 'confirmed', NOW() - INTERVAL '11 days 14 hours' + INTERVAL '1 minute') ON CONFLICT DO NOTHING;
INSERT INTO order_history (id, order_id, status, changed_at) VALUES (770, 167, 'preparing', NOW() - INTERVAL '11 days 14 hours' + INTERVAL '3 minutes') ON CONFLICT DO NOTHING;
INSERT INTO order_history (id, order_id, status, changed_at) VALUES (771, 167, 'ready', NOW() - INTERVAL '11 days 14 hours' + INTERVAL '10 minutes') ON CONFLICT DO NOTHING;
INSERT INTO order_history (id, order_id, status, changed_at) VALUES (772, 167, 'picked', NOW() - INTERVAL '11 days 14 hours' + INTERVAL '12 minutes') ON CONFLICT DO NOTHING;
INSERT INTO order_history (id, order_id, status, changed_at) VALUES (773, 168, 'placed', NOW() - INTERVAL '78 days 19 hours') ON CONFLICT DO NOTHING;
INSERT INTO order_history (id, order_id, status, changed_at) VALUES (774, 168, 'confirmed', NOW() - INTERVAL '78 days 19 hours' + INTERVAL '1 minute') ON CONFLICT DO NOTHING;
INSERT INTO order_history (id, order_id, status, changed_at) VALUES (775, 168, 'preparing', NOW() - INTERVAL '78 days 19 hours' + INTERVAL '3 minutes') ON CONFLICT DO NOTHING;
INSERT INTO order_history (id, order_id, status, changed_at) VALUES (776, 168, 'ready', NOW() - INTERVAL '78 days 19 hours' + INTERVAL '10 minutes') ON CONFLICT DO NOTHING;
INSERT INTO order_history (id, order_id, status, changed_at) VALUES (777, 168, 'picked', NOW() - INTERVAL '78 days 19 hours' + INTERVAL '12 minutes') ON CONFLICT DO NOTHING;
INSERT INTO order_history (id, order_id, status, changed_at) VALUES (778, 169, 'placed', NOW() - INTERVAL '76 days 23 hours') ON CONFLICT DO NOTHING;
INSERT INTO order_history (id, order_id, status, changed_at) VALUES (779, 169, 'confirmed', NOW() - INTERVAL '76 days 23 hours' + INTERVAL '1 minute') ON CONFLICT DO NOTHING;
INSERT INTO order_history (id, order_id, status, changed_at) VALUES (780, 169, 'preparing', NOW() - INTERVAL '76 days 23 hours' + INTERVAL '3 minutes') ON CONFLICT DO NOTHING;
INSERT INTO order_history (id, order_id, status, changed_at) VALUES (781, 170, 'placed', NOW() - INTERVAL '25 days 23 hours') ON CONFLICT DO NOTHING;
INSERT INTO order_history (id, order_id, status, changed_at) VALUES (782, 170, 'confirmed', NOW() - INTERVAL '25 days 23 hours' + INTERVAL '1 minute') ON CONFLICT DO NOTHING;
INSERT INTO order_history (id, order_id, status, changed_at) VALUES (783, 170, 'preparing', NOW() - INTERVAL '25 days 23 hours' + INTERVAL '3 minutes') ON CONFLICT DO NOTHING;
INSERT INTO order_history (id, order_id, status, changed_at) VALUES (784, 170, 'ready', NOW() - INTERVAL '25 days 23 hours' + INTERVAL '10 minutes') ON CONFLICT DO NOTHING;
INSERT INTO order_history (id, order_id, status, changed_at) VALUES (785, 170, 'picked', NOW() - INTERVAL '25 days 23 hours' + INTERVAL '12 minutes') ON CONFLICT DO NOTHING;
INSERT INTO order_history (id, order_id, status, changed_at) VALUES (786, 171, 'placed', NOW() - INTERVAL '27 days 12 hours') ON CONFLICT DO NOTHING;
INSERT INTO order_history (id, order_id, status, changed_at) VALUES (787, 171, 'confirmed', NOW() - INTERVAL '27 days 12 hours' + INTERVAL '1 minute') ON CONFLICT DO NOTHING;
INSERT INTO order_history (id, order_id, status, changed_at) VALUES (788, 171, 'preparing', NOW() - INTERVAL '27 days 12 hours' + INTERVAL '3 minutes') ON CONFLICT DO NOTHING;
INSERT INTO order_history (id, order_id, status, changed_at) VALUES (789, 171, 'ready', NOW() - INTERVAL '27 days 12 hours' + INTERVAL '10 minutes') ON CONFLICT DO NOTHING;
INSERT INTO order_history (id, order_id, status, changed_at) VALUES (790, 171, 'picked', NOW() - INTERVAL '27 days 12 hours' + INTERVAL '12 minutes') ON CONFLICT DO NOTHING;
INSERT INTO order_history (id, order_id, status, changed_at) VALUES (791, 172, 'placed', NOW() - INTERVAL '69 days 20 hours') ON CONFLICT DO NOTHING;
INSERT INTO order_history (id, order_id, status, changed_at) VALUES (792, 172, 'confirmed', NOW() - INTERVAL '69 days 20 hours' + INTERVAL '1 minute') ON CONFLICT DO NOTHING;
INSERT INTO order_history (id, order_id, status, changed_at) VALUES (793, 172, 'preparing', NOW() - INTERVAL '69 days 20 hours' + INTERVAL '3 minutes') ON CONFLICT DO NOTHING;
INSERT INTO order_history (id, order_id, status, changed_at) VALUES (794, 172, 'ready', NOW() - INTERVAL '69 days 20 hours' + INTERVAL '10 minutes') ON CONFLICT DO NOTHING;
INSERT INTO order_history (id, order_id, status, changed_at) VALUES (795, 172, 'picked', NOW() - INTERVAL '69 days 20 hours' + INTERVAL '12 minutes') ON CONFLICT DO NOTHING;
INSERT INTO order_history (id, order_id, status, changed_at) VALUES (796, 173, 'placed', NOW() - INTERVAL '61 days 10 hours') ON CONFLICT DO NOTHING;
INSERT INTO order_history (id, order_id, status, changed_at) VALUES (797, 173, 'confirmed', NOW() - INTERVAL '61 days 10 hours' + INTERVAL '1 minute') ON CONFLICT DO NOTHING;
INSERT INTO order_history (id, order_id, status, changed_at) VALUES (798, 173, 'preparing', NOW() - INTERVAL '61 days 10 hours' + INTERVAL '3 minutes') ON CONFLICT DO NOTHING;
INSERT INTO order_history (id, order_id, status, changed_at) VALUES (799, 173, 'ready', NOW() - INTERVAL '61 days 10 hours' + INTERVAL '10 minutes') ON CONFLICT DO NOTHING;
INSERT INTO order_history (id, order_id, status, changed_at) VALUES (800, 173, 'picked', NOW() - INTERVAL '61 days 10 hours' + INTERVAL '12 minutes') ON CONFLICT DO NOTHING;
INSERT INTO order_history (id, order_id, status, changed_at) VALUES (801, 174, 'placed', NOW() - INTERVAL '73 days 7 hours') ON CONFLICT DO NOTHING;
INSERT INTO order_history (id, order_id, status, changed_at) VALUES (802, 174, 'confirmed', NOW() - INTERVAL '73 days 7 hours' + INTERVAL '1 minute') ON CONFLICT DO NOTHING;
INSERT INTO order_history (id, order_id, status, changed_at) VALUES (803, 174, 'preparing', NOW() - INTERVAL '73 days 7 hours' + INTERVAL '3 minutes') ON CONFLICT DO NOTHING;
INSERT INTO order_history (id, order_id, status, changed_at) VALUES (804, 174, 'ready', NOW() - INTERVAL '73 days 7 hours' + INTERVAL '10 minutes') ON CONFLICT DO NOTHING;
INSERT INTO order_history (id, order_id, status, changed_at) VALUES (805, 174, 'picked', NOW() - INTERVAL '73 days 7 hours' + INTERVAL '12 minutes') ON CONFLICT DO NOTHING;
INSERT INTO order_history (id, order_id, status, changed_at) VALUES (806, 175, 'placed', NOW() - INTERVAL '30 days 12 hours') ON CONFLICT DO NOTHING;
INSERT INTO order_history (id, order_id, status, changed_at) VALUES (807, 175, 'confirmed', NOW() - INTERVAL '30 days 12 hours' + INTERVAL '1 minute') ON CONFLICT DO NOTHING;
INSERT INTO order_history (id, order_id, status, changed_at) VALUES (808, 175, 'preparing', NOW() - INTERVAL '30 days 12 hours' + INTERVAL '3 minutes') ON CONFLICT DO NOTHING;
INSERT INTO order_history (id, order_id, status, changed_at) VALUES (809, 175, 'ready', NOW() - INTERVAL '30 days 12 hours' + INTERVAL '10 minutes') ON CONFLICT DO NOTHING;
INSERT INTO order_history (id, order_id, status, changed_at) VALUES (810, 175, 'picked', NOW() - INTERVAL '30 days 12 hours' + INTERVAL '12 minutes') ON CONFLICT DO NOTHING;
INSERT INTO order_history (id, order_id, status, changed_at) VALUES (811, 176, 'placed', NOW() - INTERVAL '46 days 5 hours') ON CONFLICT DO NOTHING;
INSERT INTO order_history (id, order_id, status, changed_at) VALUES (812, 176, 'confirmed', NOW() - INTERVAL '46 days 5 hours' + INTERVAL '1 minute') ON CONFLICT DO NOTHING;
INSERT INTO order_history (id, order_id, status, changed_at) VALUES (813, 176, 'preparing', NOW() - INTERVAL '46 days 5 hours' + INTERVAL '3 minutes') ON CONFLICT DO NOTHING;
INSERT INTO order_history (id, order_id, status, changed_at) VALUES (814, 176, 'ready', NOW() - INTERVAL '46 days 5 hours' + INTERVAL '10 minutes') ON CONFLICT DO NOTHING;
INSERT INTO order_history (id, order_id, status, changed_at) VALUES (815, 176, 'picked', NOW() - INTERVAL '46 days 5 hours' + INTERVAL '12 minutes') ON CONFLICT DO NOTHING;
INSERT INTO order_history (id, order_id, status, changed_at) VALUES (816, 177, 'placed', NOW() - INTERVAL '70 days 20 hours') ON CONFLICT DO NOTHING;
INSERT INTO order_history (id, order_id, status, changed_at) VALUES (817, 177, 'confirmed', NOW() - INTERVAL '70 days 20 hours' + INTERVAL '1 minute') ON CONFLICT DO NOTHING;
INSERT INTO order_history (id, order_id, status, changed_at) VALUES (818, 177, 'preparing', NOW() - INTERVAL '70 days 20 hours' + INTERVAL '3 minutes') ON CONFLICT DO NOTHING;
INSERT INTO order_history (id, order_id, status, changed_at) VALUES (819, 178, 'placed', NOW() - INTERVAL '7 days 0 hours') ON CONFLICT DO NOTHING;
INSERT INTO order_history (id, order_id, status, changed_at) VALUES (820, 178, 'confirmed', NOW() - INTERVAL '7 days 0 hours' + INTERVAL '1 minute') ON CONFLICT DO NOTHING;
INSERT INTO order_history (id, order_id, status, changed_at) VALUES (821, 178, 'preparing', NOW() - INTERVAL '7 days 0 hours' + INTERVAL '3 minutes') ON CONFLICT DO NOTHING;
INSERT INTO order_history (id, order_id, status, changed_at) VALUES (822, 179, 'placed', NOW() - INTERVAL '65 days 14 hours') ON CONFLICT DO NOTHING;
INSERT INTO order_history (id, order_id, status, changed_at) VALUES (823, 179, 'confirmed', NOW() - INTERVAL '65 days 14 hours' + INTERVAL '1 minute') ON CONFLICT DO NOTHING;
INSERT INTO order_history (id, order_id, status, changed_at) VALUES (824, 179, 'preparing', NOW() - INTERVAL '65 days 14 hours' + INTERVAL '3 minutes') ON CONFLICT DO NOTHING;
INSERT INTO order_history (id, order_id, status, changed_at) VALUES (825, 179, 'ready', NOW() - INTERVAL '65 days 14 hours' + INTERVAL '10 minutes') ON CONFLICT DO NOTHING;
INSERT INTO order_history (id, order_id, status, changed_at) VALUES (826, 179, 'picked', NOW() - INTERVAL '65 days 14 hours' + INTERVAL '12 minutes') ON CONFLICT DO NOTHING;
INSERT INTO order_history (id, order_id, status, changed_at) VALUES (827, 180, 'placed', NOW() - INTERVAL '71 days 13 hours') ON CONFLICT DO NOTHING;
INSERT INTO order_history (id, order_id, status, changed_at) VALUES (828, 180, 'confirmed', NOW() - INTERVAL '71 days 13 hours' + INTERVAL '1 minute') ON CONFLICT DO NOTHING;
INSERT INTO order_history (id, order_id, status, changed_at) VALUES (829, 180, 'preparing', NOW() - INTERVAL '71 days 13 hours' + INTERVAL '3 minutes') ON CONFLICT DO NOTHING;
INSERT INTO order_history (id, order_id, status, changed_at) VALUES (830, 180, 'ready', NOW() - INTERVAL '71 days 13 hours' + INTERVAL '10 minutes') ON CONFLICT DO NOTHING;
INSERT INTO order_history (id, order_id, status, changed_at) VALUES (831, 180, 'picked', NOW() - INTERVAL '71 days 13 hours' + INTERVAL '12 minutes') ON CONFLICT DO NOTHING;
INSERT INTO order_history (id, order_id, status, changed_at) VALUES (832, 181, 'placed', NOW() - INTERVAL '37 days 0 hours') ON CONFLICT DO NOTHING;
INSERT INTO order_history (id, order_id, status, changed_at) VALUES (833, 181, 'confirmed', NOW() - INTERVAL '37 days 0 hours' + INTERVAL '1 minute') ON CONFLICT DO NOTHING;
INSERT INTO order_history (id, order_id, status, changed_at) VALUES (834, 181, 'preparing', NOW() - INTERVAL '37 days 0 hours' + INTERVAL '3 minutes') ON CONFLICT DO NOTHING;
INSERT INTO order_history (id, order_id, status, changed_at) VALUES (835, 181, 'ready', NOW() - INTERVAL '37 days 0 hours' + INTERVAL '10 minutes') ON CONFLICT DO NOTHING;
INSERT INTO order_history (id, order_id, status, changed_at) VALUES (836, 181, 'picked', NOW() - INTERVAL '37 days 0 hours' + INTERVAL '12 minutes') ON CONFLICT DO NOTHING;
INSERT INTO order_history (id, order_id, status, changed_at) VALUES (837, 182, 'placed', NOW() - INTERVAL '80 days 16 hours') ON CONFLICT DO NOTHING;
INSERT INTO order_history (id, order_id, status, changed_at) VALUES (838, 182, 'confirmed', NOW() - INTERVAL '80 days 16 hours' + INTERVAL '1 minute') ON CONFLICT DO NOTHING;
INSERT INTO order_history (id, order_id, status, changed_at) VALUES (839, 182, 'preparing', NOW() - INTERVAL '80 days 16 hours' + INTERVAL '3 minutes') ON CONFLICT DO NOTHING;
INSERT INTO order_history (id, order_id, status, changed_at) VALUES (840, 182, 'ready', NOW() - INTERVAL '80 days 16 hours' + INTERVAL '10 minutes') ON CONFLICT DO NOTHING;
INSERT INTO order_history (id, order_id, status, changed_at) VALUES (841, 182, 'picked', NOW() - INTERVAL '80 days 16 hours' + INTERVAL '12 minutes') ON CONFLICT DO NOTHING;
INSERT INTO order_history (id, order_id, status, changed_at) VALUES (842, 183, 'placed', NOW() - INTERVAL '52 days 14 hours') ON CONFLICT DO NOTHING;
INSERT INTO order_history (id, order_id, status, changed_at) VALUES (843, 183, 'confirmed', NOW() - INTERVAL '52 days 14 hours' + INTERVAL '1 minute') ON CONFLICT DO NOTHING;
INSERT INTO order_history (id, order_id, status, changed_at) VALUES (844, 183, 'preparing', NOW() - INTERVAL '52 days 14 hours' + INTERVAL '3 minutes') ON CONFLICT DO NOTHING;
INSERT INTO order_history (id, order_id, status, changed_at) VALUES (845, 183, 'ready', NOW() - INTERVAL '52 days 14 hours' + INTERVAL '10 minutes') ON CONFLICT DO NOTHING;
INSERT INTO order_history (id, order_id, status, changed_at) VALUES (846, 183, 'picked', NOW() - INTERVAL '52 days 14 hours' + INTERVAL '12 minutes') ON CONFLICT DO NOTHING;
INSERT INTO order_history (id, order_id, status, changed_at) VALUES (847, 184, 'placed', NOW() - INTERVAL '49 days 17 hours') ON CONFLICT DO NOTHING;
INSERT INTO order_history (id, order_id, status, changed_at) VALUES (848, 184, 'confirmed', NOW() - INTERVAL '49 days 17 hours' + INTERVAL '1 minute') ON CONFLICT DO NOTHING;
INSERT INTO order_history (id, order_id, status, changed_at) VALUES (849, 184, 'preparing', NOW() - INTERVAL '49 days 17 hours' + INTERVAL '3 minutes') ON CONFLICT DO NOTHING;
INSERT INTO order_history (id, order_id, status, changed_at) VALUES (850, 184, 'ready', NOW() - INTERVAL '49 days 17 hours' + INTERVAL '10 minutes') ON CONFLICT DO NOTHING;
INSERT INTO order_history (id, order_id, status, changed_at) VALUES (851, 184, 'picked', NOW() - INTERVAL '49 days 17 hours' + INTERVAL '12 minutes') ON CONFLICT DO NOTHING;
INSERT INTO order_history (id, order_id, status, changed_at) VALUES (852, 185, 'placed', NOW() - INTERVAL '56 days 20 hours') ON CONFLICT DO NOTHING;
INSERT INTO order_history (id, order_id, status, changed_at) VALUES (853, 185, 'confirmed', NOW() - INTERVAL '56 days 20 hours' + INTERVAL '1 minute') ON CONFLICT DO NOTHING;
INSERT INTO order_history (id, order_id, status, changed_at) VALUES (854, 185, 'preparing', NOW() - INTERVAL '56 days 20 hours' + INTERVAL '3 minutes') ON CONFLICT DO NOTHING;
INSERT INTO order_history (id, order_id, status, changed_at) VALUES (855, 185, 'ready', NOW() - INTERVAL '56 days 20 hours' + INTERVAL '10 minutes') ON CONFLICT DO NOTHING;
INSERT INTO order_history (id, order_id, status, changed_at) VALUES (856, 185, 'picked', NOW() - INTERVAL '56 days 20 hours' + INTERVAL '12 minutes') ON CONFLICT DO NOTHING;
INSERT INTO order_history (id, order_id, status, changed_at) VALUES (857, 186, 'placed', NOW() - INTERVAL '73 days 15 hours') ON CONFLICT DO NOTHING;
INSERT INTO order_history (id, order_id, status, changed_at) VALUES (858, 186, 'confirmed', NOW() - INTERVAL '73 days 15 hours' + INTERVAL '1 minute') ON CONFLICT DO NOTHING;
INSERT INTO order_history (id, order_id, status, changed_at) VALUES (859, 186, 'preparing', NOW() - INTERVAL '73 days 15 hours' + INTERVAL '3 minutes') ON CONFLICT DO NOTHING;
INSERT INTO order_history (id, order_id, status, changed_at) VALUES (860, 187, 'placed', NOW() - INTERVAL '41 days 0 hours') ON CONFLICT DO NOTHING;
INSERT INTO order_history (id, order_id, status, changed_at) VALUES (861, 187, 'confirmed', NOW() - INTERVAL '41 days 0 hours' + INTERVAL '1 minute') ON CONFLICT DO NOTHING;
INSERT INTO order_history (id, order_id, status, changed_at) VALUES (862, 187, 'preparing', NOW() - INTERVAL '41 days 0 hours' + INTERVAL '3 minutes') ON CONFLICT DO NOTHING;
INSERT INTO order_history (id, order_id, status, changed_at) VALUES (863, 187, 'ready', NOW() - INTERVAL '41 days 0 hours' + INTERVAL '10 minutes') ON CONFLICT DO NOTHING;
INSERT INTO order_history (id, order_id, status, changed_at) VALUES (864, 187, 'picked', NOW() - INTERVAL '41 days 0 hours' + INTERVAL '12 minutes') ON CONFLICT DO NOTHING;
INSERT INTO order_history (id, order_id, status, changed_at) VALUES (865, 188, 'placed', NOW() - INTERVAL '39 days 5 hours') ON CONFLICT DO NOTHING;
INSERT INTO order_history (id, order_id, status, changed_at) VALUES (866, 188, 'confirmed', NOW() - INTERVAL '39 days 5 hours' + INTERVAL '1 minute') ON CONFLICT DO NOTHING;
INSERT INTO order_history (id, order_id, status, changed_at) VALUES (867, 188, 'preparing', NOW() - INTERVAL '39 days 5 hours' + INTERVAL '3 minutes') ON CONFLICT DO NOTHING;
INSERT INTO order_history (id, order_id, status, changed_at) VALUES (868, 189, 'placed', NOW() - INTERVAL '45 days 1 hours') ON CONFLICT DO NOTHING;
INSERT INTO order_history (id, order_id, status, changed_at) VALUES (869, 189, 'confirmed', NOW() - INTERVAL '45 days 1 hours' + INTERVAL '1 minute') ON CONFLICT DO NOTHING;
INSERT INTO order_history (id, order_id, status, changed_at) VALUES (870, 189, 'preparing', NOW() - INTERVAL '45 days 1 hours' + INTERVAL '3 minutes') ON CONFLICT DO NOTHING;
INSERT INTO order_history (id, order_id, status, changed_at) VALUES (871, 189, 'ready', NOW() - INTERVAL '45 days 1 hours' + INTERVAL '10 minutes') ON CONFLICT DO NOTHING;
INSERT INTO order_history (id, order_id, status, changed_at) VALUES (872, 189, 'picked', NOW() - INTERVAL '45 days 1 hours' + INTERVAL '12 minutes') ON CONFLICT DO NOTHING;
INSERT INTO order_history (id, order_id, status, changed_at) VALUES (873, 190, 'placed', NOW() - INTERVAL '44 days 19 hours') ON CONFLICT DO NOTHING;
INSERT INTO order_history (id, order_id, status, changed_at) VALUES (874, 190, 'confirmed', NOW() - INTERVAL '44 days 19 hours' + INTERVAL '1 minute') ON CONFLICT DO NOTHING;
INSERT INTO order_history (id, order_id, status, changed_at) VALUES (875, 190, 'preparing', NOW() - INTERVAL '44 days 19 hours' + INTERVAL '3 minutes') ON CONFLICT DO NOTHING;
INSERT INTO order_history (id, order_id, status, changed_at) VALUES (876, 191, 'placed', NOW() - INTERVAL '71 days 12 hours') ON CONFLICT DO NOTHING;
INSERT INTO order_history (id, order_id, status, changed_at) VALUES (877, 191, 'confirmed', NOW() - INTERVAL '71 days 12 hours' + INTERVAL '1 minute') ON CONFLICT DO NOTHING;
INSERT INTO order_history (id, order_id, status, changed_at) VALUES (878, 191, 'preparing', NOW() - INTERVAL '71 days 12 hours' + INTERVAL '3 minutes') ON CONFLICT DO NOTHING;
INSERT INTO order_history (id, order_id, status, changed_at) VALUES (879, 191, 'ready', NOW() - INTERVAL '71 days 12 hours' + INTERVAL '10 minutes') ON CONFLICT DO NOTHING;
INSERT INTO order_history (id, order_id, status, changed_at) VALUES (880, 191, 'picked', NOW() - INTERVAL '71 days 12 hours' + INTERVAL '12 minutes') ON CONFLICT DO NOTHING;
INSERT INTO order_history (id, order_id, status, changed_at) VALUES (881, 192, 'placed', NOW() - INTERVAL '10 days 2 hours') ON CONFLICT DO NOTHING;
INSERT INTO order_history (id, order_id, status, changed_at) VALUES (882, 192, 'confirmed', NOW() - INTERVAL '10 days 2 hours' + INTERVAL '1 minute') ON CONFLICT DO NOTHING;
INSERT INTO order_history (id, order_id, status, changed_at) VALUES (883, 192, 'preparing', NOW() - INTERVAL '10 days 2 hours' + INTERVAL '3 minutes') ON CONFLICT DO NOTHING;
INSERT INTO order_history (id, order_id, status, changed_at) VALUES (884, 192, 'ready', NOW() - INTERVAL '10 days 2 hours' + INTERVAL '10 minutes') ON CONFLICT DO NOTHING;
INSERT INTO order_history (id, order_id, status, changed_at) VALUES (885, 193, 'placed', NOW() - INTERVAL '14 days 2 hours') ON CONFLICT DO NOTHING;
INSERT INTO order_history (id, order_id, status, changed_at) VALUES (886, 193, 'confirmed', NOW() - INTERVAL '14 days 2 hours' + INTERVAL '1 minute') ON CONFLICT DO NOTHING;
INSERT INTO order_history (id, order_id, status, changed_at) VALUES (887, 193, 'preparing', NOW() - INTERVAL '14 days 2 hours' + INTERVAL '3 minutes') ON CONFLICT DO NOTHING;
INSERT INTO order_history (id, order_id, status, changed_at) VALUES (888, 193, 'ready', NOW() - INTERVAL '14 days 2 hours' + INTERVAL '10 minutes') ON CONFLICT DO NOTHING;
INSERT INTO order_history (id, order_id, status, changed_at) VALUES (889, 193, 'picked', NOW() - INTERVAL '14 days 2 hours' + INTERVAL '12 minutes') ON CONFLICT DO NOTHING;
INSERT INTO order_history (id, order_id, status, changed_at) VALUES (890, 194, 'placed', NOW() - INTERVAL '35 days 3 hours') ON CONFLICT DO NOTHING;
INSERT INTO order_history (id, order_id, status, changed_at) VALUES (891, 194, 'confirmed', NOW() - INTERVAL '35 days 3 hours' + INTERVAL '1 minute') ON CONFLICT DO NOTHING;
INSERT INTO order_history (id, order_id, status, changed_at) VALUES (892, 194, 'preparing', NOW() - INTERVAL '35 days 3 hours' + INTERVAL '3 minutes') ON CONFLICT DO NOTHING;
INSERT INTO order_history (id, order_id, status, changed_at) VALUES (893, 194, 'ready', NOW() - INTERVAL '35 days 3 hours' + INTERVAL '10 minutes') ON CONFLICT DO NOTHING;
INSERT INTO order_history (id, order_id, status, changed_at) VALUES (894, 194, 'picked', NOW() - INTERVAL '35 days 3 hours' + INTERVAL '12 minutes') ON CONFLICT DO NOTHING;
INSERT INTO order_history (id, order_id, status, changed_at) VALUES (895, 195, 'placed', NOW() - INTERVAL '72 days 17 hours') ON CONFLICT DO NOTHING;
INSERT INTO order_history (id, order_id, status, changed_at) VALUES (896, 195, 'confirmed', NOW() - INTERVAL '72 days 17 hours' + INTERVAL '1 minute') ON CONFLICT DO NOTHING;
INSERT INTO order_history (id, order_id, status, changed_at) VALUES (897, 195, 'preparing', NOW() - INTERVAL '72 days 17 hours' + INTERVAL '3 minutes') ON CONFLICT DO NOTHING;
INSERT INTO order_history (id, order_id, status, changed_at) VALUES (898, 195, 'ready', NOW() - INTERVAL '72 days 17 hours' + INTERVAL '10 minutes') ON CONFLICT DO NOTHING;
INSERT INTO order_history (id, order_id, status, changed_at) VALUES (899, 195, 'picked', NOW() - INTERVAL '72 days 17 hours' + INTERVAL '12 minutes') ON CONFLICT DO NOTHING;
INSERT INTO order_history (id, order_id, status, changed_at) VALUES (900, 196, 'placed', NOW() - INTERVAL '2 days 9 hours') ON CONFLICT DO NOTHING;
INSERT INTO order_history (id, order_id, status, changed_at) VALUES (901, 196, 'confirmed', NOW() - INTERVAL '2 days 9 hours' + INTERVAL '1 minute') ON CONFLICT DO NOTHING;
INSERT INTO order_history (id, order_id, status, changed_at) VALUES (902, 196, 'preparing', NOW() - INTERVAL '2 days 9 hours' + INTERVAL '3 minutes') ON CONFLICT DO NOTHING;
INSERT INTO order_history (id, order_id, status, changed_at) VALUES (903, 197, 'placed', NOW() - INTERVAL '35 days 9 hours') ON CONFLICT DO NOTHING;
INSERT INTO order_history (id, order_id, status, changed_at) VALUES (904, 197, 'confirmed', NOW() - INTERVAL '35 days 9 hours' + INTERVAL '1 minute') ON CONFLICT DO NOTHING;
INSERT INTO order_history (id, order_id, status, changed_at) VALUES (905, 197, 'preparing', NOW() - INTERVAL '35 days 9 hours' + INTERVAL '3 minutes') ON CONFLICT DO NOTHING;
INSERT INTO order_history (id, order_id, status, changed_at) VALUES (906, 197, 'ready', NOW() - INTERVAL '35 days 9 hours' + INTERVAL '10 minutes') ON CONFLICT DO NOTHING;
INSERT INTO order_history (id, order_id, status, changed_at) VALUES (907, 197, 'picked', NOW() - INTERVAL '35 days 9 hours' + INTERVAL '12 minutes') ON CONFLICT DO NOTHING;
INSERT INTO order_history (id, order_id, status, changed_at) VALUES (908, 198, 'placed', NOW() - INTERVAL '39 days 15 hours') ON CONFLICT DO NOTHING;
INSERT INTO order_history (id, order_id, status, changed_at) VALUES (909, 198, 'confirmed', NOW() - INTERVAL '39 days 15 hours' + INTERVAL '1 minute') ON CONFLICT DO NOTHING;
INSERT INTO order_history (id, order_id, status, changed_at) VALUES (910, 198, 'preparing', NOW() - INTERVAL '39 days 15 hours' + INTERVAL '3 minutes') ON CONFLICT DO NOTHING;
INSERT INTO order_history (id, order_id, status, changed_at) VALUES (911, 198, 'ready', NOW() - INTERVAL '39 days 15 hours' + INTERVAL '10 minutes') ON CONFLICT DO NOTHING;
INSERT INTO order_history (id, order_id, status, changed_at) VALUES (912, 198, 'picked', NOW() - INTERVAL '39 days 15 hours' + INTERVAL '12 minutes') ON CONFLICT DO NOTHING;
INSERT INTO order_history (id, order_id, status, changed_at) VALUES (913, 199, 'placed', NOW() - INTERVAL '64 days 19 hours') ON CONFLICT DO NOTHING;
INSERT INTO order_history (id, order_id, status, changed_at) VALUES (914, 199, 'confirmed', NOW() - INTERVAL '64 days 19 hours' + INTERVAL '1 minute') ON CONFLICT DO NOTHING;
INSERT INTO order_history (id, order_id, status, changed_at) VALUES (915, 199, 'preparing', NOW() - INTERVAL '64 days 19 hours' + INTERVAL '3 minutes') ON CONFLICT DO NOTHING;
INSERT INTO order_history (id, order_id, status, changed_at) VALUES (916, 199, 'ready', NOW() - INTERVAL '64 days 19 hours' + INTERVAL '10 minutes') ON CONFLICT DO NOTHING;
INSERT INTO order_history (id, order_id, status, changed_at) VALUES (917, 200, 'placed', NOW() - INTERVAL '80 days 12 hours') ON CONFLICT DO NOTHING;
INSERT INTO order_history (id, order_id, status, changed_at) VALUES (918, 200, 'confirmed', NOW() - INTERVAL '80 days 12 hours' + INTERVAL '1 minute') ON CONFLICT DO NOTHING;
INSERT INTO order_history (id, order_id, status, changed_at) VALUES (919, 200, 'preparing', NOW() - INTERVAL '80 days 12 hours' + INTERVAL '3 minutes') ON CONFLICT DO NOTHING;
INSERT INTO order_history (id, order_id, status, changed_at) VALUES (920, 200, 'ready', NOW() - INTERVAL '80 days 12 hours' + INTERVAL '10 minutes') ON CONFLICT DO NOTHING;
INSERT INTO order_history (id, order_id, status, changed_at) VALUES (921, 200, 'picked', NOW() - INTERVAL '80 days 12 hours' + INTERVAL '12 minutes') ON CONFLICT DO NOTHING;
INSERT INTO order_history (id, order_id, status, changed_at) VALUES (922, 201, 'placed', NOW() - INTERVAL '26 days 15 hours') ON CONFLICT DO NOTHING;
INSERT INTO order_history (id, order_id, status, changed_at) VALUES (923, 201, 'confirmed', NOW() - INTERVAL '26 days 15 hours' + INTERVAL '1 minute') ON CONFLICT DO NOTHING;
INSERT INTO order_history (id, order_id, status, changed_at) VALUES (924, 201, 'preparing', NOW() - INTERVAL '26 days 15 hours' + INTERVAL '3 minutes') ON CONFLICT DO NOTHING;
INSERT INTO order_history (id, order_id, status, changed_at) VALUES (925, 201, 'ready', NOW() - INTERVAL '26 days 15 hours' + INTERVAL '10 minutes') ON CONFLICT DO NOTHING;
INSERT INTO order_history (id, order_id, status, changed_at) VALUES (926, 201, 'picked', NOW() - INTERVAL '26 days 15 hours' + INTERVAL '12 minutes') ON CONFLICT DO NOTHING;
INSERT INTO order_history (id, order_id, status, changed_at) VALUES (927, 202, 'placed', NOW() - INTERVAL '32 days 10 hours') ON CONFLICT DO NOTHING;
INSERT INTO order_history (id, order_id, status, changed_at) VALUES (928, 202, 'confirmed', NOW() - INTERVAL '32 days 10 hours' + INTERVAL '1 minute') ON CONFLICT DO NOTHING;
INSERT INTO order_history (id, order_id, status, changed_at) VALUES (929, 202, 'preparing', NOW() - INTERVAL '32 days 10 hours' + INTERVAL '3 minutes') ON CONFLICT DO NOTHING;
INSERT INTO order_history (id, order_id, status, changed_at) VALUES (930, 202, 'cancelled', NOW() - INTERVAL '32 days 10 hours' + INTERVAL '5 minutes') ON CONFLICT DO NOTHING;
INSERT INTO order_history (id, order_id, status, changed_at) VALUES (931, 203, 'placed', NOW() - INTERVAL '70 days 5 hours') ON CONFLICT DO NOTHING;
INSERT INTO order_history (id, order_id, status, changed_at) VALUES (932, 203, 'confirmed', NOW() - INTERVAL '70 days 5 hours' + INTERVAL '1 minute') ON CONFLICT DO NOTHING;
INSERT INTO order_history (id, order_id, status, changed_at) VALUES (933, 203, 'preparing', NOW() - INTERVAL '70 days 5 hours' + INTERVAL '3 minutes') ON CONFLICT DO NOTHING;
INSERT INTO order_history (id, order_id, status, changed_at) VALUES (934, 203, 'ready', NOW() - INTERVAL '70 days 5 hours' + INTERVAL '10 minutes') ON CONFLICT DO NOTHING;
INSERT INTO order_history (id, order_id, status, changed_at) VALUES (935, 203, 'picked', NOW() - INTERVAL '70 days 5 hours' + INTERVAL '12 minutes') ON CONFLICT DO NOTHING;
INSERT INTO order_history (id, order_id, status, changed_at) VALUES (936, 204, 'placed', NOW() - INTERVAL '18 days 20 hours') ON CONFLICT DO NOTHING;
INSERT INTO order_history (id, order_id, status, changed_at) VALUES (937, 204, 'confirmed', NOW() - INTERVAL '18 days 20 hours' + INTERVAL '1 minute') ON CONFLICT DO NOTHING;
INSERT INTO order_history (id, order_id, status, changed_at) VALUES (938, 204, 'preparing', NOW() - INTERVAL '18 days 20 hours' + INTERVAL '3 minutes') ON CONFLICT DO NOTHING;
INSERT INTO order_history (id, order_id, status, changed_at) VALUES (939, 204, 'ready', NOW() - INTERVAL '18 days 20 hours' + INTERVAL '10 minutes') ON CONFLICT DO NOTHING;
INSERT INTO order_history (id, order_id, status, changed_at) VALUES (940, 204, 'picked', NOW() - INTERVAL '18 days 20 hours' + INTERVAL '12 minutes') ON CONFLICT DO NOTHING;
INSERT INTO order_history (id, order_id, status, changed_at) VALUES (941, 205, 'placed', NOW() - INTERVAL '77 days 15 hours') ON CONFLICT DO NOTHING;
INSERT INTO order_history (id, order_id, status, changed_at) VALUES (942, 205, 'confirmed', NOW() - INTERVAL '77 days 15 hours' + INTERVAL '1 minute') ON CONFLICT DO NOTHING;
INSERT INTO order_history (id, order_id, status, changed_at) VALUES (943, 205, 'preparing', NOW() - INTERVAL '77 days 15 hours' + INTERVAL '3 minutes') ON CONFLICT DO NOTHING;
INSERT INTO order_history (id, order_id, status, changed_at) VALUES (944, 205, 'ready', NOW() - INTERVAL '77 days 15 hours' + INTERVAL '10 minutes') ON CONFLICT DO NOTHING;
INSERT INTO order_history (id, order_id, status, changed_at) VALUES (945, 205, 'picked', NOW() - INTERVAL '77 days 15 hours' + INTERVAL '12 minutes') ON CONFLICT DO NOTHING;
INSERT INTO order_history (id, order_id, status, changed_at) VALUES (946, 206, 'placed', NOW() - INTERVAL '46 days 5 hours') ON CONFLICT DO NOTHING;
INSERT INTO order_history (id, order_id, status, changed_at) VALUES (947, 206, 'confirmed', NOW() - INTERVAL '46 days 5 hours' + INTERVAL '1 minute') ON CONFLICT DO NOTHING;
INSERT INTO order_history (id, order_id, status, changed_at) VALUES (948, 206, 'preparing', NOW() - INTERVAL '46 days 5 hours' + INTERVAL '3 minutes') ON CONFLICT DO NOTHING;
INSERT INTO order_history (id, order_id, status, changed_at) VALUES (949, 206, 'ready', NOW() - INTERVAL '46 days 5 hours' + INTERVAL '10 minutes') ON CONFLICT DO NOTHING;
INSERT INTO order_history (id, order_id, status, changed_at) VALUES (950, 206, 'picked', NOW() - INTERVAL '46 days 5 hours' + INTERVAL '12 minutes') ON CONFLICT DO NOTHING;
INSERT INTO order_history (id, order_id, status, changed_at) VALUES (951, 207, 'placed', NOW() - INTERVAL '66 days 23 hours') ON CONFLICT DO NOTHING;
INSERT INTO order_history (id, order_id, status, changed_at) VALUES (952, 207, 'confirmed', NOW() - INTERVAL '66 days 23 hours' + INTERVAL '1 minute') ON CONFLICT DO NOTHING;
INSERT INTO order_history (id, order_id, status, changed_at) VALUES (953, 207, 'preparing', NOW() - INTERVAL '66 days 23 hours' + INTERVAL '3 minutes') ON CONFLICT DO NOTHING;
INSERT INTO order_history (id, order_id, status, changed_at) VALUES (954, 207, 'ready', NOW() - INTERVAL '66 days 23 hours' + INTERVAL '10 minutes') ON CONFLICT DO NOTHING;
INSERT INTO order_history (id, order_id, status, changed_at) VALUES (955, 207, 'picked', NOW() - INTERVAL '66 days 23 hours' + INTERVAL '12 minutes') ON CONFLICT DO NOTHING;
INSERT INTO order_history (id, order_id, status, changed_at) VALUES (956, 208, 'placed', NOW() - INTERVAL '62 days 3 hours') ON CONFLICT DO NOTHING;
INSERT INTO order_history (id, order_id, status, changed_at) VALUES (957, 208, 'confirmed', NOW() - INTERVAL '62 days 3 hours' + INTERVAL '1 minute') ON CONFLICT DO NOTHING;
INSERT INTO order_history (id, order_id, status, changed_at) VALUES (958, 208, 'preparing', NOW() - INTERVAL '62 days 3 hours' + INTERVAL '3 minutes') ON CONFLICT DO NOTHING;
INSERT INTO order_history (id, order_id, status, changed_at) VALUES (959, 208, 'cancelled', NOW() - INTERVAL '62 days 3 hours' + INTERVAL '5 minutes') ON CONFLICT DO NOTHING;
INSERT INTO order_history (id, order_id, status, changed_at) VALUES (960, 209, 'placed', NOW() - INTERVAL '59 days 6 hours') ON CONFLICT DO NOTHING;
INSERT INTO order_history (id, order_id, status, changed_at) VALUES (961, 209, 'confirmed', NOW() - INTERVAL '59 days 6 hours' + INTERVAL '1 minute') ON CONFLICT DO NOTHING;
INSERT INTO order_history (id, order_id, status, changed_at) VALUES (962, 209, 'preparing', NOW() - INTERVAL '59 days 6 hours' + INTERVAL '3 minutes') ON CONFLICT DO NOTHING;
INSERT INTO order_history (id, order_id, status, changed_at) VALUES (963, 209, 'ready', NOW() - INTERVAL '59 days 6 hours' + INTERVAL '10 minutes') ON CONFLICT DO NOTHING;
INSERT INTO order_history (id, order_id, status, changed_at) VALUES (964, 209, 'picked', NOW() - INTERVAL '59 days 6 hours' + INTERVAL '12 minutes') ON CONFLICT DO NOTHING;
INSERT INTO order_history (id, order_id, status, changed_at) VALUES (965, 210, 'placed', NOW() - INTERVAL '6 days 22 hours') ON CONFLICT DO NOTHING;
INSERT INTO order_history (id, order_id, status, changed_at) VALUES (966, 210, 'confirmed', NOW() - INTERVAL '6 days 22 hours' + INTERVAL '1 minute') ON CONFLICT DO NOTHING;
INSERT INTO order_history (id, order_id, status, changed_at) VALUES (967, 210, 'preparing', NOW() - INTERVAL '6 days 22 hours' + INTERVAL '3 minutes') ON CONFLICT DO NOTHING;
INSERT INTO order_history (id, order_id, status, changed_at) VALUES (968, 210, 'ready', NOW() - INTERVAL '6 days 22 hours' + INTERVAL '10 minutes') ON CONFLICT DO NOTHING;
INSERT INTO order_history (id, order_id, status, changed_at) VALUES (969, 210, 'picked', NOW() - INTERVAL '6 days 22 hours' + INTERVAL '12 minutes') ON CONFLICT DO NOTHING;
INSERT INTO order_history (id, order_id, status, changed_at) VALUES (970, 211, 'placed', NOW() - INTERVAL '22 days 23 hours') ON CONFLICT DO NOTHING;
INSERT INTO order_history (id, order_id, status, changed_at) VALUES (971, 211, 'confirmed', NOW() - INTERVAL '22 days 23 hours' + INTERVAL '1 minute') ON CONFLICT DO NOTHING;
INSERT INTO order_history (id, order_id, status, changed_at) VALUES (972, 211, 'preparing', NOW() - INTERVAL '22 days 23 hours' + INTERVAL '3 minutes') ON CONFLICT DO NOTHING;
INSERT INTO order_history (id, order_id, status, changed_at) VALUES (973, 211, 'ready', NOW() - INTERVAL '22 days 23 hours' + INTERVAL '10 minutes') ON CONFLICT DO NOTHING;
INSERT INTO order_history (id, order_id, status, changed_at) VALUES (974, 211, 'picked', NOW() - INTERVAL '22 days 23 hours' + INTERVAL '12 minutes') ON CONFLICT DO NOTHING;
INSERT INTO order_history (id, order_id, status, changed_at) VALUES (975, 212, 'placed', NOW() - INTERVAL '55 days 14 hours') ON CONFLICT DO NOTHING;
INSERT INTO order_history (id, order_id, status, changed_at) VALUES (976, 212, 'confirmed', NOW() - INTERVAL '55 days 14 hours' + INTERVAL '1 minute') ON CONFLICT DO NOTHING;
INSERT INTO order_history (id, order_id, status, changed_at) VALUES (977, 212, 'preparing', NOW() - INTERVAL '55 days 14 hours' + INTERVAL '3 minutes') ON CONFLICT DO NOTHING;
INSERT INTO order_history (id, order_id, status, changed_at) VALUES (978, 212, 'ready', NOW() - INTERVAL '55 days 14 hours' + INTERVAL '10 minutes') ON CONFLICT DO NOTHING;
INSERT INTO order_history (id, order_id, status, changed_at) VALUES (979, 212, 'picked', NOW() - INTERVAL '55 days 14 hours' + INTERVAL '12 minutes') ON CONFLICT DO NOTHING;
INSERT INTO order_history (id, order_id, status, changed_at) VALUES (980, 213, 'placed', NOW() - INTERVAL '56 days 12 hours') ON CONFLICT DO NOTHING;
INSERT INTO order_history (id, order_id, status, changed_at) VALUES (981, 213, 'confirmed', NOW() - INTERVAL '56 days 12 hours' + INTERVAL '1 minute') ON CONFLICT DO NOTHING;
INSERT INTO order_history (id, order_id, status, changed_at) VALUES (982, 213, 'preparing', NOW() - INTERVAL '56 days 12 hours' + INTERVAL '3 minutes') ON CONFLICT DO NOTHING;
INSERT INTO order_history (id, order_id, status, changed_at) VALUES (983, 213, 'ready', NOW() - INTERVAL '56 days 12 hours' + INTERVAL '10 minutes') ON CONFLICT DO NOTHING;
INSERT INTO order_history (id, order_id, status, changed_at) VALUES (984, 213, 'picked', NOW() - INTERVAL '56 days 12 hours' + INTERVAL '12 minutes') ON CONFLICT DO NOTHING;
INSERT INTO order_history (id, order_id, status, changed_at) VALUES (985, 214, 'placed', NOW() - INTERVAL '28 days 6 hours') ON CONFLICT DO NOTHING;
INSERT INTO order_history (id, order_id, status, changed_at) VALUES (986, 214, 'confirmed', NOW() - INTERVAL '28 days 6 hours' + INTERVAL '1 minute') ON CONFLICT DO NOTHING;
INSERT INTO order_history (id, order_id, status, changed_at) VALUES (987, 214, 'preparing', NOW() - INTERVAL '28 days 6 hours' + INTERVAL '3 minutes') ON CONFLICT DO NOTHING;
INSERT INTO order_history (id, order_id, status, changed_at) VALUES (988, 214, 'ready', NOW() - INTERVAL '28 days 6 hours' + INTERVAL '10 minutes') ON CONFLICT DO NOTHING;
INSERT INTO order_history (id, order_id, status, changed_at) VALUES (989, 214, 'picked', NOW() - INTERVAL '28 days 6 hours' + INTERVAL '12 minutes') ON CONFLICT DO NOTHING;
INSERT INTO order_history (id, order_id, status, changed_at) VALUES (990, 215, 'placed', NOW() - INTERVAL '15 days 8 hours') ON CONFLICT DO NOTHING;
INSERT INTO order_history (id, order_id, status, changed_at) VALUES (991, 215, 'confirmed', NOW() - INTERVAL '15 days 8 hours' + INTERVAL '1 minute') ON CONFLICT DO NOTHING;
INSERT INTO order_history (id, order_id, status, changed_at) VALUES (992, 215, 'preparing', NOW() - INTERVAL '15 days 8 hours' + INTERVAL '3 minutes') ON CONFLICT DO NOTHING;
INSERT INTO order_history (id, order_id, status, changed_at) VALUES (993, 215, 'ready', NOW() - INTERVAL '15 days 8 hours' + INTERVAL '10 minutes') ON CONFLICT DO NOTHING;
INSERT INTO order_history (id, order_id, status, changed_at) VALUES (994, 215, 'picked', NOW() - INTERVAL '15 days 8 hours' + INTERVAL '12 minutes') ON CONFLICT DO NOTHING;
INSERT INTO order_history (id, order_id, status, changed_at) VALUES (995, 216, 'placed', NOW() - INTERVAL '80 days 5 hours') ON CONFLICT DO NOTHING;
INSERT INTO order_history (id, order_id, status, changed_at) VALUES (996, 216, 'confirmed', NOW() - INTERVAL '80 days 5 hours' + INTERVAL '1 minute') ON CONFLICT DO NOTHING;
INSERT INTO order_history (id, order_id, status, changed_at) VALUES (997, 216, 'preparing', NOW() - INTERVAL '80 days 5 hours' + INTERVAL '3 minutes') ON CONFLICT DO NOTHING;
INSERT INTO order_history (id, order_id, status, changed_at) VALUES (998, 217, 'placed', NOW() - INTERVAL '48 days 22 hours') ON CONFLICT DO NOTHING;
INSERT INTO order_history (id, order_id, status, changed_at) VALUES (999, 217, 'confirmed', NOW() - INTERVAL '48 days 22 hours' + INTERVAL '1 minute') ON CONFLICT DO NOTHING;
INSERT INTO order_history (id, order_id, status, changed_at) VALUES (1000, 217, 'preparing', NOW() - INTERVAL '48 days 22 hours' + INTERVAL '3 minutes') ON CONFLICT DO NOTHING;
INSERT INTO order_history (id, order_id, status, changed_at) VALUES (1001, 217, 'ready', NOW() - INTERVAL '48 days 22 hours' + INTERVAL '10 minutes') ON CONFLICT DO NOTHING;
INSERT INTO order_history (id, order_id, status, changed_at) VALUES (1002, 217, 'picked', NOW() - INTERVAL '48 days 22 hours' + INTERVAL '12 minutes') ON CONFLICT DO NOTHING;
INSERT INTO order_history (id, order_id, status, changed_at) VALUES (1003, 218, 'placed', NOW() - INTERVAL '74 days 12 hours') ON CONFLICT DO NOTHING;
INSERT INTO order_history (id, order_id, status, changed_at) VALUES (1004, 218, 'confirmed', NOW() - INTERVAL '74 days 12 hours' + INTERVAL '1 minute') ON CONFLICT DO NOTHING;
INSERT INTO order_history (id, order_id, status, changed_at) VALUES (1005, 218, 'preparing', NOW() - INTERVAL '74 days 12 hours' + INTERVAL '3 minutes') ON CONFLICT DO NOTHING;
INSERT INTO order_history (id, order_id, status, changed_at) VALUES (1006, 218, 'ready', NOW() - INTERVAL '74 days 12 hours' + INTERVAL '10 minutes') ON CONFLICT DO NOTHING;
INSERT INTO order_history (id, order_id, status, changed_at) VALUES (1007, 218, 'picked', NOW() - INTERVAL '74 days 12 hours' + INTERVAL '12 minutes') ON CONFLICT DO NOTHING;
INSERT INTO order_history (id, order_id, status, changed_at) VALUES (1008, 219, 'placed', NOW() - INTERVAL '24 days 10 hours') ON CONFLICT DO NOTHING;
INSERT INTO order_history (id, order_id, status, changed_at) VALUES (1009, 219, 'confirmed', NOW() - INTERVAL '24 days 10 hours' + INTERVAL '1 minute') ON CONFLICT DO NOTHING;
INSERT INTO order_history (id, order_id, status, changed_at) VALUES (1010, 219, 'preparing', NOW() - INTERVAL '24 days 10 hours' + INTERVAL '3 minutes') ON CONFLICT DO NOTHING;
INSERT INTO order_history (id, order_id, status, changed_at) VALUES (1011, 219, 'ready', NOW() - INTERVAL '24 days 10 hours' + INTERVAL '10 minutes') ON CONFLICT DO NOTHING;
INSERT INTO order_history (id, order_id, status, changed_at) VALUES (1012, 219, 'picked', NOW() - INTERVAL '24 days 10 hours' + INTERVAL '12 minutes') ON CONFLICT DO NOTHING;
INSERT INTO order_history (id, order_id, status, changed_at) VALUES (1013, 220, 'placed', NOW() - INTERVAL '50 days 17 hours') ON CONFLICT DO NOTHING;
INSERT INTO order_history (id, order_id, status, changed_at) VALUES (1014, 220, 'confirmed', NOW() - INTERVAL '50 days 17 hours' + INTERVAL '1 minute') ON CONFLICT DO NOTHING;
INSERT INTO order_history (id, order_id, status, changed_at) VALUES (1015, 220, 'preparing', NOW() - INTERVAL '50 days 17 hours' + INTERVAL '3 minutes') ON CONFLICT DO NOTHING;
INSERT INTO order_history (id, order_id, status, changed_at) VALUES (1016, 220, 'ready', NOW() - INTERVAL '50 days 17 hours' + INTERVAL '10 minutes') ON CONFLICT DO NOTHING;
INSERT INTO order_history (id, order_id, status, changed_at) VALUES (1017, 220, 'picked', NOW() - INTERVAL '50 days 17 hours' + INTERVAL '12 minutes') ON CONFLICT DO NOTHING;
INSERT INTO order_history (id, order_id, status, changed_at) VALUES (1018, 221, 'placed', NOW() - INTERVAL '4 days 7 hours') ON CONFLICT DO NOTHING;
INSERT INTO order_history (id, order_id, status, changed_at) VALUES (1019, 221, 'confirmed', NOW() - INTERVAL '4 days 7 hours' + INTERVAL '1 minute') ON CONFLICT DO NOTHING;
INSERT INTO order_history (id, order_id, status, changed_at) VALUES (1020, 221, 'preparing', NOW() - INTERVAL '4 days 7 hours' + INTERVAL '3 minutes') ON CONFLICT DO NOTHING;
INSERT INTO order_history (id, order_id, status, changed_at) VALUES (1021, 221, 'ready', NOW() - INTERVAL '4 days 7 hours' + INTERVAL '10 minutes') ON CONFLICT DO NOTHING;
INSERT INTO order_history (id, order_id, status, changed_at) VALUES (1022, 221, 'picked', NOW() - INTERVAL '4 days 7 hours' + INTERVAL '12 minutes') ON CONFLICT DO NOTHING;
INSERT INTO order_history (id, order_id, status, changed_at) VALUES (1023, 222, 'placed', NOW() - INTERVAL '73 days 23 hours') ON CONFLICT DO NOTHING;
INSERT INTO order_history (id, order_id, status, changed_at) VALUES (1024, 222, 'confirmed', NOW() - INTERVAL '73 days 23 hours' + INTERVAL '1 minute') ON CONFLICT DO NOTHING;
INSERT INTO order_history (id, order_id, status, changed_at) VALUES (1025, 222, 'preparing', NOW() - INTERVAL '73 days 23 hours' + INTERVAL '3 minutes') ON CONFLICT DO NOTHING;
INSERT INTO order_history (id, order_id, status, changed_at) VALUES (1026, 222, 'ready', NOW() - INTERVAL '73 days 23 hours' + INTERVAL '10 minutes') ON CONFLICT DO NOTHING;
INSERT INTO order_history (id, order_id, status, changed_at) VALUES (1027, 223, 'placed', NOW() - INTERVAL '6 days 23 hours') ON CONFLICT DO NOTHING;
INSERT INTO order_history (id, order_id, status, changed_at) VALUES (1028, 223, 'confirmed', NOW() - INTERVAL '6 days 23 hours' + INTERVAL '1 minute') ON CONFLICT DO NOTHING;
INSERT INTO order_history (id, order_id, status, changed_at) VALUES (1029, 223, 'preparing', NOW() - INTERVAL '6 days 23 hours' + INTERVAL '3 minutes') ON CONFLICT DO NOTHING;
INSERT INTO order_history (id, order_id, status, changed_at) VALUES (1030, 223, 'ready', NOW() - INTERVAL '6 days 23 hours' + INTERVAL '10 minutes') ON CONFLICT DO NOTHING;
INSERT INTO order_history (id, order_id, status, changed_at) VALUES (1031, 223, 'picked', NOW() - INTERVAL '6 days 23 hours' + INTERVAL '12 minutes') ON CONFLICT DO NOTHING;
INSERT INTO order_history (id, order_id, status, changed_at) VALUES (1032, 224, 'placed', NOW() - INTERVAL '5 days 14 hours') ON CONFLICT DO NOTHING;
INSERT INTO order_history (id, order_id, status, changed_at) VALUES (1033, 224, 'confirmed', NOW() - INTERVAL '5 days 14 hours' + INTERVAL '1 minute') ON CONFLICT DO NOTHING;
INSERT INTO order_history (id, order_id, status, changed_at) VALUES (1034, 224, 'preparing', NOW() - INTERVAL '5 days 14 hours' + INTERVAL '3 minutes') ON CONFLICT DO NOTHING;
INSERT INTO order_history (id, order_id, status, changed_at) VALUES (1035, 225, 'placed', NOW() - INTERVAL '76 days 22 hours') ON CONFLICT DO NOTHING;
INSERT INTO order_history (id, order_id, status, changed_at) VALUES (1036, 225, 'confirmed', NOW() - INTERVAL '76 days 22 hours' + INTERVAL '1 minute') ON CONFLICT DO NOTHING;
INSERT INTO order_history (id, order_id, status, changed_at) VALUES (1037, 225, 'preparing', NOW() - INTERVAL '76 days 22 hours' + INTERVAL '3 minutes') ON CONFLICT DO NOTHING;
INSERT INTO order_history (id, order_id, status, changed_at) VALUES (1038, 225, 'ready', NOW() - INTERVAL '76 days 22 hours' + INTERVAL '10 minutes') ON CONFLICT DO NOTHING;
INSERT INTO order_history (id, order_id, status, changed_at) VALUES (1039, 225, 'picked', NOW() - INTERVAL '76 days 22 hours' + INTERVAL '12 minutes') ON CONFLICT DO NOTHING;
INSERT INTO order_history (id, order_id, status, changed_at) VALUES (1040, 226, 'placed', NOW() - INTERVAL '73 days 11 hours') ON CONFLICT DO NOTHING;
INSERT INTO order_history (id, order_id, status, changed_at) VALUES (1041, 226, 'confirmed', NOW() - INTERVAL '73 days 11 hours' + INTERVAL '1 minute') ON CONFLICT DO NOTHING;
INSERT INTO order_history (id, order_id, status, changed_at) VALUES (1042, 226, 'preparing', NOW() - INTERVAL '73 days 11 hours' + INTERVAL '3 minutes') ON CONFLICT DO NOTHING;
INSERT INTO order_history (id, order_id, status, changed_at) VALUES (1043, 227, 'placed', NOW() - INTERVAL '53 days 1 hours') ON CONFLICT DO NOTHING;
INSERT INTO order_history (id, order_id, status, changed_at) VALUES (1044, 227, 'confirmed', NOW() - INTERVAL '53 days 1 hours' + INTERVAL '1 minute') ON CONFLICT DO NOTHING;
INSERT INTO order_history (id, order_id, status, changed_at) VALUES (1045, 227, 'preparing', NOW() - INTERVAL '53 days 1 hours' + INTERVAL '3 minutes') ON CONFLICT DO NOTHING;
INSERT INTO order_history (id, order_id, status, changed_at) VALUES (1046, 227, 'ready', NOW() - INTERVAL '53 days 1 hours' + INTERVAL '10 minutes') ON CONFLICT DO NOTHING;
INSERT INTO order_history (id, order_id, status, changed_at) VALUES (1047, 227, 'picked', NOW() - INTERVAL '53 days 1 hours' + INTERVAL '12 minutes') ON CONFLICT DO NOTHING;
INSERT INTO order_history (id, order_id, status, changed_at) VALUES (1048, 228, 'placed', NOW() - INTERVAL '51 days 15 hours') ON CONFLICT DO NOTHING;
INSERT INTO order_history (id, order_id, status, changed_at) VALUES (1049, 228, 'confirmed', NOW() - INTERVAL '51 days 15 hours' + INTERVAL '1 minute') ON CONFLICT DO NOTHING;
INSERT INTO order_history (id, order_id, status, changed_at) VALUES (1050, 228, 'preparing', NOW() - INTERVAL '51 days 15 hours' + INTERVAL '3 minutes') ON CONFLICT DO NOTHING;
INSERT INTO order_history (id, order_id, status, changed_at) VALUES (1051, 229, 'placed', NOW() - INTERVAL '82 days 2 hours') ON CONFLICT DO NOTHING;
INSERT INTO order_history (id, order_id, status, changed_at) VALUES (1052, 229, 'confirmed', NOW() - INTERVAL '82 days 2 hours' + INTERVAL '1 minute') ON CONFLICT DO NOTHING;
INSERT INTO order_history (id, order_id, status, changed_at) VALUES (1053, 229, 'preparing', NOW() - INTERVAL '82 days 2 hours' + INTERVAL '3 minutes') ON CONFLICT DO NOTHING;
INSERT INTO order_history (id, order_id, status, changed_at) VALUES (1054, 229, 'ready', NOW() - INTERVAL '82 days 2 hours' + INTERVAL '10 minutes') ON CONFLICT DO NOTHING;
INSERT INTO order_history (id, order_id, status, changed_at) VALUES (1055, 229, 'picked', NOW() - INTERVAL '82 days 2 hours' + INTERVAL '12 minutes') ON CONFLICT DO NOTHING;
INSERT INTO order_history (id, order_id, status, changed_at) VALUES (1056, 230, 'placed', NOW() - INTERVAL '1 days 23 hours') ON CONFLICT DO NOTHING;
INSERT INTO order_history (id, order_id, status, changed_at) VALUES (1057, 230, 'confirmed', NOW() - INTERVAL '1 days 23 hours' + INTERVAL '1 minute') ON CONFLICT DO NOTHING;
INSERT INTO order_history (id, order_id, status, changed_at) VALUES (1058, 230, 'preparing', NOW() - INTERVAL '1 days 23 hours' + INTERVAL '3 minutes') ON CONFLICT DO NOTHING;
INSERT INTO order_history (id, order_id, status, changed_at) VALUES (1059, 230, 'ready', NOW() - INTERVAL '1 days 23 hours' + INTERVAL '10 minutes') ON CONFLICT DO NOTHING;
INSERT INTO order_history (id, order_id, status, changed_at) VALUES (1060, 230, 'picked', NOW() - INTERVAL '1 days 23 hours' + INTERVAL '12 minutes') ON CONFLICT DO NOTHING;
INSERT INTO order_history (id, order_id, status, changed_at) VALUES (1061, 231, 'placed', NOW() - INTERVAL '51 days 6 hours') ON CONFLICT DO NOTHING;
INSERT INTO order_history (id, order_id, status, changed_at) VALUES (1062, 231, 'confirmed', NOW() - INTERVAL '51 days 6 hours' + INTERVAL '1 minute') ON CONFLICT DO NOTHING;
INSERT INTO order_history (id, order_id, status, changed_at) VALUES (1063, 231, 'preparing', NOW() - INTERVAL '51 days 6 hours' + INTERVAL '3 minutes') ON CONFLICT DO NOTHING;
INSERT INTO order_history (id, order_id, status, changed_at) VALUES (1064, 231, 'ready', NOW() - INTERVAL '51 days 6 hours' + INTERVAL '10 minutes') ON CONFLICT DO NOTHING;
INSERT INTO order_history (id, order_id, status, changed_at) VALUES (1065, 232, 'placed', NOW() - INTERVAL '74 days 4 hours') ON CONFLICT DO NOTHING;
INSERT INTO order_history (id, order_id, status, changed_at) VALUES (1066, 232, 'confirmed', NOW() - INTERVAL '74 days 4 hours' + INTERVAL '1 minute') ON CONFLICT DO NOTHING;
INSERT INTO order_history (id, order_id, status, changed_at) VALUES (1067, 232, 'preparing', NOW() - INTERVAL '74 days 4 hours' + INTERVAL '3 minutes') ON CONFLICT DO NOTHING;
INSERT INTO order_history (id, order_id, status, changed_at) VALUES (1068, 232, 'ready', NOW() - INTERVAL '74 days 4 hours' + INTERVAL '10 minutes') ON CONFLICT DO NOTHING;
INSERT INTO order_history (id, order_id, status, changed_at) VALUES (1069, 232, 'picked', NOW() - INTERVAL '74 days 4 hours' + INTERVAL '12 minutes') ON CONFLICT DO NOTHING;
INSERT INTO order_history (id, order_id, status, changed_at) VALUES (1070, 233, 'placed', NOW() - INTERVAL '21 days 14 hours') ON CONFLICT DO NOTHING;
INSERT INTO order_history (id, order_id, status, changed_at) VALUES (1071, 233, 'confirmed', NOW() - INTERVAL '21 days 14 hours' + INTERVAL '1 minute') ON CONFLICT DO NOTHING;
INSERT INTO order_history (id, order_id, status, changed_at) VALUES (1072, 233, 'preparing', NOW() - INTERVAL '21 days 14 hours' + INTERVAL '3 minutes') ON CONFLICT DO NOTHING;
INSERT INTO order_history (id, order_id, status, changed_at) VALUES (1073, 233, 'ready', NOW() - INTERVAL '21 days 14 hours' + INTERVAL '10 minutes') ON CONFLICT DO NOTHING;
INSERT INTO order_history (id, order_id, status, changed_at) VALUES (1074, 233, 'picked', NOW() - INTERVAL '21 days 14 hours' + INTERVAL '12 minutes') ON CONFLICT DO NOTHING;
INSERT INTO order_history (id, order_id, status, changed_at) VALUES (1075, 234, 'placed', NOW() - INTERVAL '36 days 2 hours') ON CONFLICT DO NOTHING;
INSERT INTO order_history (id, order_id, status, changed_at) VALUES (1076, 234, 'confirmed', NOW() - INTERVAL '36 days 2 hours' + INTERVAL '1 minute') ON CONFLICT DO NOTHING;
INSERT INTO order_history (id, order_id, status, changed_at) VALUES (1077, 234, 'preparing', NOW() - INTERVAL '36 days 2 hours' + INTERVAL '3 minutes') ON CONFLICT DO NOTHING;
INSERT INTO order_history (id, order_id, status, changed_at) VALUES (1078, 234, 'ready', NOW() - INTERVAL '36 days 2 hours' + INTERVAL '10 minutes') ON CONFLICT DO NOTHING;
INSERT INTO order_history (id, order_id, status, changed_at) VALUES (1079, 234, 'picked', NOW() - INTERVAL '36 days 2 hours' + INTERVAL '12 minutes') ON CONFLICT DO NOTHING;
INSERT INTO order_history (id, order_id, status, changed_at) VALUES (1080, 235, 'placed', NOW() - INTERVAL '30 days 13 hours') ON CONFLICT DO NOTHING;
INSERT INTO order_history (id, order_id, status, changed_at) VALUES (1081, 235, 'confirmed', NOW() - INTERVAL '30 days 13 hours' + INTERVAL '1 minute') ON CONFLICT DO NOTHING;
INSERT INTO order_history (id, order_id, status, changed_at) VALUES (1082, 235, 'preparing', NOW() - INTERVAL '30 days 13 hours' + INTERVAL '3 minutes') ON CONFLICT DO NOTHING;
INSERT INTO order_history (id, order_id, status, changed_at) VALUES (1083, 235, 'ready', NOW() - INTERVAL '30 days 13 hours' + INTERVAL '10 minutes') ON CONFLICT DO NOTHING;
INSERT INTO order_history (id, order_id, status, changed_at) VALUES (1084, 235, 'picked', NOW() - INTERVAL '30 days 13 hours' + INTERVAL '12 minutes') ON CONFLICT DO NOTHING;
INSERT INTO order_history (id, order_id, status, changed_at) VALUES (1085, 236, 'placed', NOW() - INTERVAL '67 days 21 hours') ON CONFLICT DO NOTHING;
INSERT INTO order_history (id, order_id, status, changed_at) VALUES (1086, 236, 'confirmed', NOW() - INTERVAL '67 days 21 hours' + INTERVAL '1 minute') ON CONFLICT DO NOTHING;
INSERT INTO order_history (id, order_id, status, changed_at) VALUES (1087, 236, 'preparing', NOW() - INTERVAL '67 days 21 hours' + INTERVAL '3 minutes') ON CONFLICT DO NOTHING;
INSERT INTO order_history (id, order_id, status, changed_at) VALUES (1088, 236, 'ready', NOW() - INTERVAL '67 days 21 hours' + INTERVAL '10 minutes') ON CONFLICT DO NOTHING;
INSERT INTO order_history (id, order_id, status, changed_at) VALUES (1089, 236, 'picked', NOW() - INTERVAL '67 days 21 hours' + INTERVAL '12 minutes') ON CONFLICT DO NOTHING;
INSERT INTO order_history (id, order_id, status, changed_at) VALUES (1090, 237, 'placed', NOW() - INTERVAL '62 days 2 hours') ON CONFLICT DO NOTHING;
INSERT INTO order_history (id, order_id, status, changed_at) VALUES (1091, 237, 'confirmed', NOW() - INTERVAL '62 days 2 hours' + INTERVAL '1 minute') ON CONFLICT DO NOTHING;
INSERT INTO order_history (id, order_id, status, changed_at) VALUES (1092, 237, 'preparing', NOW() - INTERVAL '62 days 2 hours' + INTERVAL '3 minutes') ON CONFLICT DO NOTHING;
INSERT INTO order_history (id, order_id, status, changed_at) VALUES (1093, 237, 'ready', NOW() - INTERVAL '62 days 2 hours' + INTERVAL '10 minutes') ON CONFLICT DO NOTHING;
INSERT INTO order_history (id, order_id, status, changed_at) VALUES (1094, 237, 'picked', NOW() - INTERVAL '62 days 2 hours' + INTERVAL '12 minutes') ON CONFLICT DO NOTHING;
INSERT INTO order_history (id, order_id, status, changed_at) VALUES (1095, 238, 'placed', NOW() - INTERVAL '48 days 9 hours') ON CONFLICT DO NOTHING;
INSERT INTO order_history (id, order_id, status, changed_at) VALUES (1096, 238, 'confirmed', NOW() - INTERVAL '48 days 9 hours' + INTERVAL '1 minute') ON CONFLICT DO NOTHING;
INSERT INTO order_history (id, order_id, status, changed_at) VALUES (1097, 238, 'preparing', NOW() - INTERVAL '48 days 9 hours' + INTERVAL '3 minutes') ON CONFLICT DO NOTHING;
INSERT INTO order_history (id, order_id, status, changed_at) VALUES (1098, 238, 'ready', NOW() - INTERVAL '48 days 9 hours' + INTERVAL '10 minutes') ON CONFLICT DO NOTHING;
INSERT INTO order_history (id, order_id, status, changed_at) VALUES (1099, 238, 'picked', NOW() - INTERVAL '48 days 9 hours' + INTERVAL '12 minutes') ON CONFLICT DO NOTHING;
INSERT INTO order_history (id, order_id, status, changed_at) VALUES (1100, 239, 'placed', NOW() - INTERVAL '73 days 0 hours') ON CONFLICT DO NOTHING;
INSERT INTO order_history (id, order_id, status, changed_at) VALUES (1101, 239, 'confirmed', NOW() - INTERVAL '73 days 0 hours' + INTERVAL '1 minute') ON CONFLICT DO NOTHING;
INSERT INTO order_history (id, order_id, status, changed_at) VALUES (1102, 239, 'preparing', NOW() - INTERVAL '73 days 0 hours' + INTERVAL '3 minutes') ON CONFLICT DO NOTHING;
INSERT INTO order_history (id, order_id, status, changed_at) VALUES (1103, 239, 'ready', NOW() - INTERVAL '73 days 0 hours' + INTERVAL '10 minutes') ON CONFLICT DO NOTHING;
INSERT INTO order_history (id, order_id, status, changed_at) VALUES (1104, 239, 'picked', NOW() - INTERVAL '73 days 0 hours' + INTERVAL '12 minutes') ON CONFLICT DO NOTHING;
INSERT INTO order_history (id, order_id, status, changed_at) VALUES (1105, 240, 'placed', NOW() - INTERVAL '12 days 3 hours') ON CONFLICT DO NOTHING;
INSERT INTO order_history (id, order_id, status, changed_at) VALUES (1106, 240, 'confirmed', NOW() - INTERVAL '12 days 3 hours' + INTERVAL '1 minute') ON CONFLICT DO NOTHING;
INSERT INTO order_history (id, order_id, status, changed_at) VALUES (1107, 240, 'preparing', NOW() - INTERVAL '12 days 3 hours' + INTERVAL '3 minutes') ON CONFLICT DO NOTHING;
INSERT INTO order_history (id, order_id, status, changed_at) VALUES (1108, 241, 'placed', NOW() - INTERVAL '41 days 4 hours') ON CONFLICT DO NOTHING;
INSERT INTO order_history (id, order_id, status, changed_at) VALUES (1109, 241, 'confirmed', NOW() - INTERVAL '41 days 4 hours' + INTERVAL '1 minute') ON CONFLICT DO NOTHING;
INSERT INTO order_history (id, order_id, status, changed_at) VALUES (1110, 241, 'preparing', NOW() - INTERVAL '41 days 4 hours' + INTERVAL '3 minutes') ON CONFLICT DO NOTHING;
INSERT INTO order_history (id, order_id, status, changed_at) VALUES (1111, 241, 'cancelled', NOW() - INTERVAL '41 days 4 hours' + INTERVAL '5 minutes') ON CONFLICT DO NOTHING;
INSERT INTO order_history (id, order_id, status, changed_at) VALUES (1112, 242, 'placed', NOW() - INTERVAL '77 days 23 hours') ON CONFLICT DO NOTHING;
INSERT INTO order_history (id, order_id, status, changed_at) VALUES (1113, 242, 'confirmed', NOW() - INTERVAL '77 days 23 hours' + INTERVAL '1 minute') ON CONFLICT DO NOTHING;
INSERT INTO order_history (id, order_id, status, changed_at) VALUES (1114, 242, 'preparing', NOW() - INTERVAL '77 days 23 hours' + INTERVAL '3 minutes') ON CONFLICT DO NOTHING;
INSERT INTO order_history (id, order_id, status, changed_at) VALUES (1115, 242, 'ready', NOW() - INTERVAL '77 days 23 hours' + INTERVAL '10 minutes') ON CONFLICT DO NOTHING;
INSERT INTO order_history (id, order_id, status, changed_at) VALUES (1116, 242, 'picked', NOW() - INTERVAL '77 days 23 hours' + INTERVAL '12 minutes') ON CONFLICT DO NOTHING;
INSERT INTO order_history (id, order_id, status, changed_at) VALUES (1117, 243, 'placed', NOW() - INTERVAL '7 days 7 hours') ON CONFLICT DO NOTHING;
INSERT INTO order_history (id, order_id, status, changed_at) VALUES (1118, 243, 'confirmed', NOW() - INTERVAL '7 days 7 hours' + INTERVAL '1 minute') ON CONFLICT DO NOTHING;
INSERT INTO order_history (id, order_id, status, changed_at) VALUES (1119, 243, 'preparing', NOW() - INTERVAL '7 days 7 hours' + INTERVAL '3 minutes') ON CONFLICT DO NOTHING;
INSERT INTO order_history (id, order_id, status, changed_at) VALUES (1120, 243, 'ready', NOW() - INTERVAL '7 days 7 hours' + INTERVAL '10 minutes') ON CONFLICT DO NOTHING;
INSERT INTO order_history (id, order_id, status, changed_at) VALUES (1121, 243, 'picked', NOW() - INTERVAL '7 days 7 hours' + INTERVAL '12 minutes') ON CONFLICT DO NOTHING;
INSERT INTO order_history (id, order_id, status, changed_at) VALUES (1122, 244, 'placed', NOW() - INTERVAL '2 days 11 hours') ON CONFLICT DO NOTHING;
INSERT INTO order_history (id, order_id, status, changed_at) VALUES (1123, 244, 'confirmed', NOW() - INTERVAL '2 days 11 hours' + INTERVAL '1 minute') ON CONFLICT DO NOTHING;
INSERT INTO order_history (id, order_id, status, changed_at) VALUES (1124, 244, 'preparing', NOW() - INTERVAL '2 days 11 hours' + INTERVAL '3 minutes') ON CONFLICT DO NOTHING;
INSERT INTO order_history (id, order_id, status, changed_at) VALUES (1125, 244, 'ready', NOW() - INTERVAL '2 days 11 hours' + INTERVAL '10 minutes') ON CONFLICT DO NOTHING;
INSERT INTO order_history (id, order_id, status, changed_at) VALUES (1126, 244, 'picked', NOW() - INTERVAL '2 days 11 hours' + INTERVAL '12 minutes') ON CONFLICT DO NOTHING;
INSERT INTO order_history (id, order_id, status, changed_at) VALUES (1127, 245, 'placed', NOW() - INTERVAL '10 days 0 hours') ON CONFLICT DO NOTHING;
INSERT INTO order_history (id, order_id, status, changed_at) VALUES (1128, 245, 'confirmed', NOW() - INTERVAL '10 days 0 hours' + INTERVAL '1 minute') ON CONFLICT DO NOTHING;
INSERT INTO order_history (id, order_id, status, changed_at) VALUES (1129, 245, 'preparing', NOW() - INTERVAL '10 days 0 hours' + INTERVAL '3 minutes') ON CONFLICT DO NOTHING;
INSERT INTO order_history (id, order_id, status, changed_at) VALUES (1130, 245, 'ready', NOW() - INTERVAL '10 days 0 hours' + INTERVAL '10 minutes') ON CONFLICT DO NOTHING;
INSERT INTO order_history (id, order_id, status, changed_at) VALUES (1131, 246, 'placed', NOW() - INTERVAL '81 days 22 hours') ON CONFLICT DO NOTHING;
INSERT INTO order_history (id, order_id, status, changed_at) VALUES (1132, 246, 'confirmed', NOW() - INTERVAL '81 days 22 hours' + INTERVAL '1 minute') ON CONFLICT DO NOTHING;
INSERT INTO order_history (id, order_id, status, changed_at) VALUES (1133, 246, 'preparing', NOW() - INTERVAL '81 days 22 hours' + INTERVAL '3 minutes') ON CONFLICT DO NOTHING;
INSERT INTO order_history (id, order_id, status, changed_at) VALUES (1134, 246, 'ready', NOW() - INTERVAL '81 days 22 hours' + INTERVAL '10 minutes') ON CONFLICT DO NOTHING;
INSERT INTO order_history (id, order_id, status, changed_at) VALUES (1135, 246, 'picked', NOW() - INTERVAL '81 days 22 hours' + INTERVAL '12 minutes') ON CONFLICT DO NOTHING;
INSERT INTO order_history (id, order_id, status, changed_at) VALUES (1136, 247, 'placed', NOW() - INTERVAL '66 days 6 hours') ON CONFLICT DO NOTHING;
INSERT INTO order_history (id, order_id, status, changed_at) VALUES (1137, 247, 'confirmed', NOW() - INTERVAL '66 days 6 hours' + INTERVAL '1 minute') ON CONFLICT DO NOTHING;
INSERT INTO order_history (id, order_id, status, changed_at) VALUES (1138, 247, 'preparing', NOW() - INTERVAL '66 days 6 hours' + INTERVAL '3 minutes') ON CONFLICT DO NOTHING;
INSERT INTO order_history (id, order_id, status, changed_at) VALUES (1139, 247, 'ready', NOW() - INTERVAL '66 days 6 hours' + INTERVAL '10 minutes') ON CONFLICT DO NOTHING;
INSERT INTO order_history (id, order_id, status, changed_at) VALUES (1140, 247, 'picked', NOW() - INTERVAL '66 days 6 hours' + INTERVAL '12 minutes') ON CONFLICT DO NOTHING;
INSERT INTO order_history (id, order_id, status, changed_at) VALUES (1141, 248, 'placed', NOW() - INTERVAL '56 days 23 hours') ON CONFLICT DO NOTHING;
INSERT INTO order_history (id, order_id, status, changed_at) VALUES (1142, 248, 'confirmed', NOW() - INTERVAL '56 days 23 hours' + INTERVAL '1 minute') ON CONFLICT DO NOTHING;
INSERT INTO order_history (id, order_id, status, changed_at) VALUES (1143, 248, 'preparing', NOW() - INTERVAL '56 days 23 hours' + INTERVAL '3 minutes') ON CONFLICT DO NOTHING;
INSERT INTO order_history (id, order_id, status, changed_at) VALUES (1144, 248, 'ready', NOW() - INTERVAL '56 days 23 hours' + INTERVAL '10 minutes') ON CONFLICT DO NOTHING;
INSERT INTO order_history (id, order_id, status, changed_at) VALUES (1145, 248, 'picked', NOW() - INTERVAL '56 days 23 hours' + INTERVAL '12 minutes') ON CONFLICT DO NOTHING;
INSERT INTO order_history (id, order_id, status, changed_at) VALUES (1146, 249, 'placed', NOW() - INTERVAL '15 days 14 hours') ON CONFLICT DO NOTHING;
INSERT INTO order_history (id, order_id, status, changed_at) VALUES (1147, 249, 'confirmed', NOW() - INTERVAL '15 days 14 hours' + INTERVAL '1 minute') ON CONFLICT DO NOTHING;
INSERT INTO order_history (id, order_id, status, changed_at) VALUES (1148, 249, 'preparing', NOW() - INTERVAL '15 days 14 hours' + INTERVAL '3 minutes') ON CONFLICT DO NOTHING;
INSERT INTO order_history (id, order_id, status, changed_at) VALUES (1149, 250, 'placed', NOW() - INTERVAL '45 days 16 hours') ON CONFLICT DO NOTHING;
INSERT INTO order_history (id, order_id, status, changed_at) VALUES (1150, 250, 'confirmed', NOW() - INTERVAL '45 days 16 hours' + INTERVAL '1 minute') ON CONFLICT DO NOTHING;
INSERT INTO order_history (id, order_id, status, changed_at) VALUES (1151, 250, 'preparing', NOW() - INTERVAL '45 days 16 hours' + INTERVAL '3 minutes') ON CONFLICT DO NOTHING;
INSERT INTO order_history (id, order_id, status, changed_at) VALUES (1152, 250, 'ready', NOW() - INTERVAL '45 days 16 hours' + INTERVAL '10 minutes') ON CONFLICT DO NOTHING;
INSERT INTO order_history (id, order_id, status, changed_at) VALUES (1153, 250, 'picked', NOW() - INTERVAL '45 days 16 hours' + INTERVAL '12 minutes') ON CONFLICT DO NOTHING;
INSERT INTO order_history (id, order_id, status, changed_at) VALUES (1154, 251, 'placed', NOW() - INTERVAL '55 days 8 hours') ON CONFLICT DO NOTHING;
INSERT INTO order_history (id, order_id, status, changed_at) VALUES (1155, 251, 'confirmed', NOW() - INTERVAL '55 days 8 hours' + INTERVAL '1 minute') ON CONFLICT DO NOTHING;
INSERT INTO order_history (id, order_id, status, changed_at) VALUES (1156, 251, 'preparing', NOW() - INTERVAL '55 days 8 hours' + INTERVAL '3 minutes') ON CONFLICT DO NOTHING;
INSERT INTO order_history (id, order_id, status, changed_at) VALUES (1157, 251, 'ready', NOW() - INTERVAL '55 days 8 hours' + INTERVAL '10 minutes') ON CONFLICT DO NOTHING;
INSERT INTO order_history (id, order_id, status, changed_at) VALUES (1158, 251, 'picked', NOW() - INTERVAL '55 days 8 hours' + INTERVAL '12 minutes') ON CONFLICT DO NOTHING;
INSERT INTO order_history (id, order_id, status, changed_at) VALUES (1159, 252, 'placed', NOW() - INTERVAL '73 days 5 hours') ON CONFLICT DO NOTHING;
INSERT INTO order_history (id, order_id, status, changed_at) VALUES (1160, 252, 'confirmed', NOW() - INTERVAL '73 days 5 hours' + INTERVAL '1 minute') ON CONFLICT DO NOTHING;
INSERT INTO order_history (id, order_id, status, changed_at) VALUES (1161, 252, 'preparing', NOW() - INTERVAL '73 days 5 hours' + INTERVAL '3 minutes') ON CONFLICT DO NOTHING;
INSERT INTO order_history (id, order_id, status, changed_at) VALUES (1162, 252, 'ready', NOW() - INTERVAL '73 days 5 hours' + INTERVAL '10 minutes') ON CONFLICT DO NOTHING;
INSERT INTO order_history (id, order_id, status, changed_at) VALUES (1163, 252, 'picked', NOW() - INTERVAL '73 days 5 hours' + INTERVAL '12 minutes') ON CONFLICT DO NOTHING;
INSERT INTO order_history (id, order_id, status, changed_at) VALUES (1164, 253, 'placed', NOW() - INTERVAL '1 days 1 hours') ON CONFLICT DO NOTHING;
INSERT INTO order_history (id, order_id, status, changed_at) VALUES (1165, 253, 'confirmed', NOW() - INTERVAL '1 days 1 hours' + INTERVAL '1 minute') ON CONFLICT DO NOTHING;
INSERT INTO order_history (id, order_id, status, changed_at) VALUES (1166, 253, 'preparing', NOW() - INTERVAL '1 days 1 hours' + INTERVAL '3 minutes') ON CONFLICT DO NOTHING;
INSERT INTO order_history (id, order_id, status, changed_at) VALUES (1167, 253, 'ready', NOW() - INTERVAL '1 days 1 hours' + INTERVAL '10 minutes') ON CONFLICT DO NOTHING;
INSERT INTO order_history (id, order_id, status, changed_at) VALUES (1168, 254, 'placed', NOW() - INTERVAL '20 days 5 hours') ON CONFLICT DO NOTHING;
INSERT INTO order_history (id, order_id, status, changed_at) VALUES (1169, 254, 'confirmed', NOW() - INTERVAL '20 days 5 hours' + INTERVAL '1 minute') ON CONFLICT DO NOTHING;
INSERT INTO order_history (id, order_id, status, changed_at) VALUES (1170, 254, 'preparing', NOW() - INTERVAL '20 days 5 hours' + INTERVAL '3 minutes') ON CONFLICT DO NOTHING;
INSERT INTO order_history (id, order_id, status, changed_at) VALUES (1171, 254, 'ready', NOW() - INTERVAL '20 days 5 hours' + INTERVAL '10 minutes') ON CONFLICT DO NOTHING;
INSERT INTO order_history (id, order_id, status, changed_at) VALUES (1172, 254, 'picked', NOW() - INTERVAL '20 days 5 hours' + INTERVAL '12 minutes') ON CONFLICT DO NOTHING;
INSERT INTO order_history (id, order_id, status, changed_at) VALUES (1173, 255, 'placed', NOW() - INTERVAL '41 days 8 hours') ON CONFLICT DO NOTHING;
INSERT INTO order_history (id, order_id, status, changed_at) VALUES (1174, 255, 'confirmed', NOW() - INTERVAL '41 days 8 hours' + INTERVAL '1 minute') ON CONFLICT DO NOTHING;
INSERT INTO order_history (id, order_id, status, changed_at) VALUES (1175, 255, 'preparing', NOW() - INTERVAL '41 days 8 hours' + INTERVAL '3 minutes') ON CONFLICT DO NOTHING;
INSERT INTO order_history (id, order_id, status, changed_at) VALUES (1176, 255, 'ready', NOW() - INTERVAL '41 days 8 hours' + INTERVAL '10 minutes') ON CONFLICT DO NOTHING;
INSERT INTO order_history (id, order_id, status, changed_at) VALUES (1177, 255, 'picked', NOW() - INTERVAL '41 days 8 hours' + INTERVAL '12 minutes') ON CONFLICT DO NOTHING;
INSERT INTO order_history (id, order_id, status, changed_at) VALUES (1178, 256, 'placed', NOW() - INTERVAL '7 days 5 hours') ON CONFLICT DO NOTHING;
INSERT INTO order_history (id, order_id, status, changed_at) VALUES (1179, 256, 'confirmed', NOW() - INTERVAL '7 days 5 hours' + INTERVAL '1 minute') ON CONFLICT DO NOTHING;
INSERT INTO order_history (id, order_id, status, changed_at) VALUES (1180, 256, 'preparing', NOW() - INTERVAL '7 days 5 hours' + INTERVAL '3 minutes') ON CONFLICT DO NOTHING;
INSERT INTO order_history (id, order_id, status, changed_at) VALUES (1181, 256, 'ready', NOW() - INTERVAL '7 days 5 hours' + INTERVAL '10 minutes') ON CONFLICT DO NOTHING;
INSERT INTO order_history (id, order_id, status, changed_at) VALUES (1182, 256, 'picked', NOW() - INTERVAL '7 days 5 hours' + INTERVAL '12 minutes') ON CONFLICT DO NOTHING;
INSERT INTO order_history (id, order_id, status, changed_at) VALUES (1183, 257, 'placed', NOW() - INTERVAL '37 days 9 hours') ON CONFLICT DO NOTHING;
INSERT INTO order_history (id, order_id, status, changed_at) VALUES (1184, 257, 'confirmed', NOW() - INTERVAL '37 days 9 hours' + INTERVAL '1 minute') ON CONFLICT DO NOTHING;
INSERT INTO order_history (id, order_id, status, changed_at) VALUES (1185, 257, 'preparing', NOW() - INTERVAL '37 days 9 hours' + INTERVAL '3 minutes') ON CONFLICT DO NOTHING;
INSERT INTO order_history (id, order_id, status, changed_at) VALUES (1186, 258, 'placed', NOW() - INTERVAL '39 days 23 hours') ON CONFLICT DO NOTHING;
INSERT INTO order_history (id, order_id, status, changed_at) VALUES (1187, 258, 'confirmed', NOW() - INTERVAL '39 days 23 hours' + INTERVAL '1 minute') ON CONFLICT DO NOTHING;
INSERT INTO order_history (id, order_id, status, changed_at) VALUES (1188, 258, 'preparing', NOW() - INTERVAL '39 days 23 hours' + INTERVAL '3 minutes') ON CONFLICT DO NOTHING;
INSERT INTO order_history (id, order_id, status, changed_at) VALUES (1189, 258, 'ready', NOW() - INTERVAL '39 days 23 hours' + INTERVAL '10 minutes') ON CONFLICT DO NOTHING;
INSERT INTO order_history (id, order_id, status, changed_at) VALUES (1190, 258, 'picked', NOW() - INTERVAL '39 days 23 hours' + INTERVAL '12 minutes') ON CONFLICT DO NOTHING;
INSERT INTO order_history (id, order_id, status, changed_at) VALUES (1191, 259, 'placed', NOW() - INTERVAL '53 days 0 hours') ON CONFLICT DO NOTHING;
INSERT INTO order_history (id, order_id, status, changed_at) VALUES (1192, 259, 'confirmed', NOW() - INTERVAL '53 days 0 hours' + INTERVAL '1 minute') ON CONFLICT DO NOTHING;
INSERT INTO order_history (id, order_id, status, changed_at) VALUES (1193, 259, 'preparing', NOW() - INTERVAL '53 days 0 hours' + INTERVAL '3 minutes') ON CONFLICT DO NOTHING;
INSERT INTO order_history (id, order_id, status, changed_at) VALUES (1194, 259, 'ready', NOW() - INTERVAL '53 days 0 hours' + INTERVAL '10 minutes') ON CONFLICT DO NOTHING;
INSERT INTO order_history (id, order_id, status, changed_at) VALUES (1195, 259, 'picked', NOW() - INTERVAL '53 days 0 hours' + INTERVAL '12 minutes') ON CONFLICT DO NOTHING;
INSERT INTO order_history (id, order_id, status, changed_at) VALUES (1196, 260, 'placed', NOW() - INTERVAL '85 days 12 hours') ON CONFLICT DO NOTHING;
INSERT INTO order_history (id, order_id, status, changed_at) VALUES (1197, 260, 'confirmed', NOW() - INTERVAL '85 days 12 hours' + INTERVAL '1 minute') ON CONFLICT DO NOTHING;
INSERT INTO order_history (id, order_id, status, changed_at) VALUES (1198, 260, 'preparing', NOW() - INTERVAL '85 days 12 hours' + INTERVAL '3 minutes') ON CONFLICT DO NOTHING;
INSERT INTO order_history (id, order_id, status, changed_at) VALUES (1199, 260, 'ready', NOW() - INTERVAL '85 days 12 hours' + INTERVAL '10 minutes') ON CONFLICT DO NOTHING;
INSERT INTO order_history (id, order_id, status, changed_at) VALUES (1200, 260, 'picked', NOW() - INTERVAL '85 days 12 hours' + INTERVAL '12 minutes') ON CONFLICT DO NOTHING;
INSERT INTO order_history (id, order_id, status, changed_at) VALUES (1201, 261, 'placed', NOW() - INTERVAL '19 days 22 hours') ON CONFLICT DO NOTHING;
INSERT INTO order_history (id, order_id, status, changed_at) VALUES (1202, 261, 'confirmed', NOW() - INTERVAL '19 days 22 hours' + INTERVAL '1 minute') ON CONFLICT DO NOTHING;
INSERT INTO order_history (id, order_id, status, changed_at) VALUES (1203, 261, 'preparing', NOW() - INTERVAL '19 days 22 hours' + INTERVAL '3 minutes') ON CONFLICT DO NOTHING;
INSERT INTO order_history (id, order_id, status, changed_at) VALUES (1204, 261, 'cancelled', NOW() - INTERVAL '19 days 22 hours' + INTERVAL '5 minutes') ON CONFLICT DO NOTHING;
INSERT INTO order_history (id, order_id, status, changed_at) VALUES (1205, 262, 'placed', NOW() - INTERVAL '11 days 18 hours') ON CONFLICT DO NOTHING;
INSERT INTO order_history (id, order_id, status, changed_at) VALUES (1206, 262, 'confirmed', NOW() - INTERVAL '11 days 18 hours' + INTERVAL '1 minute') ON CONFLICT DO NOTHING;
INSERT INTO order_history (id, order_id, status, changed_at) VALUES (1207, 262, 'preparing', NOW() - INTERVAL '11 days 18 hours' + INTERVAL '3 minutes') ON CONFLICT DO NOTHING;
INSERT INTO order_history (id, order_id, status, changed_at) VALUES (1208, 262, 'ready', NOW() - INTERVAL '11 days 18 hours' + INTERVAL '10 minutes') ON CONFLICT DO NOTHING;
INSERT INTO order_history (id, order_id, status, changed_at) VALUES (1209, 262, 'picked', NOW() - INTERVAL '11 days 18 hours' + INTERVAL '12 minutes') ON CONFLICT DO NOTHING;
INSERT INTO order_history (id, order_id, status, changed_at) VALUES (1210, 263, 'placed', NOW() - INTERVAL '73 days 1 hours') ON CONFLICT DO NOTHING;
INSERT INTO order_history (id, order_id, status, changed_at) VALUES (1211, 263, 'confirmed', NOW() - INTERVAL '73 days 1 hours' + INTERVAL '1 minute') ON CONFLICT DO NOTHING;
INSERT INTO order_history (id, order_id, status, changed_at) VALUES (1212, 263, 'preparing', NOW() - INTERVAL '73 days 1 hours' + INTERVAL '3 minutes') ON CONFLICT DO NOTHING;
INSERT INTO order_history (id, order_id, status, changed_at) VALUES (1213, 263, 'ready', NOW() - INTERVAL '73 days 1 hours' + INTERVAL '10 minutes') ON CONFLICT DO NOTHING;
INSERT INTO order_history (id, order_id, status, changed_at) VALUES (1214, 263, 'picked', NOW() - INTERVAL '73 days 1 hours' + INTERVAL '12 minutes') ON CONFLICT DO NOTHING;
INSERT INTO order_history (id, order_id, status, changed_at) VALUES (1215, 264, 'placed', NOW() - INTERVAL '51 days 22 hours') ON CONFLICT DO NOTHING;
INSERT INTO order_history (id, order_id, status, changed_at) VALUES (1216, 264, 'confirmed', NOW() - INTERVAL '51 days 22 hours' + INTERVAL '1 minute') ON CONFLICT DO NOTHING;
INSERT INTO order_history (id, order_id, status, changed_at) VALUES (1217, 264, 'preparing', NOW() - INTERVAL '51 days 22 hours' + INTERVAL '3 minutes') ON CONFLICT DO NOTHING;
INSERT INTO order_history (id, order_id, status, changed_at) VALUES (1218, 265, 'placed', NOW() - INTERVAL '75 days 3 hours') ON CONFLICT DO NOTHING;
INSERT INTO order_history (id, order_id, status, changed_at) VALUES (1219, 265, 'confirmed', NOW() - INTERVAL '75 days 3 hours' + INTERVAL '1 minute') ON CONFLICT DO NOTHING;
INSERT INTO order_history (id, order_id, status, changed_at) VALUES (1220, 265, 'preparing', NOW() - INTERVAL '75 days 3 hours' + INTERVAL '3 minutes') ON CONFLICT DO NOTHING;
INSERT INTO order_history (id, order_id, status, changed_at) VALUES (1221, 265, 'ready', NOW() - INTERVAL '75 days 3 hours' + INTERVAL '10 minutes') ON CONFLICT DO NOTHING;
INSERT INTO order_history (id, order_id, status, changed_at) VALUES (1222, 265, 'picked', NOW() - INTERVAL '75 days 3 hours' + INTERVAL '12 minutes') ON CONFLICT DO NOTHING;
INSERT INTO order_history (id, order_id, status, changed_at) VALUES (1223, 266, 'placed', NOW() - INTERVAL '53 days 3 hours') ON CONFLICT DO NOTHING;
INSERT INTO order_history (id, order_id, status, changed_at) VALUES (1224, 266, 'confirmed', NOW() - INTERVAL '53 days 3 hours' + INTERVAL '1 minute') ON CONFLICT DO NOTHING;
INSERT INTO order_history (id, order_id, status, changed_at) VALUES (1225, 266, 'preparing', NOW() - INTERVAL '53 days 3 hours' + INTERVAL '3 minutes') ON CONFLICT DO NOTHING;
INSERT INTO order_history (id, order_id, status, changed_at) VALUES (1226, 266, 'ready', NOW() - INTERVAL '53 days 3 hours' + INTERVAL '10 minutes') ON CONFLICT DO NOTHING;
INSERT INTO order_history (id, order_id, status, changed_at) VALUES (1227, 266, 'picked', NOW() - INTERVAL '53 days 3 hours' + INTERVAL '12 minutes') ON CONFLICT DO NOTHING;
INSERT INTO order_history (id, order_id, status, changed_at) VALUES (1228, 267, 'placed', NOW() - INTERVAL '39 days 22 hours') ON CONFLICT DO NOTHING;
INSERT INTO order_history (id, order_id, status, changed_at) VALUES (1229, 267, 'confirmed', NOW() - INTERVAL '39 days 22 hours' + INTERVAL '1 minute') ON CONFLICT DO NOTHING;
INSERT INTO order_history (id, order_id, status, changed_at) VALUES (1230, 267, 'preparing', NOW() - INTERVAL '39 days 22 hours' + INTERVAL '3 minutes') ON CONFLICT DO NOTHING;
INSERT INTO order_history (id, order_id, status, changed_at) VALUES (1231, 267, 'ready', NOW() - INTERVAL '39 days 22 hours' + INTERVAL '10 minutes') ON CONFLICT DO NOTHING;
INSERT INTO order_history (id, order_id, status, changed_at) VALUES (1232, 267, 'picked', NOW() - INTERVAL '39 days 22 hours' + INTERVAL '12 minutes') ON CONFLICT DO NOTHING;
INSERT INTO order_history (id, order_id, status, changed_at) VALUES (1233, 268, 'placed', NOW() - INTERVAL '7 days 21 hours') ON CONFLICT DO NOTHING;
INSERT INTO order_history (id, order_id, status, changed_at) VALUES (1234, 268, 'confirmed', NOW() - INTERVAL '7 days 21 hours' + INTERVAL '1 minute') ON CONFLICT DO NOTHING;
INSERT INTO order_history (id, order_id, status, changed_at) VALUES (1235, 268, 'preparing', NOW() - INTERVAL '7 days 21 hours' + INTERVAL '3 minutes') ON CONFLICT DO NOTHING;
INSERT INTO order_history (id, order_id, status, changed_at) VALUES (1236, 268, 'ready', NOW() - INTERVAL '7 days 21 hours' + INTERVAL '10 minutes') ON CONFLICT DO NOTHING;
INSERT INTO order_history (id, order_id, status, changed_at) VALUES (1237, 268, 'picked', NOW() - INTERVAL '7 days 21 hours' + INTERVAL '12 minutes') ON CONFLICT DO NOTHING;
INSERT INTO order_history (id, order_id, status, changed_at) VALUES (1238, 269, 'placed', NOW() - INTERVAL '71 days 7 hours') ON CONFLICT DO NOTHING;
INSERT INTO order_history (id, order_id, status, changed_at) VALUES (1239, 269, 'confirmed', NOW() - INTERVAL '71 days 7 hours' + INTERVAL '1 minute') ON CONFLICT DO NOTHING;
INSERT INTO order_history (id, order_id, status, changed_at) VALUES (1240, 269, 'preparing', NOW() - INTERVAL '71 days 7 hours' + INTERVAL '3 minutes') ON CONFLICT DO NOTHING;
INSERT INTO order_history (id, order_id, status, changed_at) VALUES (1241, 269, 'ready', NOW() - INTERVAL '71 days 7 hours' + INTERVAL '10 minutes') ON CONFLICT DO NOTHING;
INSERT INTO order_history (id, order_id, status, changed_at) VALUES (1242, 269, 'picked', NOW() - INTERVAL '71 days 7 hours' + INTERVAL '12 minutes') ON CONFLICT DO NOTHING;
INSERT INTO order_history (id, order_id, status, changed_at) VALUES (1243, 270, 'placed', NOW() - INTERVAL '8 days 7 hours') ON CONFLICT DO NOTHING;
INSERT INTO order_history (id, order_id, status, changed_at) VALUES (1244, 270, 'confirmed', NOW() - INTERVAL '8 days 7 hours' + INTERVAL '1 minute') ON CONFLICT DO NOTHING;
INSERT INTO order_history (id, order_id, status, changed_at) VALUES (1245, 270, 'preparing', NOW() - INTERVAL '8 days 7 hours' + INTERVAL '3 minutes') ON CONFLICT DO NOTHING;
INSERT INTO order_history (id, order_id, status, changed_at) VALUES (1246, 270, 'ready', NOW() - INTERVAL '8 days 7 hours' + INTERVAL '10 minutes') ON CONFLICT DO NOTHING;
INSERT INTO order_history (id, order_id, status, changed_at) VALUES (1247, 270, 'picked', NOW() - INTERVAL '8 days 7 hours' + INTERVAL '12 minutes') ON CONFLICT DO NOTHING;
INSERT INTO order_history (id, order_id, status, changed_at) VALUES (1248, 271, 'placed', NOW() - INTERVAL '83 days 2 hours') ON CONFLICT DO NOTHING;
INSERT INTO order_history (id, order_id, status, changed_at) VALUES (1249, 271, 'confirmed', NOW() - INTERVAL '83 days 2 hours' + INTERVAL '1 minute') ON CONFLICT DO NOTHING;
INSERT INTO order_history (id, order_id, status, changed_at) VALUES (1250, 271, 'preparing', NOW() - INTERVAL '83 days 2 hours' + INTERVAL '3 minutes') ON CONFLICT DO NOTHING;
INSERT INTO order_history (id, order_id, status, changed_at) VALUES (1251, 271, 'ready', NOW() - INTERVAL '83 days 2 hours' + INTERVAL '10 minutes') ON CONFLICT DO NOTHING;
INSERT INTO order_history (id, order_id, status, changed_at) VALUES (1252, 271, 'picked', NOW() - INTERVAL '83 days 2 hours' + INTERVAL '12 minutes') ON CONFLICT DO NOTHING;
INSERT INTO order_history (id, order_id, status, changed_at) VALUES (1253, 272, 'placed', NOW() - INTERVAL '43 days 3 hours') ON CONFLICT DO NOTHING;
INSERT INTO order_history (id, order_id, status, changed_at) VALUES (1254, 272, 'confirmed', NOW() - INTERVAL '43 days 3 hours' + INTERVAL '1 minute') ON CONFLICT DO NOTHING;
INSERT INTO order_history (id, order_id, status, changed_at) VALUES (1255, 272, 'preparing', NOW() - INTERVAL '43 days 3 hours' + INTERVAL '3 minutes') ON CONFLICT DO NOTHING;
INSERT INTO order_history (id, order_id, status, changed_at) VALUES (1256, 272, 'ready', NOW() - INTERVAL '43 days 3 hours' + INTERVAL '10 minutes') ON CONFLICT DO NOTHING;
INSERT INTO order_history (id, order_id, status, changed_at) VALUES (1257, 272, 'picked', NOW() - INTERVAL '43 days 3 hours' + INTERVAL '12 minutes') ON CONFLICT DO NOTHING;
INSERT INTO order_history (id, order_id, status, changed_at) VALUES (1258, 273, 'placed', NOW() - INTERVAL '56 days 23 hours') ON CONFLICT DO NOTHING;
INSERT INTO order_history (id, order_id, status, changed_at) VALUES (1259, 273, 'confirmed', NOW() - INTERVAL '56 days 23 hours' + INTERVAL '1 minute') ON CONFLICT DO NOTHING;
INSERT INTO order_history (id, order_id, status, changed_at) VALUES (1260, 273, 'preparing', NOW() - INTERVAL '56 days 23 hours' + INTERVAL '3 minutes') ON CONFLICT DO NOTHING;
INSERT INTO order_history (id, order_id, status, changed_at) VALUES (1261, 274, 'placed', NOW() - INTERVAL '24 days 8 hours') ON CONFLICT DO NOTHING;
INSERT INTO order_history (id, order_id, status, changed_at) VALUES (1262, 274, 'confirmed', NOW() - INTERVAL '24 days 8 hours' + INTERVAL '1 minute') ON CONFLICT DO NOTHING;
INSERT INTO order_history (id, order_id, status, changed_at) VALUES (1263, 274, 'preparing', NOW() - INTERVAL '24 days 8 hours' + INTERVAL '3 minutes') ON CONFLICT DO NOTHING;
INSERT INTO order_history (id, order_id, status, changed_at) VALUES (1264, 274, 'ready', NOW() - INTERVAL '24 days 8 hours' + INTERVAL '10 minutes') ON CONFLICT DO NOTHING;
INSERT INTO order_history (id, order_id, status, changed_at) VALUES (1265, 274, 'picked', NOW() - INTERVAL '24 days 8 hours' + INTERVAL '12 minutes') ON CONFLICT DO NOTHING;
INSERT INTO order_history (id, order_id, status, changed_at) VALUES (1266, 275, 'placed', NOW() - INTERVAL '71 days 15 hours') ON CONFLICT DO NOTHING;
INSERT INTO order_history (id, order_id, status, changed_at) VALUES (1267, 275, 'confirmed', NOW() - INTERVAL '71 days 15 hours' + INTERVAL '1 minute') ON CONFLICT DO NOTHING;
INSERT INTO order_history (id, order_id, status, changed_at) VALUES (1268, 275, 'preparing', NOW() - INTERVAL '71 days 15 hours' + INTERVAL '3 minutes') ON CONFLICT DO NOTHING;
INSERT INTO order_history (id, order_id, status, changed_at) VALUES (1269, 275, 'ready', NOW() - INTERVAL '71 days 15 hours' + INTERVAL '10 minutes') ON CONFLICT DO NOTHING;
INSERT INTO order_history (id, order_id, status, changed_at) VALUES (1270, 275, 'picked', NOW() - INTERVAL '71 days 15 hours' + INTERVAL '12 minutes') ON CONFLICT DO NOTHING;
INSERT INTO order_history (id, order_id, status, changed_at) VALUES (1271, 276, 'placed', NOW() - INTERVAL '26 days 20 hours') ON CONFLICT DO NOTHING;
INSERT INTO order_history (id, order_id, status, changed_at) VALUES (1272, 276, 'confirmed', NOW() - INTERVAL '26 days 20 hours' + INTERVAL '1 minute') ON CONFLICT DO NOTHING;
INSERT INTO order_history (id, order_id, status, changed_at) VALUES (1273, 276, 'preparing', NOW() - INTERVAL '26 days 20 hours' + INTERVAL '3 minutes') ON CONFLICT DO NOTHING;
INSERT INTO order_history (id, order_id, status, changed_at) VALUES (1274, 276, 'ready', NOW() - INTERVAL '26 days 20 hours' + INTERVAL '10 minutes') ON CONFLICT DO NOTHING;
INSERT INTO order_history (id, order_id, status, changed_at) VALUES (1275, 276, 'picked', NOW() - INTERVAL '26 days 20 hours' + INTERVAL '12 minutes') ON CONFLICT DO NOTHING;
INSERT INTO order_history (id, order_id, status, changed_at) VALUES (1276, 277, 'placed', NOW() - INTERVAL '65 days 10 hours') ON CONFLICT DO NOTHING;
INSERT INTO order_history (id, order_id, status, changed_at) VALUES (1277, 277, 'confirmed', NOW() - INTERVAL '65 days 10 hours' + INTERVAL '1 minute') ON CONFLICT DO NOTHING;
INSERT INTO order_history (id, order_id, status, changed_at) VALUES (1278, 277, 'preparing', NOW() - INTERVAL '65 days 10 hours' + INTERVAL '3 minutes') ON CONFLICT DO NOTHING;
INSERT INTO order_history (id, order_id, status, changed_at) VALUES (1279, 278, 'placed', NOW() - INTERVAL '36 days 1 hours') ON CONFLICT DO NOTHING;
INSERT INTO order_history (id, order_id, status, changed_at) VALUES (1280, 278, 'confirmed', NOW() - INTERVAL '36 days 1 hours' + INTERVAL '1 minute') ON CONFLICT DO NOTHING;
INSERT INTO order_history (id, order_id, status, changed_at) VALUES (1281, 278, 'preparing', NOW() - INTERVAL '36 days 1 hours' + INTERVAL '3 minutes') ON CONFLICT DO NOTHING;
INSERT INTO order_history (id, order_id, status, changed_at) VALUES (1282, 278, 'ready', NOW() - INTERVAL '36 days 1 hours' + INTERVAL '10 minutes') ON CONFLICT DO NOTHING;
INSERT INTO order_history (id, order_id, status, changed_at) VALUES (1283, 278, 'picked', NOW() - INTERVAL '36 days 1 hours' + INTERVAL '12 minutes') ON CONFLICT DO NOTHING;
INSERT INTO order_history (id, order_id, status, changed_at) VALUES (1284, 279, 'placed', NOW() - INTERVAL '35 days 17 hours') ON CONFLICT DO NOTHING;
INSERT INTO order_history (id, order_id, status, changed_at) VALUES (1285, 279, 'confirmed', NOW() - INTERVAL '35 days 17 hours' + INTERVAL '1 minute') ON CONFLICT DO NOTHING;
INSERT INTO order_history (id, order_id, status, changed_at) VALUES (1286, 279, 'preparing', NOW() - INTERVAL '35 days 17 hours' + INTERVAL '3 minutes') ON CONFLICT DO NOTHING;
INSERT INTO order_history (id, order_id, status, changed_at) VALUES (1287, 279, 'ready', NOW() - INTERVAL '35 days 17 hours' + INTERVAL '10 minutes') ON CONFLICT DO NOTHING;
INSERT INTO order_history (id, order_id, status, changed_at) VALUES (1288, 279, 'picked', NOW() - INTERVAL '35 days 17 hours' + INTERVAL '12 minutes') ON CONFLICT DO NOTHING;
INSERT INTO order_history (id, order_id, status, changed_at) VALUES (1289, 280, 'placed', NOW() - INTERVAL '46 days 18 hours') ON CONFLICT DO NOTHING;
INSERT INTO order_history (id, order_id, status, changed_at) VALUES (1290, 280, 'confirmed', NOW() - INTERVAL '46 days 18 hours' + INTERVAL '1 minute') ON CONFLICT DO NOTHING;
INSERT INTO order_history (id, order_id, status, changed_at) VALUES (1291, 280, 'preparing', NOW() - INTERVAL '46 days 18 hours' + INTERVAL '3 minutes') ON CONFLICT DO NOTHING;
INSERT INTO order_history (id, order_id, status, changed_at) VALUES (1292, 280, 'ready', NOW() - INTERVAL '46 days 18 hours' + INTERVAL '10 minutes') ON CONFLICT DO NOTHING;
INSERT INTO order_history (id, order_id, status, changed_at) VALUES (1293, 280, 'picked', NOW() - INTERVAL '46 days 18 hours' + INTERVAL '12 minutes') ON CONFLICT DO NOTHING;
INSERT INTO order_history (id, order_id, status, changed_at) VALUES (1294, 281, 'placed', NOW() - INTERVAL '64 days 17 hours') ON CONFLICT DO NOTHING;
INSERT INTO order_history (id, order_id, status, changed_at) VALUES (1295, 281, 'confirmed', NOW() - INTERVAL '64 days 17 hours' + INTERVAL '1 minute') ON CONFLICT DO NOTHING;
INSERT INTO order_history (id, order_id, status, changed_at) VALUES (1296, 281, 'preparing', NOW() - INTERVAL '64 days 17 hours' + INTERVAL '3 minutes') ON CONFLICT DO NOTHING;
INSERT INTO order_history (id, order_id, status, changed_at) VALUES (1297, 282, 'placed', NOW() - INTERVAL '29 days 0 hours') ON CONFLICT DO NOTHING;
INSERT INTO order_history (id, order_id, status, changed_at) VALUES (1298, 282, 'confirmed', NOW() - INTERVAL '29 days 0 hours' + INTERVAL '1 minute') ON CONFLICT DO NOTHING;
INSERT INTO order_history (id, order_id, status, changed_at) VALUES (1299, 282, 'preparing', NOW() - INTERVAL '29 days 0 hours' + INTERVAL '3 minutes') ON CONFLICT DO NOTHING;
INSERT INTO order_history (id, order_id, status, changed_at) VALUES (1300, 282, 'ready', NOW() - INTERVAL '29 days 0 hours' + INTERVAL '10 minutes') ON CONFLICT DO NOTHING;
INSERT INTO order_history (id, order_id, status, changed_at) VALUES (1301, 282, 'picked', NOW() - INTERVAL '29 days 0 hours' + INTERVAL '12 minutes') ON CONFLICT DO NOTHING;
INSERT INTO order_history (id, order_id, status, changed_at) VALUES (1302, 283, 'placed', NOW() - INTERVAL '42 days 1 hours') ON CONFLICT DO NOTHING;
INSERT INTO order_history (id, order_id, status, changed_at) VALUES (1303, 283, 'confirmed', NOW() - INTERVAL '42 days 1 hours' + INTERVAL '1 minute') ON CONFLICT DO NOTHING;
INSERT INTO order_history (id, order_id, status, changed_at) VALUES (1304, 283, 'preparing', NOW() - INTERVAL '42 days 1 hours' + INTERVAL '3 minutes') ON CONFLICT DO NOTHING;
INSERT INTO order_history (id, order_id, status, changed_at) VALUES (1305, 284, 'placed', NOW() - INTERVAL '47 days 2 hours') ON CONFLICT DO NOTHING;
INSERT INTO order_history (id, order_id, status, changed_at) VALUES (1306, 284, 'confirmed', NOW() - INTERVAL '47 days 2 hours' + INTERVAL '1 minute') ON CONFLICT DO NOTHING;
INSERT INTO order_history (id, order_id, status, changed_at) VALUES (1307, 284, 'preparing', NOW() - INTERVAL '47 days 2 hours' + INTERVAL '3 minutes') ON CONFLICT DO NOTHING;
INSERT INTO order_history (id, order_id, status, changed_at) VALUES (1308, 285, 'placed', NOW() - INTERVAL '21 days 23 hours') ON CONFLICT DO NOTHING;
INSERT INTO order_history (id, order_id, status, changed_at) VALUES (1309, 285, 'confirmed', NOW() - INTERVAL '21 days 23 hours' + INTERVAL '1 minute') ON CONFLICT DO NOTHING;
INSERT INTO order_history (id, order_id, status, changed_at) VALUES (1310, 285, 'preparing', NOW() - INTERVAL '21 days 23 hours' + INTERVAL '3 minutes') ON CONFLICT DO NOTHING;
INSERT INTO order_history (id, order_id, status, changed_at) VALUES (1311, 285, 'ready', NOW() - INTERVAL '21 days 23 hours' + INTERVAL '10 minutes') ON CONFLICT DO NOTHING;
INSERT INTO order_history (id, order_id, status, changed_at) VALUES (1312, 285, 'picked', NOW() - INTERVAL '21 days 23 hours' + INTERVAL '12 minutes') ON CONFLICT DO NOTHING;
INSERT INTO order_history (id, order_id, status, changed_at) VALUES (1313, 286, 'placed', NOW() - INTERVAL '23 days 12 hours') ON CONFLICT DO NOTHING;
INSERT INTO order_history (id, order_id, status, changed_at) VALUES (1314, 286, 'confirmed', NOW() - INTERVAL '23 days 12 hours' + INTERVAL '1 minute') ON CONFLICT DO NOTHING;
INSERT INTO order_history (id, order_id, status, changed_at) VALUES (1315, 286, 'preparing', NOW() - INTERVAL '23 days 12 hours' + INTERVAL '3 minutes') ON CONFLICT DO NOTHING;
INSERT INTO order_history (id, order_id, status, changed_at) VALUES (1316, 286, 'ready', NOW() - INTERVAL '23 days 12 hours' + INTERVAL '10 minutes') ON CONFLICT DO NOTHING;
INSERT INTO order_history (id, order_id, status, changed_at) VALUES (1317, 286, 'picked', NOW() - INTERVAL '23 days 12 hours' + INTERVAL '12 minutes') ON CONFLICT DO NOTHING;
INSERT INTO order_history (id, order_id, status, changed_at) VALUES (1318, 287, 'placed', NOW() - INTERVAL '73 days 1 hours') ON CONFLICT DO NOTHING;
INSERT INTO order_history (id, order_id, status, changed_at) VALUES (1319, 287, 'confirmed', NOW() - INTERVAL '73 days 1 hours' + INTERVAL '1 minute') ON CONFLICT DO NOTHING;
INSERT INTO order_history (id, order_id, status, changed_at) VALUES (1320, 287, 'preparing', NOW() - INTERVAL '73 days 1 hours' + INTERVAL '3 minutes') ON CONFLICT DO NOTHING;
INSERT INTO order_history (id, order_id, status, changed_at) VALUES (1321, 288, 'placed', NOW() - INTERVAL '19 days 10 hours') ON CONFLICT DO NOTHING;
INSERT INTO order_history (id, order_id, status, changed_at) VALUES (1322, 288, 'confirmed', NOW() - INTERVAL '19 days 10 hours' + INTERVAL '1 minute') ON CONFLICT DO NOTHING;
INSERT INTO order_history (id, order_id, status, changed_at) VALUES (1323, 288, 'preparing', NOW() - INTERVAL '19 days 10 hours' + INTERVAL '3 minutes') ON CONFLICT DO NOTHING;
INSERT INTO order_history (id, order_id, status, changed_at) VALUES (1324, 289, 'placed', NOW() - INTERVAL '34 days 6 hours') ON CONFLICT DO NOTHING;
INSERT INTO order_history (id, order_id, status, changed_at) VALUES (1325, 289, 'confirmed', NOW() - INTERVAL '34 days 6 hours' + INTERVAL '1 minute') ON CONFLICT DO NOTHING;
INSERT INTO order_history (id, order_id, status, changed_at) VALUES (1326, 289, 'preparing', NOW() - INTERVAL '34 days 6 hours' + INTERVAL '3 minutes') ON CONFLICT DO NOTHING;
INSERT INTO order_history (id, order_id, status, changed_at) VALUES (1327, 289, 'ready', NOW() - INTERVAL '34 days 6 hours' + INTERVAL '10 minutes') ON CONFLICT DO NOTHING;
INSERT INTO order_history (id, order_id, status, changed_at) VALUES (1328, 289, 'picked', NOW() - INTERVAL '34 days 6 hours' + INTERVAL '12 minutes') ON CONFLICT DO NOTHING;
INSERT INTO order_history (id, order_id, status, changed_at) VALUES (1329, 290, 'placed', NOW() - INTERVAL '1 days 1 hours') ON CONFLICT DO NOTHING;
INSERT INTO order_history (id, order_id, status, changed_at) VALUES (1330, 290, 'confirmed', NOW() - INTERVAL '1 days 1 hours' + INTERVAL '1 minute') ON CONFLICT DO NOTHING;
INSERT INTO order_history (id, order_id, status, changed_at) VALUES (1331, 290, 'preparing', NOW() - INTERVAL '1 days 1 hours' + INTERVAL '3 minutes') ON CONFLICT DO NOTHING;
INSERT INTO order_history (id, order_id, status, changed_at) VALUES (1332, 290, 'ready', NOW() - INTERVAL '1 days 1 hours' + INTERVAL '10 minutes') ON CONFLICT DO NOTHING;
INSERT INTO order_history (id, order_id, status, changed_at) VALUES (1333, 291, 'placed', NOW() - INTERVAL '45 days 17 hours') ON CONFLICT DO NOTHING;
INSERT INTO order_history (id, order_id, status, changed_at) VALUES (1334, 291, 'confirmed', NOW() - INTERVAL '45 days 17 hours' + INTERVAL '1 minute') ON CONFLICT DO NOTHING;
INSERT INTO order_history (id, order_id, status, changed_at) VALUES (1335, 291, 'preparing', NOW() - INTERVAL '45 days 17 hours' + INTERVAL '3 minutes') ON CONFLICT DO NOTHING;
INSERT INTO order_history (id, order_id, status, changed_at) VALUES (1336, 292, 'placed', NOW() - INTERVAL '5 days 9 hours') ON CONFLICT DO NOTHING;
INSERT INTO order_history (id, order_id, status, changed_at) VALUES (1337, 292, 'confirmed', NOW() - INTERVAL '5 days 9 hours' + INTERVAL '1 minute') ON CONFLICT DO NOTHING;
INSERT INTO order_history (id, order_id, status, changed_at) VALUES (1338, 292, 'preparing', NOW() - INTERVAL '5 days 9 hours' + INTERVAL '3 minutes') ON CONFLICT DO NOTHING;
INSERT INTO order_history (id, order_id, status, changed_at) VALUES (1339, 292, 'ready', NOW() - INTERVAL '5 days 9 hours' + INTERVAL '10 minutes') ON CONFLICT DO NOTHING;
INSERT INTO order_history (id, order_id, status, changed_at) VALUES (1340, 292, 'picked', NOW() - INTERVAL '5 days 9 hours' + INTERVAL '12 minutes') ON CONFLICT DO NOTHING;
INSERT INTO order_history (id, order_id, status, changed_at) VALUES (1341, 293, 'placed', NOW() - INTERVAL '22 days 12 hours') ON CONFLICT DO NOTHING;
INSERT INTO order_history (id, order_id, status, changed_at) VALUES (1342, 293, 'confirmed', NOW() - INTERVAL '22 days 12 hours' + INTERVAL '1 minute') ON CONFLICT DO NOTHING;
INSERT INTO order_history (id, order_id, status, changed_at) VALUES (1343, 293, 'preparing', NOW() - INTERVAL '22 days 12 hours' + INTERVAL '3 minutes') ON CONFLICT DO NOTHING;
INSERT INTO order_history (id, order_id, status, changed_at) VALUES (1344, 293, 'ready', NOW() - INTERVAL '22 days 12 hours' + INTERVAL '10 minutes') ON CONFLICT DO NOTHING;
INSERT INTO order_history (id, order_id, status, changed_at) VALUES (1345, 293, 'picked', NOW() - INTERVAL '22 days 12 hours' + INTERVAL '12 minutes') ON CONFLICT DO NOTHING;
INSERT INTO order_history (id, order_id, status, changed_at) VALUES (1346, 294, 'placed', NOW() - INTERVAL '79 days 15 hours') ON CONFLICT DO NOTHING;
INSERT INTO order_history (id, order_id, status, changed_at) VALUES (1347, 294, 'confirmed', NOW() - INTERVAL '79 days 15 hours' + INTERVAL '1 minute') ON CONFLICT DO NOTHING;
INSERT INTO order_history (id, order_id, status, changed_at) VALUES (1348, 294, 'preparing', NOW() - INTERVAL '79 days 15 hours' + INTERVAL '3 minutes') ON CONFLICT DO NOTHING;
INSERT INTO order_history (id, order_id, status, changed_at) VALUES (1349, 294, 'ready', NOW() - INTERVAL '79 days 15 hours' + INTERVAL '10 minutes') ON CONFLICT DO NOTHING;
INSERT INTO order_history (id, order_id, status, changed_at) VALUES (1350, 294, 'picked', NOW() - INTERVAL '79 days 15 hours' + INTERVAL '12 minutes') ON CONFLICT DO NOTHING;
INSERT INTO order_history (id, order_id, status, changed_at) VALUES (1351, 295, 'placed', NOW() - INTERVAL '25 days 13 hours') ON CONFLICT DO NOTHING;
INSERT INTO order_history (id, order_id, status, changed_at) VALUES (1352, 295, 'confirmed', NOW() - INTERVAL '25 days 13 hours' + INTERVAL '1 minute') ON CONFLICT DO NOTHING;
INSERT INTO order_history (id, order_id, status, changed_at) VALUES (1353, 295, 'preparing', NOW() - INTERVAL '25 days 13 hours' + INTERVAL '3 minutes') ON CONFLICT DO NOTHING;
INSERT INTO order_history (id, order_id, status, changed_at) VALUES (1354, 295, 'ready', NOW() - INTERVAL '25 days 13 hours' + INTERVAL '10 minutes') ON CONFLICT DO NOTHING;
INSERT INTO order_history (id, order_id, status, changed_at) VALUES (1355, 295, 'picked', NOW() - INTERVAL '25 days 13 hours' + INTERVAL '12 minutes') ON CONFLICT DO NOTHING;
INSERT INTO order_history (id, order_id, status, changed_at) VALUES (1356, 296, 'placed', NOW() - INTERVAL '63 days 4 hours') ON CONFLICT DO NOTHING;
INSERT INTO order_history (id, order_id, status, changed_at) VALUES (1357, 296, 'confirmed', NOW() - INTERVAL '63 days 4 hours' + INTERVAL '1 minute') ON CONFLICT DO NOTHING;
INSERT INTO order_history (id, order_id, status, changed_at) VALUES (1358, 296, 'preparing', NOW() - INTERVAL '63 days 4 hours' + INTERVAL '3 minutes') ON CONFLICT DO NOTHING;
INSERT INTO order_history (id, order_id, status, changed_at) VALUES (1359, 296, 'ready', NOW() - INTERVAL '63 days 4 hours' + INTERVAL '10 minutes') ON CONFLICT DO NOTHING;
INSERT INTO order_history (id, order_id, status, changed_at) VALUES (1360, 296, 'picked', NOW() - INTERVAL '63 days 4 hours' + INTERVAL '12 minutes') ON CONFLICT DO NOTHING;
INSERT INTO order_history (id, order_id, status, changed_at) VALUES (1361, 297, 'placed', NOW() - INTERVAL '85 days 20 hours') ON CONFLICT DO NOTHING;
INSERT INTO order_history (id, order_id, status, changed_at) VALUES (1362, 297, 'confirmed', NOW() - INTERVAL '85 days 20 hours' + INTERVAL '1 minute') ON CONFLICT DO NOTHING;
INSERT INTO order_history (id, order_id, status, changed_at) VALUES (1363, 297, 'preparing', NOW() - INTERVAL '85 days 20 hours' + INTERVAL '3 minutes') ON CONFLICT DO NOTHING;
INSERT INTO order_history (id, order_id, status, changed_at) VALUES (1364, 297, 'ready', NOW() - INTERVAL '85 days 20 hours' + INTERVAL '10 minutes') ON CONFLICT DO NOTHING;
INSERT INTO order_history (id, order_id, status, changed_at) VALUES (1365, 297, 'picked', NOW() - INTERVAL '85 days 20 hours' + INTERVAL '12 minutes') ON CONFLICT DO NOTHING;
INSERT INTO order_history (id, order_id, status, changed_at) VALUES (1366, 298, 'placed', NOW() - INTERVAL '61 days 3 hours') ON CONFLICT DO NOTHING;
INSERT INTO order_history (id, order_id, status, changed_at) VALUES (1367, 298, 'confirmed', NOW() - INTERVAL '61 days 3 hours' + INTERVAL '1 minute') ON CONFLICT DO NOTHING;
INSERT INTO order_history (id, order_id, status, changed_at) VALUES (1368, 298, 'preparing', NOW() - INTERVAL '61 days 3 hours' + INTERVAL '3 minutes') ON CONFLICT DO NOTHING;
INSERT INTO order_history (id, order_id, status, changed_at) VALUES (1369, 298, 'cancelled', NOW() - INTERVAL '61 days 3 hours' + INTERVAL '5 minutes') ON CONFLICT DO NOTHING;
INSERT INTO order_history (id, order_id, status, changed_at) VALUES (1370, 299, 'placed', NOW() - INTERVAL '50 days 5 hours') ON CONFLICT DO NOTHING;
INSERT INTO order_history (id, order_id, status, changed_at) VALUES (1371, 299, 'confirmed', NOW() - INTERVAL '50 days 5 hours' + INTERVAL '1 minute') ON CONFLICT DO NOTHING;
INSERT INTO order_history (id, order_id, status, changed_at) VALUES (1372, 299, 'preparing', NOW() - INTERVAL '50 days 5 hours' + INTERVAL '3 minutes') ON CONFLICT DO NOTHING;
INSERT INTO order_history (id, order_id, status, changed_at) VALUES (1373, 299, 'ready', NOW() - INTERVAL '50 days 5 hours' + INTERVAL '10 minutes') ON CONFLICT DO NOTHING;
INSERT INTO order_history (id, order_id, status, changed_at) VALUES (1374, 299, 'picked', NOW() - INTERVAL '50 days 5 hours' + INTERVAL '12 minutes') ON CONFLICT DO NOTHING;
INSERT INTO order_history (id, order_id, status, changed_at) VALUES (1375, 300, 'placed', NOW() - INTERVAL '60 days 8 hours') ON CONFLICT DO NOTHING;
INSERT INTO order_history (id, order_id, status, changed_at) VALUES (1376, 300, 'confirmed', NOW() - INTERVAL '60 days 8 hours' + INTERVAL '1 minute') ON CONFLICT DO NOTHING;
INSERT INTO order_history (id, order_id, status, changed_at) VALUES (1377, 300, 'preparing', NOW() - INTERVAL '60 days 8 hours' + INTERVAL '3 minutes') ON CONFLICT DO NOTHING;
INSERT INTO order_history (id, order_id, status, changed_at) VALUES (1378, 300, 'ready', NOW() - INTERVAL '60 days 8 hours' + INTERVAL '10 minutes') ON CONFLICT DO NOTHING;
INSERT INTO order_history (id, order_id, status, changed_at) VALUES (1379, 300, 'picked', NOW() - INTERVAL '60 days 8 hours' + INTERVAL '12 minutes') ON CONFLICT DO NOTHING;
INSERT INTO order_history (id, order_id, status, changed_at) VALUES (1380, 301, 'placed', NOW() - INTERVAL '13 days 2 hours') ON CONFLICT DO NOTHING;
INSERT INTO order_history (id, order_id, status, changed_at) VALUES (1381, 301, 'confirmed', NOW() - INTERVAL '13 days 2 hours' + INTERVAL '1 minute') ON CONFLICT DO NOTHING;
INSERT INTO order_history (id, order_id, status, changed_at) VALUES (1382, 301, 'preparing', NOW() - INTERVAL '13 days 2 hours' + INTERVAL '3 minutes') ON CONFLICT DO NOTHING;
INSERT INTO order_history (id, order_id, status, changed_at) VALUES (1383, 301, 'ready', NOW() - INTERVAL '13 days 2 hours' + INTERVAL '10 minutes') ON CONFLICT DO NOTHING;
INSERT INTO order_history (id, order_id, status, changed_at) VALUES (1384, 302, 'placed', NOW() - INTERVAL '31 days 15 hours') ON CONFLICT DO NOTHING;
INSERT INTO order_history (id, order_id, status, changed_at) VALUES (1385, 302, 'confirmed', NOW() - INTERVAL '31 days 15 hours' + INTERVAL '1 minute') ON CONFLICT DO NOTHING;
INSERT INTO order_history (id, order_id, status, changed_at) VALUES (1386, 302, 'preparing', NOW() - INTERVAL '31 days 15 hours' + INTERVAL '3 minutes') ON CONFLICT DO NOTHING;
INSERT INTO order_history (id, order_id, status, changed_at) VALUES (1387, 302, 'ready', NOW() - INTERVAL '31 days 15 hours' + INTERVAL '10 minutes') ON CONFLICT DO NOTHING;
INSERT INTO order_history (id, order_id, status, changed_at) VALUES (1388, 302, 'picked', NOW() - INTERVAL '31 days 15 hours' + INTERVAL '12 minutes') ON CONFLICT DO NOTHING;
INSERT INTO order_history (id, order_id, status, changed_at) VALUES (1389, 303, 'placed', NOW() - INTERVAL '58 days 5 hours') ON CONFLICT DO NOTHING;
INSERT INTO order_history (id, order_id, status, changed_at) VALUES (1390, 303, 'confirmed', NOW() - INTERVAL '58 days 5 hours' + INTERVAL '1 minute') ON CONFLICT DO NOTHING;
INSERT INTO order_history (id, order_id, status, changed_at) VALUES (1391, 303, 'preparing', NOW() - INTERVAL '58 days 5 hours' + INTERVAL '3 minutes') ON CONFLICT DO NOTHING;
INSERT INTO order_history (id, order_id, status, changed_at) VALUES (1392, 304, 'placed', NOW() - INTERVAL '11 days 21 hours') ON CONFLICT DO NOTHING;
INSERT INTO order_history (id, order_id, status, changed_at) VALUES (1393, 304, 'confirmed', NOW() - INTERVAL '11 days 21 hours' + INTERVAL '1 minute') ON CONFLICT DO NOTHING;
INSERT INTO order_history (id, order_id, status, changed_at) VALUES (1394, 304, 'preparing', NOW() - INTERVAL '11 days 21 hours' + INTERVAL '3 minutes') ON CONFLICT DO NOTHING;
INSERT INTO order_history (id, order_id, status, changed_at) VALUES (1395, 304, 'ready', NOW() - INTERVAL '11 days 21 hours' + INTERVAL '10 minutes') ON CONFLICT DO NOTHING;
INSERT INTO order_history (id, order_id, status, changed_at) VALUES (1396, 304, 'picked', NOW() - INTERVAL '11 days 21 hours' + INTERVAL '12 minutes') ON CONFLICT DO NOTHING;
INSERT INTO order_history (id, order_id, status, changed_at) VALUES (1397, 305, 'placed', NOW() - INTERVAL '72 days 12 hours') ON CONFLICT DO NOTHING;
INSERT INTO order_history (id, order_id, status, changed_at) VALUES (1398, 305, 'confirmed', NOW() - INTERVAL '72 days 12 hours' + INTERVAL '1 minute') ON CONFLICT DO NOTHING;
INSERT INTO order_history (id, order_id, status, changed_at) VALUES (1399, 305, 'preparing', NOW() - INTERVAL '72 days 12 hours' + INTERVAL '3 minutes') ON CONFLICT DO NOTHING;
INSERT INTO order_history (id, order_id, status, changed_at) VALUES (1400, 305, 'ready', NOW() - INTERVAL '72 days 12 hours' + INTERVAL '10 minutes') ON CONFLICT DO NOTHING;
INSERT INTO order_history (id, order_id, status, changed_at) VALUES (1401, 305, 'picked', NOW() - INTERVAL '72 days 12 hours' + INTERVAL '12 minutes') ON CONFLICT DO NOTHING;
INSERT INTO order_history (id, order_id, status, changed_at) VALUES (1402, 306, 'placed', NOW() - INTERVAL '73 days 18 hours') ON CONFLICT DO NOTHING;
INSERT INTO order_history (id, order_id, status, changed_at) VALUES (1403, 306, 'confirmed', NOW() - INTERVAL '73 days 18 hours' + INTERVAL '1 minute') ON CONFLICT DO NOTHING;
INSERT INTO order_history (id, order_id, status, changed_at) VALUES (1404, 306, 'preparing', NOW() - INTERVAL '73 days 18 hours' + INTERVAL '3 minutes') ON CONFLICT DO NOTHING;
INSERT INTO order_history (id, order_id, status, changed_at) VALUES (1405, 306, 'ready', NOW() - INTERVAL '73 days 18 hours' + INTERVAL '10 minutes') ON CONFLICT DO NOTHING;
INSERT INTO order_history (id, order_id, status, changed_at) VALUES (1406, 306, 'picked', NOW() - INTERVAL '73 days 18 hours' + INTERVAL '12 minutes') ON CONFLICT DO NOTHING;
INSERT INTO order_history (id, order_id, status, changed_at) VALUES (1407, 307, 'placed', NOW() - INTERVAL '63 days 18 hours') ON CONFLICT DO NOTHING;
INSERT INTO order_history (id, order_id, status, changed_at) VALUES (1408, 307, 'confirmed', NOW() - INTERVAL '63 days 18 hours' + INTERVAL '1 minute') ON CONFLICT DO NOTHING;
INSERT INTO order_history (id, order_id, status, changed_at) VALUES (1409, 307, 'preparing', NOW() - INTERVAL '63 days 18 hours' + INTERVAL '3 minutes') ON CONFLICT DO NOTHING;
INSERT INTO order_history (id, order_id, status, changed_at) VALUES (1410, 307, 'ready', NOW() - INTERVAL '63 days 18 hours' + INTERVAL '10 minutes') ON CONFLICT DO NOTHING;
INSERT INTO order_history (id, order_id, status, changed_at) VALUES (1411, 307, 'picked', NOW() - INTERVAL '63 days 18 hours' + INTERVAL '12 minutes') ON CONFLICT DO NOTHING;
INSERT INTO order_history (id, order_id, status, changed_at) VALUES (1412, 308, 'placed', NOW() - INTERVAL '43 days 22 hours') ON CONFLICT DO NOTHING;
INSERT INTO order_history (id, order_id, status, changed_at) VALUES (1413, 308, 'confirmed', NOW() - INTERVAL '43 days 22 hours' + INTERVAL '1 minute') ON CONFLICT DO NOTHING;
INSERT INTO order_history (id, order_id, status, changed_at) VALUES (1414, 308, 'preparing', NOW() - INTERVAL '43 days 22 hours' + INTERVAL '3 minutes') ON CONFLICT DO NOTHING;
INSERT INTO order_history (id, order_id, status, changed_at) VALUES (1415, 308, 'ready', NOW() - INTERVAL '43 days 22 hours' + INTERVAL '10 minutes') ON CONFLICT DO NOTHING;
INSERT INTO order_history (id, order_id, status, changed_at) VALUES (1416, 308, 'picked', NOW() - INTERVAL '43 days 22 hours' + INTERVAL '12 minutes') ON CONFLICT DO NOTHING;
INSERT INTO order_history (id, order_id, status, changed_at) VALUES (1417, 309, 'placed', NOW() - INTERVAL '3 days 10 hours') ON CONFLICT DO NOTHING;
INSERT INTO order_history (id, order_id, status, changed_at) VALUES (1418, 309, 'confirmed', NOW() - INTERVAL '3 days 10 hours' + INTERVAL '1 minute') ON CONFLICT DO NOTHING;
INSERT INTO order_history (id, order_id, status, changed_at) VALUES (1419, 309, 'preparing', NOW() - INTERVAL '3 days 10 hours' + INTERVAL '3 minutes') ON CONFLICT DO NOTHING;
INSERT INTO order_history (id, order_id, status, changed_at) VALUES (1420, 310, 'placed', NOW() - INTERVAL '57 days 10 hours') ON CONFLICT DO NOTHING;
INSERT INTO order_history (id, order_id, status, changed_at) VALUES (1421, 310, 'confirmed', NOW() - INTERVAL '57 days 10 hours' + INTERVAL '1 minute') ON CONFLICT DO NOTHING;
INSERT INTO order_history (id, order_id, status, changed_at) VALUES (1422, 310, 'preparing', NOW() - INTERVAL '57 days 10 hours' + INTERVAL '3 minutes') ON CONFLICT DO NOTHING;
INSERT INTO order_history (id, order_id, status, changed_at) VALUES (1423, 310, 'ready', NOW() - INTERVAL '57 days 10 hours' + INTERVAL '10 minutes') ON CONFLICT DO NOTHING;
INSERT INTO order_history (id, order_id, status, changed_at) VALUES (1424, 310, 'picked', NOW() - INTERVAL '57 days 10 hours' + INTERVAL '12 minutes') ON CONFLICT DO NOTHING;
INSERT INTO order_history (id, order_id, status, changed_at) VALUES (1425, 311, 'placed', NOW() - INTERVAL '53 days 23 hours') ON CONFLICT DO NOTHING;
INSERT INTO order_history (id, order_id, status, changed_at) VALUES (1426, 311, 'confirmed', NOW() - INTERVAL '53 days 23 hours' + INTERVAL '1 minute') ON CONFLICT DO NOTHING;
INSERT INTO order_history (id, order_id, status, changed_at) VALUES (1427, 311, 'preparing', NOW() - INTERVAL '53 days 23 hours' + INTERVAL '3 minutes') ON CONFLICT DO NOTHING;
INSERT INTO order_history (id, order_id, status, changed_at) VALUES (1428, 312, 'placed', NOW() - INTERVAL '65 days 12 hours') ON CONFLICT DO NOTHING;
INSERT INTO order_history (id, order_id, status, changed_at) VALUES (1429, 312, 'confirmed', NOW() - INTERVAL '65 days 12 hours' + INTERVAL '1 minute') ON CONFLICT DO NOTHING;
INSERT INTO order_history (id, order_id, status, changed_at) VALUES (1430, 312, 'preparing', NOW() - INTERVAL '65 days 12 hours' + INTERVAL '3 minutes') ON CONFLICT DO NOTHING;
INSERT INTO order_history (id, order_id, status, changed_at) VALUES (1431, 312, 'ready', NOW() - INTERVAL '65 days 12 hours' + INTERVAL '10 minutes') ON CONFLICT DO NOTHING;
INSERT INTO order_history (id, order_id, status, changed_at) VALUES (1432, 312, 'picked', NOW() - INTERVAL '65 days 12 hours' + INTERVAL '12 minutes') ON CONFLICT DO NOTHING;
INSERT INTO order_history (id, order_id, status, changed_at) VALUES (1433, 313, 'placed', NOW() - INTERVAL '26 days 1 hours') ON CONFLICT DO NOTHING;
INSERT INTO order_history (id, order_id, status, changed_at) VALUES (1434, 313, 'confirmed', NOW() - INTERVAL '26 days 1 hours' + INTERVAL '1 minute') ON CONFLICT DO NOTHING;
INSERT INTO order_history (id, order_id, status, changed_at) VALUES (1435, 313, 'preparing', NOW() - INTERVAL '26 days 1 hours' + INTERVAL '3 minutes') ON CONFLICT DO NOTHING;
INSERT INTO order_history (id, order_id, status, changed_at) VALUES (1436, 313, 'ready', NOW() - INTERVAL '26 days 1 hours' + INTERVAL '10 minutes') ON CONFLICT DO NOTHING;
INSERT INTO order_history (id, order_id, status, changed_at) VALUES (1437, 313, 'picked', NOW() - INTERVAL '26 days 1 hours' + INTERVAL '12 minutes') ON CONFLICT DO NOTHING;
INSERT INTO order_history (id, order_id, status, changed_at) VALUES (1438, 314, 'placed', NOW() - INTERVAL '26 days 8 hours') ON CONFLICT DO NOTHING;
INSERT INTO order_history (id, order_id, status, changed_at) VALUES (1439, 314, 'confirmed', NOW() - INTERVAL '26 days 8 hours' + INTERVAL '1 minute') ON CONFLICT DO NOTHING;
INSERT INTO order_history (id, order_id, status, changed_at) VALUES (1440, 314, 'preparing', NOW() - INTERVAL '26 days 8 hours' + INTERVAL '3 minutes') ON CONFLICT DO NOTHING;
INSERT INTO order_history (id, order_id, status, changed_at) VALUES (1441, 315, 'placed', NOW() - INTERVAL '77 days 14 hours') ON CONFLICT DO NOTHING;
INSERT INTO order_history (id, order_id, status, changed_at) VALUES (1442, 315, 'confirmed', NOW() - INTERVAL '77 days 14 hours' + INTERVAL '1 minute') ON CONFLICT DO NOTHING;
INSERT INTO order_history (id, order_id, status, changed_at) VALUES (1443, 315, 'preparing', NOW() - INTERVAL '77 days 14 hours' + INTERVAL '3 minutes') ON CONFLICT DO NOTHING;
INSERT INTO order_history (id, order_id, status, changed_at) VALUES (1444, 315, 'ready', NOW() - INTERVAL '77 days 14 hours' + INTERVAL '10 minutes') ON CONFLICT DO NOTHING;
INSERT INTO order_history (id, order_id, status, changed_at) VALUES (1445, 315, 'picked', NOW() - INTERVAL '77 days 14 hours' + INTERVAL '12 minutes') ON CONFLICT DO NOTHING;
INSERT INTO order_history (id, order_id, status, changed_at) VALUES (1446, 316, 'placed', NOW() - INTERVAL '34 days 23 hours') ON CONFLICT DO NOTHING;
INSERT INTO order_history (id, order_id, status, changed_at) VALUES (1447, 316, 'confirmed', NOW() - INTERVAL '34 days 23 hours' + INTERVAL '1 minute') ON CONFLICT DO NOTHING;
INSERT INTO order_history (id, order_id, status, changed_at) VALUES (1448, 316, 'preparing', NOW() - INTERVAL '34 days 23 hours' + INTERVAL '3 minutes') ON CONFLICT DO NOTHING;
INSERT INTO order_history (id, order_id, status, changed_at) VALUES (1449, 316, 'ready', NOW() - INTERVAL '34 days 23 hours' + INTERVAL '10 minutes') ON CONFLICT DO NOTHING;
INSERT INTO order_history (id, order_id, status, changed_at) VALUES (1450, 316, 'picked', NOW() - INTERVAL '34 days 23 hours' + INTERVAL '12 minutes') ON CONFLICT DO NOTHING;
INSERT INTO order_history (id, order_id, status, changed_at) VALUES (1451, 317, 'placed', NOW() - INTERVAL '83 days 7 hours') ON CONFLICT DO NOTHING;
INSERT INTO order_history (id, order_id, status, changed_at) VALUES (1452, 317, 'confirmed', NOW() - INTERVAL '83 days 7 hours' + INTERVAL '1 minute') ON CONFLICT DO NOTHING;
INSERT INTO order_history (id, order_id, status, changed_at) VALUES (1453, 317, 'preparing', NOW() - INTERVAL '83 days 7 hours' + INTERVAL '3 minutes') ON CONFLICT DO NOTHING;
INSERT INTO order_history (id, order_id, status, changed_at) VALUES (1454, 318, 'placed', NOW() - INTERVAL '77 days 0 hours') ON CONFLICT DO NOTHING;
INSERT INTO order_history (id, order_id, status, changed_at) VALUES (1455, 318, 'confirmed', NOW() - INTERVAL '77 days 0 hours' + INTERVAL '1 minute') ON CONFLICT DO NOTHING;
INSERT INTO order_history (id, order_id, status, changed_at) VALUES (1456, 318, 'preparing', NOW() - INTERVAL '77 days 0 hours' + INTERVAL '3 minutes') ON CONFLICT DO NOTHING;
INSERT INTO order_history (id, order_id, status, changed_at) VALUES (1457, 318, 'ready', NOW() - INTERVAL '77 days 0 hours' + INTERVAL '10 minutes') ON CONFLICT DO NOTHING;
INSERT INTO order_history (id, order_id, status, changed_at) VALUES (1458, 318, 'picked', NOW() - INTERVAL '77 days 0 hours' + INTERVAL '12 minutes') ON CONFLICT DO NOTHING;
INSERT INTO order_history (id, order_id, status, changed_at) VALUES (1459, 319, 'placed', NOW() - INTERVAL '49 days 11 hours') ON CONFLICT DO NOTHING;
INSERT INTO order_history (id, order_id, status, changed_at) VALUES (1460, 319, 'confirmed', NOW() - INTERVAL '49 days 11 hours' + INTERVAL '1 minute') ON CONFLICT DO NOTHING;
INSERT INTO order_history (id, order_id, status, changed_at) VALUES (1461, 319, 'preparing', NOW() - INTERVAL '49 days 11 hours' + INTERVAL '3 minutes') ON CONFLICT DO NOTHING;
INSERT INTO order_history (id, order_id, status, changed_at) VALUES (1462, 319, 'ready', NOW() - INTERVAL '49 days 11 hours' + INTERVAL '10 minutes') ON CONFLICT DO NOTHING;
INSERT INTO order_history (id, order_id, status, changed_at) VALUES (1463, 319, 'picked', NOW() - INTERVAL '49 days 11 hours' + INTERVAL '12 minutes') ON CONFLICT DO NOTHING;
INSERT INTO order_history (id, order_id, status, changed_at) VALUES (1464, 320, 'placed', NOW() - INTERVAL '1 days 16 hours') ON CONFLICT DO NOTHING;
INSERT INTO order_history (id, order_id, status, changed_at) VALUES (1465, 320, 'confirmed', NOW() - INTERVAL '1 days 16 hours' + INTERVAL '1 minute') ON CONFLICT DO NOTHING;
INSERT INTO order_history (id, order_id, status, changed_at) VALUES (1466, 320, 'preparing', NOW() - INTERVAL '1 days 16 hours' + INTERVAL '3 minutes') ON CONFLICT DO NOTHING;
INSERT INTO order_history (id, order_id, status, changed_at) VALUES (1467, 320, 'ready', NOW() - INTERVAL '1 days 16 hours' + INTERVAL '10 minutes') ON CONFLICT DO NOTHING;
INSERT INTO order_history (id, order_id, status, changed_at) VALUES (1468, 320, 'picked', NOW() - INTERVAL '1 days 16 hours' + INTERVAL '12 minutes') ON CONFLICT DO NOTHING;
INSERT INTO order_history (id, order_id, status, changed_at) VALUES (1469, 321, 'placed', NOW() - INTERVAL '82 days 10 hours') ON CONFLICT DO NOTHING;
INSERT INTO order_history (id, order_id, status, changed_at) VALUES (1470, 321, 'confirmed', NOW() - INTERVAL '82 days 10 hours' + INTERVAL '1 minute') ON CONFLICT DO NOTHING;
INSERT INTO order_history (id, order_id, status, changed_at) VALUES (1471, 321, 'preparing', NOW() - INTERVAL '82 days 10 hours' + INTERVAL '3 minutes') ON CONFLICT DO NOTHING;
INSERT INTO order_history (id, order_id, status, changed_at) VALUES (1472, 321, 'cancelled', NOW() - INTERVAL '82 days 10 hours' + INTERVAL '5 minutes') ON CONFLICT DO NOTHING;
INSERT INTO order_history (id, order_id, status, changed_at) VALUES (1473, 322, 'placed', NOW() - INTERVAL '77 days 12 hours') ON CONFLICT DO NOTHING;
INSERT INTO order_history (id, order_id, status, changed_at) VALUES (1474, 322, 'confirmed', NOW() - INTERVAL '77 days 12 hours' + INTERVAL '1 minute') ON CONFLICT DO NOTHING;
INSERT INTO order_history (id, order_id, status, changed_at) VALUES (1475, 322, 'preparing', NOW() - INTERVAL '77 days 12 hours' + INTERVAL '3 minutes') ON CONFLICT DO NOTHING;
INSERT INTO order_history (id, order_id, status, changed_at) VALUES (1476, 323, 'placed', NOW() - INTERVAL '5 days 18 hours') ON CONFLICT DO NOTHING;
INSERT INTO order_history (id, order_id, status, changed_at) VALUES (1477, 323, 'confirmed', NOW() - INTERVAL '5 days 18 hours' + INTERVAL '1 minute') ON CONFLICT DO NOTHING;
INSERT INTO order_history (id, order_id, status, changed_at) VALUES (1478, 323, 'preparing', NOW() - INTERVAL '5 days 18 hours' + INTERVAL '3 minutes') ON CONFLICT DO NOTHING;
INSERT INTO order_history (id, order_id, status, changed_at) VALUES (1479, 323, 'ready', NOW() - INTERVAL '5 days 18 hours' + INTERVAL '10 minutes') ON CONFLICT DO NOTHING;
INSERT INTO order_history (id, order_id, status, changed_at) VALUES (1480, 323, 'picked', NOW() - INTERVAL '5 days 18 hours' + INTERVAL '12 minutes') ON CONFLICT DO NOTHING;
INSERT INTO order_history (id, order_id, status, changed_at) VALUES (1481, 324, 'placed', NOW() - INTERVAL '72 days 5 hours') ON CONFLICT DO NOTHING;
INSERT INTO order_history (id, order_id, status, changed_at) VALUES (1482, 324, 'confirmed', NOW() - INTERVAL '72 days 5 hours' + INTERVAL '1 minute') ON CONFLICT DO NOTHING;
INSERT INTO order_history (id, order_id, status, changed_at) VALUES (1483, 324, 'preparing', NOW() - INTERVAL '72 days 5 hours' + INTERVAL '3 minutes') ON CONFLICT DO NOTHING;
INSERT INTO order_history (id, order_id, status, changed_at) VALUES (1484, 325, 'placed', NOW() - INTERVAL '43 days 20 hours') ON CONFLICT DO NOTHING;
INSERT INTO order_history (id, order_id, status, changed_at) VALUES (1485, 325, 'confirmed', NOW() - INTERVAL '43 days 20 hours' + INTERVAL '1 minute') ON CONFLICT DO NOTHING;
INSERT INTO order_history (id, order_id, status, changed_at) VALUES (1486, 325, 'preparing', NOW() - INTERVAL '43 days 20 hours' + INTERVAL '3 minutes') ON CONFLICT DO NOTHING;
INSERT INTO order_history (id, order_id, status, changed_at) VALUES (1487, 326, 'placed', NOW() - INTERVAL '40 days 13 hours') ON CONFLICT DO NOTHING;
INSERT INTO order_history (id, order_id, status, changed_at) VALUES (1488, 326, 'confirmed', NOW() - INTERVAL '40 days 13 hours' + INTERVAL '1 minute') ON CONFLICT DO NOTHING;
INSERT INTO order_history (id, order_id, status, changed_at) VALUES (1489, 326, 'preparing', NOW() - INTERVAL '40 days 13 hours' + INTERVAL '3 minutes') ON CONFLICT DO NOTHING;
INSERT INTO order_history (id, order_id, status, changed_at) VALUES (1490, 326, 'ready', NOW() - INTERVAL '40 days 13 hours' + INTERVAL '10 minutes') ON CONFLICT DO NOTHING;
INSERT INTO order_history (id, order_id, status, changed_at) VALUES (1491, 327, 'placed', NOW() - INTERVAL '82 days 18 hours') ON CONFLICT DO NOTHING;
INSERT INTO order_history (id, order_id, status, changed_at) VALUES (1492, 327, 'confirmed', NOW() - INTERVAL '82 days 18 hours' + INTERVAL '1 minute') ON CONFLICT DO NOTHING;
INSERT INTO order_history (id, order_id, status, changed_at) VALUES (1493, 327, 'preparing', NOW() - INTERVAL '82 days 18 hours' + INTERVAL '3 minutes') ON CONFLICT DO NOTHING;
INSERT INTO order_history (id, order_id, status, changed_at) VALUES (1494, 327, 'ready', NOW() - INTERVAL '82 days 18 hours' + INTERVAL '10 minutes') ON CONFLICT DO NOTHING;
INSERT INTO order_history (id, order_id, status, changed_at) VALUES (1495, 327, 'picked', NOW() - INTERVAL '82 days 18 hours' + INTERVAL '12 minutes') ON CONFLICT DO NOTHING;
INSERT INTO order_history (id, order_id, status, changed_at) VALUES (1496, 328, 'placed', NOW() - INTERVAL '20 days 4 hours') ON CONFLICT DO NOTHING;
INSERT INTO order_history (id, order_id, status, changed_at) VALUES (1497, 328, 'confirmed', NOW() - INTERVAL '20 days 4 hours' + INTERVAL '1 minute') ON CONFLICT DO NOTHING;
INSERT INTO order_history (id, order_id, status, changed_at) VALUES (1498, 328, 'preparing', NOW() - INTERVAL '20 days 4 hours' + INTERVAL '3 minutes') ON CONFLICT DO NOTHING;
INSERT INTO order_history (id, order_id, status, changed_at) VALUES (1499, 328, 'ready', NOW() - INTERVAL '20 days 4 hours' + INTERVAL '10 minutes') ON CONFLICT DO NOTHING;
INSERT INTO order_history (id, order_id, status, changed_at) VALUES (1500, 328, 'picked', NOW() - INTERVAL '20 days 4 hours' + INTERVAL '12 minutes') ON CONFLICT DO NOTHING;
INSERT INTO order_history (id, order_id, status, changed_at) VALUES (1501, 329, 'placed', NOW() - INTERVAL '24 days 2 hours') ON CONFLICT DO NOTHING;
INSERT INTO order_history (id, order_id, status, changed_at) VALUES (1502, 329, 'confirmed', NOW() - INTERVAL '24 days 2 hours' + INTERVAL '1 minute') ON CONFLICT DO NOTHING;
INSERT INTO order_history (id, order_id, status, changed_at) VALUES (1503, 329, 'preparing', NOW() - INTERVAL '24 days 2 hours' + INTERVAL '3 minutes') ON CONFLICT DO NOTHING;
INSERT INTO order_history (id, order_id, status, changed_at) VALUES (1504, 329, 'ready', NOW() - INTERVAL '24 days 2 hours' + INTERVAL '10 minutes') ON CONFLICT DO NOTHING;
INSERT INTO order_history (id, order_id, status, changed_at) VALUES (1505, 329, 'picked', NOW() - INTERVAL '24 days 2 hours' + INTERVAL '12 minutes') ON CONFLICT DO NOTHING;
INSERT INTO order_history (id, order_id, status, changed_at) VALUES (1506, 330, 'placed', NOW() - INTERVAL '27 days 5 hours') ON CONFLICT DO NOTHING;
INSERT INTO order_history (id, order_id, status, changed_at) VALUES (1507, 330, 'confirmed', NOW() - INTERVAL '27 days 5 hours' + INTERVAL '1 minute') ON CONFLICT DO NOTHING;
INSERT INTO order_history (id, order_id, status, changed_at) VALUES (1508, 330, 'preparing', NOW() - INTERVAL '27 days 5 hours' + INTERVAL '3 minutes') ON CONFLICT DO NOTHING;
INSERT INTO order_history (id, order_id, status, changed_at) VALUES (1509, 330, 'ready', NOW() - INTERVAL '27 days 5 hours' + INTERVAL '10 minutes') ON CONFLICT DO NOTHING;
INSERT INTO order_history (id, order_id, status, changed_at) VALUES (1510, 330, 'picked', NOW() - INTERVAL '27 days 5 hours' + INTERVAL '12 minutes') ON CONFLICT DO NOTHING;
INSERT INTO order_history (id, order_id, status, changed_at) VALUES (1511, 331, 'placed', NOW() - INTERVAL '62 days 12 hours') ON CONFLICT DO NOTHING;
INSERT INTO order_history (id, order_id, status, changed_at) VALUES (1512, 331, 'confirmed', NOW() - INTERVAL '62 days 12 hours' + INTERVAL '1 minute') ON CONFLICT DO NOTHING;
INSERT INTO order_history (id, order_id, status, changed_at) VALUES (1513, 331, 'preparing', NOW() - INTERVAL '62 days 12 hours' + INTERVAL '3 minutes') ON CONFLICT DO NOTHING;
INSERT INTO order_history (id, order_id, status, changed_at) VALUES (1514, 331, 'ready', NOW() - INTERVAL '62 days 12 hours' + INTERVAL '10 minutes') ON CONFLICT DO NOTHING;
INSERT INTO order_history (id, order_id, status, changed_at) VALUES (1515, 331, 'picked', NOW() - INTERVAL '62 days 12 hours' + INTERVAL '12 minutes') ON CONFLICT DO NOTHING;
INSERT INTO order_history (id, order_id, status, changed_at) VALUES (1516, 332, 'placed', NOW() - INTERVAL '42 days 16 hours') ON CONFLICT DO NOTHING;
INSERT INTO order_history (id, order_id, status, changed_at) VALUES (1517, 332, 'confirmed', NOW() - INTERVAL '42 days 16 hours' + INTERVAL '1 minute') ON CONFLICT DO NOTHING;
INSERT INTO order_history (id, order_id, status, changed_at) VALUES (1518, 332, 'preparing', NOW() - INTERVAL '42 days 16 hours' + INTERVAL '3 minutes') ON CONFLICT DO NOTHING;
INSERT INTO order_history (id, order_id, status, changed_at) VALUES (1519, 332, 'cancelled', NOW() - INTERVAL '42 days 16 hours' + INTERVAL '5 minutes') ON CONFLICT DO NOTHING;
INSERT INTO order_history (id, order_id, status, changed_at) VALUES (1520, 333, 'placed', NOW() - INTERVAL '45 days 9 hours') ON CONFLICT DO NOTHING;
INSERT INTO order_history (id, order_id, status, changed_at) VALUES (1521, 333, 'confirmed', NOW() - INTERVAL '45 days 9 hours' + INTERVAL '1 minute') ON CONFLICT DO NOTHING;
INSERT INTO order_history (id, order_id, status, changed_at) VALUES (1522, 333, 'preparing', NOW() - INTERVAL '45 days 9 hours' + INTERVAL '3 minutes') ON CONFLICT DO NOTHING;
INSERT INTO order_history (id, order_id, status, changed_at) VALUES (1523, 333, 'ready', NOW() - INTERVAL '45 days 9 hours' + INTERVAL '10 minutes') ON CONFLICT DO NOTHING;
INSERT INTO order_history (id, order_id, status, changed_at) VALUES (1524, 333, 'picked', NOW() - INTERVAL '45 days 9 hours' + INTERVAL '12 minutes') ON CONFLICT DO NOTHING;
INSERT INTO order_history (id, order_id, status, changed_at) VALUES (1525, 334, 'placed', NOW() - INTERVAL '22 days 2 hours') ON CONFLICT DO NOTHING;
INSERT INTO order_history (id, order_id, status, changed_at) VALUES (1526, 334, 'confirmed', NOW() - INTERVAL '22 days 2 hours' + INTERVAL '1 minute') ON CONFLICT DO NOTHING;
INSERT INTO order_history (id, order_id, status, changed_at) VALUES (1527, 334, 'preparing', NOW() - INTERVAL '22 days 2 hours' + INTERVAL '3 minutes') ON CONFLICT DO NOTHING;
INSERT INTO order_history (id, order_id, status, changed_at) VALUES (1528, 334, 'ready', NOW() - INTERVAL '22 days 2 hours' + INTERVAL '10 minutes') ON CONFLICT DO NOTHING;
INSERT INTO order_history (id, order_id, status, changed_at) VALUES (1529, 334, 'picked', NOW() - INTERVAL '22 days 2 hours' + INTERVAL '12 minutes') ON CONFLICT DO NOTHING;
INSERT INTO order_history (id, order_id, status, changed_at) VALUES (1530, 335, 'placed', NOW() - INTERVAL '77 days 16 hours') ON CONFLICT DO NOTHING;
INSERT INTO order_history (id, order_id, status, changed_at) VALUES (1531, 335, 'confirmed', NOW() - INTERVAL '77 days 16 hours' + INTERVAL '1 minute') ON CONFLICT DO NOTHING;
INSERT INTO order_history (id, order_id, status, changed_at) VALUES (1532, 335, 'preparing', NOW() - INTERVAL '77 days 16 hours' + INTERVAL '3 minutes') ON CONFLICT DO NOTHING;
INSERT INTO order_history (id, order_id, status, changed_at) VALUES (1533, 335, 'ready', NOW() - INTERVAL '77 days 16 hours' + INTERVAL '10 minutes') ON CONFLICT DO NOTHING;
INSERT INTO order_history (id, order_id, status, changed_at) VALUES (1534, 336, 'placed', NOW() - INTERVAL '22 days 12 hours') ON CONFLICT DO NOTHING;
INSERT INTO order_history (id, order_id, status, changed_at) VALUES (1535, 336, 'confirmed', NOW() - INTERVAL '22 days 12 hours' + INTERVAL '1 minute') ON CONFLICT DO NOTHING;
INSERT INTO order_history (id, order_id, status, changed_at) VALUES (1536, 336, 'preparing', NOW() - INTERVAL '22 days 12 hours' + INTERVAL '3 minutes') ON CONFLICT DO NOTHING;
INSERT INTO order_history (id, order_id, status, changed_at) VALUES (1537, 336, 'ready', NOW() - INTERVAL '22 days 12 hours' + INTERVAL '10 minutes') ON CONFLICT DO NOTHING;
INSERT INTO order_history (id, order_id, status, changed_at) VALUES (1538, 337, 'placed', NOW() - INTERVAL '3 days 18 hours') ON CONFLICT DO NOTHING;
INSERT INTO order_history (id, order_id, status, changed_at) VALUES (1539, 337, 'confirmed', NOW() - INTERVAL '3 days 18 hours' + INTERVAL '1 minute') ON CONFLICT DO NOTHING;
INSERT INTO order_history (id, order_id, status, changed_at) VALUES (1540, 337, 'preparing', NOW() - INTERVAL '3 days 18 hours' + INTERVAL '3 minutes') ON CONFLICT DO NOTHING;
INSERT INTO order_history (id, order_id, status, changed_at) VALUES (1541, 337, 'ready', NOW() - INTERVAL '3 days 18 hours' + INTERVAL '10 minutes') ON CONFLICT DO NOTHING;
INSERT INTO order_history (id, order_id, status, changed_at) VALUES (1542, 337, 'picked', NOW() - INTERVAL '3 days 18 hours' + INTERVAL '12 minutes') ON CONFLICT DO NOTHING;
INSERT INTO order_history (id, order_id, status, changed_at) VALUES (1543, 338, 'placed', NOW() - INTERVAL '7 days 21 hours') ON CONFLICT DO NOTHING;
INSERT INTO order_history (id, order_id, status, changed_at) VALUES (1544, 338, 'confirmed', NOW() - INTERVAL '7 days 21 hours' + INTERVAL '1 minute') ON CONFLICT DO NOTHING;
INSERT INTO order_history (id, order_id, status, changed_at) VALUES (1545, 338, 'preparing', NOW() - INTERVAL '7 days 21 hours' + INTERVAL '3 minutes') ON CONFLICT DO NOTHING;
INSERT INTO order_history (id, order_id, status, changed_at) VALUES (1546, 338, 'ready', NOW() - INTERVAL '7 days 21 hours' + INTERVAL '10 minutes') ON CONFLICT DO NOTHING;
INSERT INTO order_history (id, order_id, status, changed_at) VALUES (1547, 338, 'picked', NOW() - INTERVAL '7 days 21 hours' + INTERVAL '12 minutes') ON CONFLICT DO NOTHING;
INSERT INTO order_history (id, order_id, status, changed_at) VALUES (1548, 339, 'placed', NOW() - INTERVAL '49 days 3 hours') ON CONFLICT DO NOTHING;
INSERT INTO order_history (id, order_id, status, changed_at) VALUES (1549, 339, 'confirmed', NOW() - INTERVAL '49 days 3 hours' + INTERVAL '1 minute') ON CONFLICT DO NOTHING;
INSERT INTO order_history (id, order_id, status, changed_at) VALUES (1550, 339, 'preparing', NOW() - INTERVAL '49 days 3 hours' + INTERVAL '3 minutes') ON CONFLICT DO NOTHING;
INSERT INTO order_history (id, order_id, status, changed_at) VALUES (1551, 339, 'ready', NOW() - INTERVAL '49 days 3 hours' + INTERVAL '10 minutes') ON CONFLICT DO NOTHING;
INSERT INTO order_history (id, order_id, status, changed_at) VALUES (1552, 339, 'picked', NOW() - INTERVAL '49 days 3 hours' + INTERVAL '12 minutes') ON CONFLICT DO NOTHING;
INSERT INTO order_history (id, order_id, status, changed_at) VALUES (1553, 340, 'placed', NOW() - INTERVAL '85 days 16 hours') ON CONFLICT DO NOTHING;
INSERT INTO order_history (id, order_id, status, changed_at) VALUES (1554, 340, 'confirmed', NOW() - INTERVAL '85 days 16 hours' + INTERVAL '1 minute') ON CONFLICT DO NOTHING;
INSERT INTO order_history (id, order_id, status, changed_at) VALUES (1555, 340, 'preparing', NOW() - INTERVAL '85 days 16 hours' + INTERVAL '3 minutes') ON CONFLICT DO NOTHING;
INSERT INTO order_history (id, order_id, status, changed_at) VALUES (1556, 340, 'ready', NOW() - INTERVAL '85 days 16 hours' + INTERVAL '10 minutes') ON CONFLICT DO NOTHING;
INSERT INTO order_history (id, order_id, status, changed_at) VALUES (1557, 340, 'picked', NOW() - INTERVAL '85 days 16 hours' + INTERVAL '12 minutes') ON CONFLICT DO NOTHING;
INSERT INTO order_history (id, order_id, status, changed_at) VALUES (1558, 341, 'placed', NOW() - INTERVAL '14 days 15 hours') ON CONFLICT DO NOTHING;
INSERT INTO order_history (id, order_id, status, changed_at) VALUES (1559, 341, 'confirmed', NOW() - INTERVAL '14 days 15 hours' + INTERVAL '1 minute') ON CONFLICT DO NOTHING;
INSERT INTO order_history (id, order_id, status, changed_at) VALUES (1560, 341, 'preparing', NOW() - INTERVAL '14 days 15 hours' + INTERVAL '3 minutes') ON CONFLICT DO NOTHING;
INSERT INTO order_history (id, order_id, status, changed_at) VALUES (1561, 341, 'ready', NOW() - INTERVAL '14 days 15 hours' + INTERVAL '10 minutes') ON CONFLICT DO NOTHING;
INSERT INTO order_history (id, order_id, status, changed_at) VALUES (1562, 341, 'picked', NOW() - INTERVAL '14 days 15 hours' + INTERVAL '12 minutes') ON CONFLICT DO NOTHING;
INSERT INTO order_history (id, order_id, status, changed_at) VALUES (1563, 342, 'placed', NOW() - INTERVAL '53 days 9 hours') ON CONFLICT DO NOTHING;
INSERT INTO order_history (id, order_id, status, changed_at) VALUES (1564, 342, 'confirmed', NOW() - INTERVAL '53 days 9 hours' + INTERVAL '1 minute') ON CONFLICT DO NOTHING;
INSERT INTO order_history (id, order_id, status, changed_at) VALUES (1565, 342, 'preparing', NOW() - INTERVAL '53 days 9 hours' + INTERVAL '3 minutes') ON CONFLICT DO NOTHING;
INSERT INTO order_history (id, order_id, status, changed_at) VALUES (1566, 342, 'ready', NOW() - INTERVAL '53 days 9 hours' + INTERVAL '10 minutes') ON CONFLICT DO NOTHING;
INSERT INTO order_history (id, order_id, status, changed_at) VALUES (1567, 342, 'picked', NOW() - INTERVAL '53 days 9 hours' + INTERVAL '12 minutes') ON CONFLICT DO NOTHING;
INSERT INTO order_history (id, order_id, status, changed_at) VALUES (1568, 343, 'placed', NOW() - INTERVAL '62 days 10 hours') ON CONFLICT DO NOTHING;
INSERT INTO order_history (id, order_id, status, changed_at) VALUES (1569, 343, 'confirmed', NOW() - INTERVAL '62 days 10 hours' + INTERVAL '1 minute') ON CONFLICT DO NOTHING;
INSERT INTO order_history (id, order_id, status, changed_at) VALUES (1570, 343, 'preparing', NOW() - INTERVAL '62 days 10 hours' + INTERVAL '3 minutes') ON CONFLICT DO NOTHING;
INSERT INTO order_history (id, order_id, status, changed_at) VALUES (1571, 343, 'ready', NOW() - INTERVAL '62 days 10 hours' + INTERVAL '10 minutes') ON CONFLICT DO NOTHING;
INSERT INTO order_history (id, order_id, status, changed_at) VALUES (1572, 343, 'picked', NOW() - INTERVAL '62 days 10 hours' + INTERVAL '12 minutes') ON CONFLICT DO NOTHING;
INSERT INTO order_history (id, order_id, status, changed_at) VALUES (1573, 344, 'placed', NOW() - INTERVAL '74 days 21 hours') ON CONFLICT DO NOTHING;
INSERT INTO order_history (id, order_id, status, changed_at) VALUES (1574, 344, 'confirmed', NOW() - INTERVAL '74 days 21 hours' + INTERVAL '1 minute') ON CONFLICT DO NOTHING;
INSERT INTO order_history (id, order_id, status, changed_at) VALUES (1575, 344, 'preparing', NOW() - INTERVAL '74 days 21 hours' + INTERVAL '3 minutes') ON CONFLICT DO NOTHING;
INSERT INTO order_history (id, order_id, status, changed_at) VALUES (1576, 345, 'placed', NOW() - INTERVAL '83 days 7 hours') ON CONFLICT DO NOTHING;
INSERT INTO order_history (id, order_id, status, changed_at) VALUES (1577, 345, 'confirmed', NOW() - INTERVAL '83 days 7 hours' + INTERVAL '1 minute') ON CONFLICT DO NOTHING;
INSERT INTO order_history (id, order_id, status, changed_at) VALUES (1578, 345, 'preparing', NOW() - INTERVAL '83 days 7 hours' + INTERVAL '3 minutes') ON CONFLICT DO NOTHING;
INSERT INTO order_history (id, order_id, status, changed_at) VALUES (1579, 346, 'placed', NOW() - INTERVAL '6 days 9 hours') ON CONFLICT DO NOTHING;
INSERT INTO order_history (id, order_id, status, changed_at) VALUES (1580, 346, 'confirmed', NOW() - INTERVAL '6 days 9 hours' + INTERVAL '1 minute') ON CONFLICT DO NOTHING;
INSERT INTO order_history (id, order_id, status, changed_at) VALUES (1581, 346, 'preparing', NOW() - INTERVAL '6 days 9 hours' + INTERVAL '3 minutes') ON CONFLICT DO NOTHING;
INSERT INTO order_history (id, order_id, status, changed_at) VALUES (1582, 347, 'placed', NOW() - INTERVAL '18 days 21 hours') ON CONFLICT DO NOTHING;
INSERT INTO order_history (id, order_id, status, changed_at) VALUES (1583, 347, 'confirmed', NOW() - INTERVAL '18 days 21 hours' + INTERVAL '1 minute') ON CONFLICT DO NOTHING;
INSERT INTO order_history (id, order_id, status, changed_at) VALUES (1584, 347, 'preparing', NOW() - INTERVAL '18 days 21 hours' + INTERVAL '3 minutes') ON CONFLICT DO NOTHING;
INSERT INTO order_history (id, order_id, status, changed_at) VALUES (1585, 347, 'ready', NOW() - INTERVAL '18 days 21 hours' + INTERVAL '10 minutes') ON CONFLICT DO NOTHING;
INSERT INTO order_history (id, order_id, status, changed_at) VALUES (1586, 347, 'picked', NOW() - INTERVAL '18 days 21 hours' + INTERVAL '12 minutes') ON CONFLICT DO NOTHING;
INSERT INTO order_history (id, order_id, status, changed_at) VALUES (1587, 348, 'placed', NOW() - INTERVAL '24 days 3 hours') ON CONFLICT DO NOTHING;
INSERT INTO order_history (id, order_id, status, changed_at) VALUES (1588, 348, 'confirmed', NOW() - INTERVAL '24 days 3 hours' + INTERVAL '1 minute') ON CONFLICT DO NOTHING;
INSERT INTO order_history (id, order_id, status, changed_at) VALUES (1589, 348, 'preparing', NOW() - INTERVAL '24 days 3 hours' + INTERVAL '3 minutes') ON CONFLICT DO NOTHING;
INSERT INTO order_history (id, order_id, status, changed_at) VALUES (1590, 349, 'placed', NOW() - INTERVAL '84 days 5 hours') ON CONFLICT DO NOTHING;
INSERT INTO order_history (id, order_id, status, changed_at) VALUES (1591, 349, 'confirmed', NOW() - INTERVAL '84 days 5 hours' + INTERVAL '1 minute') ON CONFLICT DO NOTHING;
INSERT INTO order_history (id, order_id, status, changed_at) VALUES (1592, 349, 'preparing', NOW() - INTERVAL '84 days 5 hours' + INTERVAL '3 minutes') ON CONFLICT DO NOTHING;
INSERT INTO order_history (id, order_id, status, changed_at) VALUES (1593, 349, 'ready', NOW() - INTERVAL '84 days 5 hours' + INTERVAL '10 minutes') ON CONFLICT DO NOTHING;
INSERT INTO order_history (id, order_id, status, changed_at) VALUES (1594, 350, 'placed', NOW() - INTERVAL '76 days 15 hours') ON CONFLICT DO NOTHING;
INSERT INTO order_history (id, order_id, status, changed_at) VALUES (1595, 350, 'confirmed', NOW() - INTERVAL '76 days 15 hours' + INTERVAL '1 minute') ON CONFLICT DO NOTHING;
INSERT INTO order_history (id, order_id, status, changed_at) VALUES (1596, 350, 'preparing', NOW() - INTERVAL '76 days 15 hours' + INTERVAL '3 minutes') ON CONFLICT DO NOTHING;
INSERT INTO order_history (id, order_id, status, changed_at) VALUES (1597, 350, 'ready', NOW() - INTERVAL '76 days 15 hours' + INTERVAL '10 minutes') ON CONFLICT DO NOTHING;
INSERT INTO order_history (id, order_id, status, changed_at) VALUES (1598, 350, 'picked', NOW() - INTERVAL '76 days 15 hours' + INTERVAL '12 minutes') ON CONFLICT DO NOTHING;
INSERT INTO order_history (id, order_id, status, changed_at) VALUES (1599, 351, 'placed', NOW() - INTERVAL '15 days 13 hours') ON CONFLICT DO NOTHING;
INSERT INTO order_history (id, order_id, status, changed_at) VALUES (1600, 351, 'confirmed', NOW() - INTERVAL '15 days 13 hours' + INTERVAL '1 minute') ON CONFLICT DO NOTHING;
INSERT INTO order_history (id, order_id, status, changed_at) VALUES (1601, 351, 'preparing', NOW() - INTERVAL '15 days 13 hours' + INTERVAL '3 minutes') ON CONFLICT DO NOTHING;
INSERT INTO order_history (id, order_id, status, changed_at) VALUES (1602, 352, 'placed', NOW() - INTERVAL '68 days 23 hours') ON CONFLICT DO NOTHING;
INSERT INTO order_history (id, order_id, status, changed_at) VALUES (1603, 352, 'confirmed', NOW() - INTERVAL '68 days 23 hours' + INTERVAL '1 minute') ON CONFLICT DO NOTHING;
INSERT INTO order_history (id, order_id, status, changed_at) VALUES (1604, 352, 'preparing', NOW() - INTERVAL '68 days 23 hours' + INTERVAL '3 minutes') ON CONFLICT DO NOTHING;
INSERT INTO order_history (id, order_id, status, changed_at) VALUES (1605, 352, 'ready', NOW() - INTERVAL '68 days 23 hours' + INTERVAL '10 minutes') ON CONFLICT DO NOTHING;
INSERT INTO order_history (id, order_id, status, changed_at) VALUES (1606, 353, 'placed', NOW() - INTERVAL '83 days 12 hours') ON CONFLICT DO NOTHING;
INSERT INTO order_history (id, order_id, status, changed_at) VALUES (1607, 353, 'confirmed', NOW() - INTERVAL '83 days 12 hours' + INTERVAL '1 minute') ON CONFLICT DO NOTHING;
INSERT INTO order_history (id, order_id, status, changed_at) VALUES (1608, 353, 'preparing', NOW() - INTERVAL '83 days 12 hours' + INTERVAL '3 minutes') ON CONFLICT DO NOTHING;
INSERT INTO order_history (id, order_id, status, changed_at) VALUES (1609, 353, 'ready', NOW() - INTERVAL '83 days 12 hours' + INTERVAL '10 minutes') ON CONFLICT DO NOTHING;
INSERT INTO order_history (id, order_id, status, changed_at) VALUES (1610, 353, 'picked', NOW() - INTERVAL '83 days 12 hours' + INTERVAL '12 minutes') ON CONFLICT DO NOTHING;
INSERT INTO order_history (id, order_id, status, changed_at) VALUES (1611, 354, 'placed', NOW() - INTERVAL '61 days 15 hours') ON CONFLICT DO NOTHING;
INSERT INTO order_history (id, order_id, status, changed_at) VALUES (1612, 354, 'confirmed', NOW() - INTERVAL '61 days 15 hours' + INTERVAL '1 minute') ON CONFLICT DO NOTHING;
INSERT INTO order_history (id, order_id, status, changed_at) VALUES (1613, 354, 'preparing', NOW() - INTERVAL '61 days 15 hours' + INTERVAL '3 minutes') ON CONFLICT DO NOTHING;
INSERT INTO order_history (id, order_id, status, changed_at) VALUES (1614, 354, 'ready', NOW() - INTERVAL '61 days 15 hours' + INTERVAL '10 minutes') ON CONFLICT DO NOTHING;
INSERT INTO order_history (id, order_id, status, changed_at) VALUES (1615, 354, 'picked', NOW() - INTERVAL '61 days 15 hours' + INTERVAL '12 minutes') ON CONFLICT DO NOTHING;
INSERT INTO order_history (id, order_id, status, changed_at) VALUES (1616, 355, 'placed', NOW() - INTERVAL '36 days 1 hours') ON CONFLICT DO NOTHING;
INSERT INTO order_history (id, order_id, status, changed_at) VALUES (1617, 355, 'confirmed', NOW() - INTERVAL '36 days 1 hours' + INTERVAL '1 minute') ON CONFLICT DO NOTHING;
INSERT INTO order_history (id, order_id, status, changed_at) VALUES (1618, 355, 'preparing', NOW() - INTERVAL '36 days 1 hours' + INTERVAL '3 minutes') ON CONFLICT DO NOTHING;
INSERT INTO order_history (id, order_id, status, changed_at) VALUES (1619, 355, 'ready', NOW() - INTERVAL '36 days 1 hours' + INTERVAL '10 minutes') ON CONFLICT DO NOTHING;
INSERT INTO order_history (id, order_id, status, changed_at) VALUES (1620, 355, 'picked', NOW() - INTERVAL '36 days 1 hours' + INTERVAL '12 minutes') ON CONFLICT DO NOTHING;
INSERT INTO order_history (id, order_id, status, changed_at) VALUES (1621, 356, 'placed', NOW() - INTERVAL '58 days 2 hours') ON CONFLICT DO NOTHING;
INSERT INTO order_history (id, order_id, status, changed_at) VALUES (1622, 356, 'confirmed', NOW() - INTERVAL '58 days 2 hours' + INTERVAL '1 minute') ON CONFLICT DO NOTHING;
INSERT INTO order_history (id, order_id, status, changed_at) VALUES (1623, 356, 'preparing', NOW() - INTERVAL '58 days 2 hours' + INTERVAL '3 minutes') ON CONFLICT DO NOTHING;
INSERT INTO order_history (id, order_id, status, changed_at) VALUES (1624, 357, 'placed', NOW() - INTERVAL '53 days 1 hours') ON CONFLICT DO NOTHING;
INSERT INTO order_history (id, order_id, status, changed_at) VALUES (1625, 357, 'confirmed', NOW() - INTERVAL '53 days 1 hours' + INTERVAL '1 minute') ON CONFLICT DO NOTHING;
INSERT INTO order_history (id, order_id, status, changed_at) VALUES (1626, 357, 'preparing', NOW() - INTERVAL '53 days 1 hours' + INTERVAL '3 minutes') ON CONFLICT DO NOTHING;
INSERT INTO order_history (id, order_id, status, changed_at) VALUES (1627, 357, 'ready', NOW() - INTERVAL '53 days 1 hours' + INTERVAL '10 minutes') ON CONFLICT DO NOTHING;
INSERT INTO order_history (id, order_id, status, changed_at) VALUES (1628, 357, 'picked', NOW() - INTERVAL '53 days 1 hours' + INTERVAL '12 minutes') ON CONFLICT DO NOTHING;
INSERT INTO order_history (id, order_id, status, changed_at) VALUES (1629, 358, 'placed', NOW() - INTERVAL '29 days 14 hours') ON CONFLICT DO NOTHING;
INSERT INTO order_history (id, order_id, status, changed_at) VALUES (1630, 358, 'confirmed', NOW() - INTERVAL '29 days 14 hours' + INTERVAL '1 minute') ON CONFLICT DO NOTHING;
INSERT INTO order_history (id, order_id, status, changed_at) VALUES (1631, 358, 'preparing', NOW() - INTERVAL '29 days 14 hours' + INTERVAL '3 minutes') ON CONFLICT DO NOTHING;
INSERT INTO order_history (id, order_id, status, changed_at) VALUES (1632, 359, 'placed', NOW() - INTERVAL '29 days 0 hours') ON CONFLICT DO NOTHING;
INSERT INTO order_history (id, order_id, status, changed_at) VALUES (1633, 359, 'confirmed', NOW() - INTERVAL '29 days 0 hours' + INTERVAL '1 minute') ON CONFLICT DO NOTHING;
INSERT INTO order_history (id, order_id, status, changed_at) VALUES (1634, 359, 'preparing', NOW() - INTERVAL '29 days 0 hours' + INTERVAL '3 minutes') ON CONFLICT DO NOTHING;
INSERT INTO order_history (id, order_id, status, changed_at) VALUES (1635, 359, 'ready', NOW() - INTERVAL '29 days 0 hours' + INTERVAL '10 minutes') ON CONFLICT DO NOTHING;
INSERT INTO order_history (id, order_id, status, changed_at) VALUES (1636, 360, 'placed', NOW() - INTERVAL '64 days 4 hours') ON CONFLICT DO NOTHING;
INSERT INTO order_history (id, order_id, status, changed_at) VALUES (1637, 360, 'confirmed', NOW() - INTERVAL '64 days 4 hours' + INTERVAL '1 minute') ON CONFLICT DO NOTHING;
INSERT INTO order_history (id, order_id, status, changed_at) VALUES (1638, 360, 'preparing', NOW() - INTERVAL '64 days 4 hours' + INTERVAL '3 minutes') ON CONFLICT DO NOTHING;
INSERT INTO order_history (id, order_id, status, changed_at) VALUES (1639, 361, 'placed', NOW() - INTERVAL '25 days 22 hours') ON CONFLICT DO NOTHING;
INSERT INTO order_history (id, order_id, status, changed_at) VALUES (1640, 361, 'confirmed', NOW() - INTERVAL '25 days 22 hours' + INTERVAL '1 minute') ON CONFLICT DO NOTHING;
INSERT INTO order_history (id, order_id, status, changed_at) VALUES (1641, 361, 'preparing', NOW() - INTERVAL '25 days 22 hours' + INTERVAL '3 minutes') ON CONFLICT DO NOTHING;
INSERT INTO order_history (id, order_id, status, changed_at) VALUES (1642, 361, 'ready', NOW() - INTERVAL '25 days 22 hours' + INTERVAL '10 minutes') ON CONFLICT DO NOTHING;
INSERT INTO order_history (id, order_id, status, changed_at) VALUES (1643, 361, 'picked', NOW() - INTERVAL '25 days 22 hours' + INTERVAL '12 minutes') ON CONFLICT DO NOTHING;
INSERT INTO order_history (id, order_id, status, changed_at) VALUES (1644, 362, 'placed', NOW() - INTERVAL '76 days 16 hours') ON CONFLICT DO NOTHING;
INSERT INTO order_history (id, order_id, status, changed_at) VALUES (1645, 362, 'confirmed', NOW() - INTERVAL '76 days 16 hours' + INTERVAL '1 minute') ON CONFLICT DO NOTHING;
INSERT INTO order_history (id, order_id, status, changed_at) VALUES (1646, 362, 'preparing', NOW() - INTERVAL '76 days 16 hours' + INTERVAL '3 minutes') ON CONFLICT DO NOTHING;
INSERT INTO order_history (id, order_id, status, changed_at) VALUES (1647, 362, 'ready', NOW() - INTERVAL '76 days 16 hours' + INTERVAL '10 minutes') ON CONFLICT DO NOTHING;
INSERT INTO order_history (id, order_id, status, changed_at) VALUES (1648, 362, 'picked', NOW() - INTERVAL '76 days 16 hours' + INTERVAL '12 minutes') ON CONFLICT DO NOTHING;
INSERT INTO order_history (id, order_id, status, changed_at) VALUES (1649, 363, 'placed', NOW() - INTERVAL '56 days 18 hours') ON CONFLICT DO NOTHING;
INSERT INTO order_history (id, order_id, status, changed_at) VALUES (1650, 363, 'confirmed', NOW() - INTERVAL '56 days 18 hours' + INTERVAL '1 minute') ON CONFLICT DO NOTHING;
INSERT INTO order_history (id, order_id, status, changed_at) VALUES (1651, 363, 'preparing', NOW() - INTERVAL '56 days 18 hours' + INTERVAL '3 minutes') ON CONFLICT DO NOTHING;
INSERT INTO order_history (id, order_id, status, changed_at) VALUES (1652, 363, 'ready', NOW() - INTERVAL '56 days 18 hours' + INTERVAL '10 minutes') ON CONFLICT DO NOTHING;
INSERT INTO order_history (id, order_id, status, changed_at) VALUES (1653, 363, 'picked', NOW() - INTERVAL '56 days 18 hours' + INTERVAL '12 minutes') ON CONFLICT DO NOTHING;
INSERT INTO order_history (id, order_id, status, changed_at) VALUES (1654, 364, 'placed', NOW() - INTERVAL '77 days 19 hours') ON CONFLICT DO NOTHING;
INSERT INTO order_history (id, order_id, status, changed_at) VALUES (1655, 364, 'confirmed', NOW() - INTERVAL '77 days 19 hours' + INTERVAL '1 minute') ON CONFLICT DO NOTHING;
INSERT INTO order_history (id, order_id, status, changed_at) VALUES (1656, 364, 'preparing', NOW() - INTERVAL '77 days 19 hours' + INTERVAL '3 minutes') ON CONFLICT DO NOTHING;
INSERT INTO order_history (id, order_id, status, changed_at) VALUES (1657, 364, 'ready', NOW() - INTERVAL '77 days 19 hours' + INTERVAL '10 minutes') ON CONFLICT DO NOTHING;
INSERT INTO order_history (id, order_id, status, changed_at) VALUES (1658, 364, 'picked', NOW() - INTERVAL '77 days 19 hours' + INTERVAL '12 minutes') ON CONFLICT DO NOTHING;
INSERT INTO order_history (id, order_id, status, changed_at) VALUES (1659, 365, 'placed', NOW() - INTERVAL '44 days 9 hours') ON CONFLICT DO NOTHING;
INSERT INTO order_history (id, order_id, status, changed_at) VALUES (1660, 365, 'confirmed', NOW() - INTERVAL '44 days 9 hours' + INTERVAL '1 minute') ON CONFLICT DO NOTHING;
INSERT INTO order_history (id, order_id, status, changed_at) VALUES (1661, 365, 'preparing', NOW() - INTERVAL '44 days 9 hours' + INTERVAL '3 minutes') ON CONFLICT DO NOTHING;
INSERT INTO order_history (id, order_id, status, changed_at) VALUES (1662, 365, 'ready', NOW() - INTERVAL '44 days 9 hours' + INTERVAL '10 minutes') ON CONFLICT DO NOTHING;
INSERT INTO order_history (id, order_id, status, changed_at) VALUES (1663, 365, 'picked', NOW() - INTERVAL '44 days 9 hours' + INTERVAL '12 minutes') ON CONFLICT DO NOTHING;
INSERT INTO order_history (id, order_id, status, changed_at) VALUES (1664, 366, 'placed', NOW() - INTERVAL '71 days 20 hours') ON CONFLICT DO NOTHING;
INSERT INTO order_history (id, order_id, status, changed_at) VALUES (1665, 366, 'confirmed', NOW() - INTERVAL '71 days 20 hours' + INTERVAL '1 minute') ON CONFLICT DO NOTHING;
INSERT INTO order_history (id, order_id, status, changed_at) VALUES (1666, 366, 'preparing', NOW() - INTERVAL '71 days 20 hours' + INTERVAL '3 minutes') ON CONFLICT DO NOTHING;
INSERT INTO order_history (id, order_id, status, changed_at) VALUES (1667, 366, 'ready', NOW() - INTERVAL '71 days 20 hours' + INTERVAL '10 minutes') ON CONFLICT DO NOTHING;
INSERT INTO order_history (id, order_id, status, changed_at) VALUES (1668, 367, 'placed', NOW() - INTERVAL '17 days 22 hours') ON CONFLICT DO NOTHING;
INSERT INTO order_history (id, order_id, status, changed_at) VALUES (1669, 367, 'confirmed', NOW() - INTERVAL '17 days 22 hours' + INTERVAL '1 minute') ON CONFLICT DO NOTHING;
INSERT INTO order_history (id, order_id, status, changed_at) VALUES (1670, 367, 'preparing', NOW() - INTERVAL '17 days 22 hours' + INTERVAL '3 minutes') ON CONFLICT DO NOTHING;
INSERT INTO order_history (id, order_id, status, changed_at) VALUES (1671, 367, 'ready', NOW() - INTERVAL '17 days 22 hours' + INTERVAL '10 minutes') ON CONFLICT DO NOTHING;
INSERT INTO order_history (id, order_id, status, changed_at) VALUES (1672, 367, 'picked', NOW() - INTERVAL '17 days 22 hours' + INTERVAL '12 minutes') ON CONFLICT DO NOTHING;
INSERT INTO order_history (id, order_id, status, changed_at) VALUES (1673, 368, 'placed', NOW() - INTERVAL '55 days 0 hours') ON CONFLICT DO NOTHING;
INSERT INTO order_history (id, order_id, status, changed_at) VALUES (1674, 368, 'confirmed', NOW() - INTERVAL '55 days 0 hours' + INTERVAL '1 minute') ON CONFLICT DO NOTHING;
INSERT INTO order_history (id, order_id, status, changed_at) VALUES (1675, 368, 'preparing', NOW() - INTERVAL '55 days 0 hours' + INTERVAL '3 minutes') ON CONFLICT DO NOTHING;
INSERT INTO order_history (id, order_id, status, changed_at) VALUES (1676, 369, 'placed', NOW() - INTERVAL '21 days 9 hours') ON CONFLICT DO NOTHING;
INSERT INTO order_history (id, order_id, status, changed_at) VALUES (1677, 369, 'confirmed', NOW() - INTERVAL '21 days 9 hours' + INTERVAL '1 minute') ON CONFLICT DO NOTHING;
INSERT INTO order_history (id, order_id, status, changed_at) VALUES (1678, 369, 'preparing', NOW() - INTERVAL '21 days 9 hours' + INTERVAL '3 minutes') ON CONFLICT DO NOTHING;
INSERT INTO order_history (id, order_id, status, changed_at) VALUES (1679, 369, 'ready', NOW() - INTERVAL '21 days 9 hours' + INTERVAL '10 minutes') ON CONFLICT DO NOTHING;
INSERT INTO order_history (id, order_id, status, changed_at) VALUES (1680, 369, 'picked', NOW() - INTERVAL '21 days 9 hours' + INTERVAL '12 minutes') ON CONFLICT DO NOTHING;
INSERT INTO order_history (id, order_id, status, changed_at) VALUES (1681, 370, 'placed', NOW() - INTERVAL '14 days 19 hours') ON CONFLICT DO NOTHING;
INSERT INTO order_history (id, order_id, status, changed_at) VALUES (1682, 370, 'confirmed', NOW() - INTERVAL '14 days 19 hours' + INTERVAL '1 minute') ON CONFLICT DO NOTHING;
INSERT INTO order_history (id, order_id, status, changed_at) VALUES (1683, 370, 'preparing', NOW() - INTERVAL '14 days 19 hours' + INTERVAL '3 minutes') ON CONFLICT DO NOTHING;
INSERT INTO order_history (id, order_id, status, changed_at) VALUES (1684, 371, 'placed', NOW() - INTERVAL '14 days 21 hours') ON CONFLICT DO NOTHING;
INSERT INTO order_history (id, order_id, status, changed_at) VALUES (1685, 371, 'confirmed', NOW() - INTERVAL '14 days 21 hours' + INTERVAL '1 minute') ON CONFLICT DO NOTHING;
INSERT INTO order_history (id, order_id, status, changed_at) VALUES (1686, 371, 'preparing', NOW() - INTERVAL '14 days 21 hours' + INTERVAL '5 minutes') ON CONFLICT DO NOTHING;
INSERT INTO order_history (id, order_id, status, changed_at) VALUES (1687, 372, 'placed', NOW() - INTERVAL '65 days 19 hours') ON CONFLICT DO NOTHING;
INSERT INTO order_history (id, order_id, status, changed_at) VALUES (1688, 372, 'confirmed', NOW() - INTERVAL '65 days 19 hours' + INTERVAL '1 minute') ON CONFLICT DO NOTHING;
INSERT INTO order_history (id, order_id, status, changed_at) VALUES (1689, 372, 'preparing', NOW() - INTERVAL '65 days 19 hours' + INTERVAL '5 minutes') ON CONFLICT DO NOTHING;
INSERT INTO order_history (id, order_id, status, changed_at) VALUES (1690, 373, 'placed', NOW() - INTERVAL '29 days 14 hours') ON CONFLICT DO NOTHING;
INSERT INTO order_history (id, order_id, status, changed_at) VALUES (1691, 373, 'confirmed', NOW() - INTERVAL '29 days 14 hours' + INTERVAL '1 minute') ON CONFLICT DO NOTHING;
INSERT INTO order_history (id, order_id, status, changed_at) VALUES (1692, 373, 'preparing', NOW() - INTERVAL '29 days 14 hours' + INTERVAL '5 minutes') ON CONFLICT DO NOTHING;
INSERT INTO order_history (id, order_id, status, changed_at) VALUES (1693, 373, 'ready', NOW() - INTERVAL '29 days 14 hours' + INTERVAL '20 minutes') ON CONFLICT DO NOTHING;
INSERT INTO order_history (id, order_id, status, changed_at) VALUES (1694, 373, 'picked', NOW() - INTERVAL '29 days 14 hours' + INTERVAL '25 minutes') ON CONFLICT DO NOTHING;
INSERT INTO order_history (id, order_id, status, changed_at) VALUES (1695, 374, 'placed', NOW() - INTERVAL '20 days 6 hours') ON CONFLICT DO NOTHING;
INSERT INTO order_history (id, order_id, status, changed_at) VALUES (1696, 374, 'confirmed', NOW() - INTERVAL '20 days 6 hours' + INTERVAL '1 minute') ON CONFLICT DO NOTHING;
INSERT INTO order_history (id, order_id, status, changed_at) VALUES (1697, 374, 'preparing', NOW() - INTERVAL '20 days 6 hours' + INTERVAL '5 minutes') ON CONFLICT DO NOTHING;
INSERT INTO order_history (id, order_id, status, changed_at) VALUES (1698, 374, 'ready', NOW() - INTERVAL '20 days 6 hours' + INTERVAL '20 minutes') ON CONFLICT DO NOTHING;
INSERT INTO order_history (id, order_id, status, changed_at) VALUES (1699, 375, 'placed', NOW() - INTERVAL '45 days 19 hours') ON CONFLICT DO NOTHING;
INSERT INTO order_history (id, order_id, status, changed_at) VALUES (1700, 375, 'confirmed', NOW() - INTERVAL '45 days 19 hours' + INTERVAL '1 minute') ON CONFLICT DO NOTHING;
INSERT INTO order_history (id, order_id, status, changed_at) VALUES (1701, 375, 'preparing', NOW() - INTERVAL '45 days 19 hours' + INTERVAL '5 minutes') ON CONFLICT DO NOTHING;
INSERT INTO order_history (id, order_id, status, changed_at) VALUES (1702, 375, 'ready', NOW() - INTERVAL '45 days 19 hours' + INTERVAL '20 minutes') ON CONFLICT DO NOTHING;
INSERT INTO order_history (id, order_id, status, changed_at) VALUES (1703, 376, 'placed', NOW() - INTERVAL '49 days 2 hours') ON CONFLICT DO NOTHING;
INSERT INTO order_history (id, order_id, status, changed_at) VALUES (1704, 376, 'confirmed', NOW() - INTERVAL '49 days 2 hours' + INTERVAL '1 minute') ON CONFLICT DO NOTHING;
INSERT INTO order_history (id, order_id, status, changed_at) VALUES (1705, 376, 'preparing', NOW() - INTERVAL '49 days 2 hours' + INTERVAL '5 minutes') ON CONFLICT DO NOTHING;
INSERT INTO order_history (id, order_id, status, changed_at) VALUES (1706, 377, 'placed', NOW() - INTERVAL '30 days 9 hours') ON CONFLICT DO NOTHING;
INSERT INTO order_history (id, order_id, status, changed_at) VALUES (1707, 377, 'confirmed', NOW() - INTERVAL '30 days 9 hours' + INTERVAL '1 minute') ON CONFLICT DO NOTHING;
INSERT INTO order_history (id, order_id, status, changed_at) VALUES (1708, 377, 'preparing', NOW() - INTERVAL '30 days 9 hours' + INTERVAL '5 minutes') ON CONFLICT DO NOTHING;
INSERT INTO order_history (id, order_id, status, changed_at) VALUES (1709, 378, 'placed', NOW() - INTERVAL '47 days 5 hours') ON CONFLICT DO NOTHING;
INSERT INTO order_history (id, order_id, status, changed_at) VALUES (1710, 378, 'confirmed', NOW() - INTERVAL '47 days 5 hours' + INTERVAL '1 minute') ON CONFLICT DO NOTHING;
INSERT INTO order_history (id, order_id, status, changed_at) VALUES (1711, 378, 'preparing', NOW() - INTERVAL '47 days 5 hours' + INTERVAL '5 minutes') ON CONFLICT DO NOTHING;
INSERT INTO order_history (id, order_id, status, changed_at) VALUES (1712, 378, 'ready', NOW() - INTERVAL '47 days 5 hours' + INTERVAL '20 minutes') ON CONFLICT DO NOTHING;
INSERT INTO order_history (id, order_id, status, changed_at) VALUES (1713, 379, 'placed', NOW() - INTERVAL '10 days 19 hours') ON CONFLICT DO NOTHING;
INSERT INTO order_history (id, order_id, status, changed_at) VALUES (1714, 379, 'confirmed', NOW() - INTERVAL '10 days 19 hours' + INTERVAL '1 minute') ON CONFLICT DO NOTHING;
INSERT INTO order_history (id, order_id, status, changed_at) VALUES (1715, 379, 'preparing', NOW() - INTERVAL '10 days 19 hours' + INTERVAL '5 minutes') ON CONFLICT DO NOTHING;
INSERT INTO order_history (id, order_id, status, changed_at) VALUES (1716, 379, 'ready', NOW() - INTERVAL '10 days 19 hours' + INTERVAL '20 minutes') ON CONFLICT DO NOTHING;
INSERT INTO order_history (id, order_id, status, changed_at) VALUES (1717, 379, 'picked', NOW() - INTERVAL '10 days 19 hours' + INTERVAL '25 minutes') ON CONFLICT DO NOTHING;
INSERT INTO order_history (id, order_id, status, changed_at) VALUES (1718, 380, 'placed', NOW() - INTERVAL '72 days 7 hours') ON CONFLICT DO NOTHING;
INSERT INTO order_history (id, order_id, status, changed_at) VALUES (1719, 380, 'confirmed', NOW() - INTERVAL '72 days 7 hours' + INTERVAL '1 minute') ON CONFLICT DO NOTHING;
INSERT INTO order_history (id, order_id, status, changed_at) VALUES (1720, 380, 'preparing', NOW() - INTERVAL '72 days 7 hours' + INTERVAL '5 minutes') ON CONFLICT DO NOTHING;
INSERT INTO order_history (id, order_id, status, changed_at) VALUES (1721, 381, 'placed', NOW() - INTERVAL '9 days 6 hours') ON CONFLICT DO NOTHING;
INSERT INTO order_history (id, order_id, status, changed_at) VALUES (1722, 381, 'confirmed', NOW() - INTERVAL '9 days 6 hours' + INTERVAL '1 minute') ON CONFLICT DO NOTHING;
INSERT INTO order_history (id, order_id, status, changed_at) VALUES (1723, 381, 'preparing', NOW() - INTERVAL '9 days 6 hours' + INTERVAL '5 minutes') ON CONFLICT DO NOTHING;
INSERT INTO order_history (id, order_id, status, changed_at) VALUES (1724, 381, 'ready', NOW() - INTERVAL '9 days 6 hours' + INTERVAL '20 minutes') ON CONFLICT DO NOTHING;
INSERT INTO order_history (id, order_id, status, changed_at) VALUES (1725, 382, 'placed', NOW() - INTERVAL '59 days 4 hours') ON CONFLICT DO NOTHING;
INSERT INTO order_history (id, order_id, status, changed_at) VALUES (1726, 382, 'confirmed', NOW() - INTERVAL '59 days 4 hours' + INTERVAL '1 minute') ON CONFLICT DO NOTHING;
INSERT INTO order_history (id, order_id, status, changed_at) VALUES (1727, 382, 'preparing', NOW() - INTERVAL '59 days 4 hours' + INTERVAL '5 minutes') ON CONFLICT DO NOTHING;
INSERT INTO order_history (id, order_id, status, changed_at) VALUES (1728, 382, 'ready', NOW() - INTERVAL '59 days 4 hours' + INTERVAL '20 minutes') ON CONFLICT DO NOTHING;
INSERT INTO order_history (id, order_id, status, changed_at) VALUES (1729, 382, 'picked', NOW() - INTERVAL '59 days 4 hours' + INTERVAL '25 minutes') ON CONFLICT DO NOTHING;
INSERT INTO order_history (id, order_id, status, changed_at) VALUES (1730, 383, 'placed', NOW() - INTERVAL '75 days 13 hours') ON CONFLICT DO NOTHING;
INSERT INTO order_history (id, order_id, status, changed_at) VALUES (1731, 383, 'confirmed', NOW() - INTERVAL '75 days 13 hours' + INTERVAL '1 minute') ON CONFLICT DO NOTHING;
INSERT INTO order_history (id, order_id, status, changed_at) VALUES (1732, 383, 'preparing', NOW() - INTERVAL '75 days 13 hours' + INTERVAL '5 minutes') ON CONFLICT DO NOTHING;
INSERT INTO order_history (id, order_id, status, changed_at) VALUES (1733, 383, 'ready', NOW() - INTERVAL '75 days 13 hours' + INTERVAL '20 minutes') ON CONFLICT DO NOTHING;
INSERT INTO order_history (id, order_id, status, changed_at) VALUES (1734, 383, 'picked', NOW() - INTERVAL '75 days 13 hours' + INTERVAL '25 minutes') ON CONFLICT DO NOTHING;
INSERT INTO order_history (id, order_id, status, changed_at) VALUES (1735, 384, 'placed', NOW() - INTERVAL '7 days 3 hours') ON CONFLICT DO NOTHING;
INSERT INTO order_history (id, order_id, status, changed_at) VALUES (1736, 384, 'confirmed', NOW() - INTERVAL '7 days 3 hours' + INTERVAL '1 minute') ON CONFLICT DO NOTHING;
INSERT INTO order_history (id, order_id, status, changed_at) VALUES (1737, 384, 'preparing', NOW() - INTERVAL '7 days 3 hours' + INTERVAL '5 minutes') ON CONFLICT DO NOTHING;
INSERT INTO order_history (id, order_id, status, changed_at) VALUES (1738, 384, 'ready', NOW() - INTERVAL '7 days 3 hours' + INTERVAL '20 minutes') ON CONFLICT DO NOTHING;
INSERT INTO order_history (id, order_id, status, changed_at) VALUES (1739, 385, 'placed', NOW() - INTERVAL '49 days 19 hours') ON CONFLICT DO NOTHING;
INSERT INTO order_history (id, order_id, status, changed_at) VALUES (1740, 385, 'confirmed', NOW() - INTERVAL '49 days 19 hours' + INTERVAL '1 minute') ON CONFLICT DO NOTHING;
INSERT INTO order_history (id, order_id, status, changed_at) VALUES (1741, 385, 'preparing', NOW() - INTERVAL '49 days 19 hours' + INTERVAL '5 minutes') ON CONFLICT DO NOTHING;
INSERT INTO order_history (id, order_id, status, changed_at) VALUES (1742, 386, 'placed', NOW() - INTERVAL '69 days 8 hours') ON CONFLICT DO NOTHING;
INSERT INTO order_history (id, order_id, status, changed_at) VALUES (1743, 386, 'confirmed', NOW() - INTERVAL '69 days 8 hours' + INTERVAL '1 minute') ON CONFLICT DO NOTHING;
INSERT INTO order_history (id, order_id, status, changed_at) VALUES (1744, 386, 'preparing', NOW() - INTERVAL '69 days 8 hours' + INTERVAL '5 minutes') ON CONFLICT DO NOTHING;
INSERT INTO order_history (id, order_id, status, changed_at) VALUES (1745, 386, 'ready', NOW() - INTERVAL '69 days 8 hours' + INTERVAL '20 minutes') ON CONFLICT DO NOTHING;
INSERT INTO order_history (id, order_id, status, changed_at) VALUES (1746, 386, 'picked', NOW() - INTERVAL '69 days 8 hours' + INTERVAL '25 minutes') ON CONFLICT DO NOTHING;
INSERT INTO order_history (id, order_id, status, changed_at) VALUES (1747, 387, 'placed', NOW() - INTERVAL '34 days 16 hours') ON CONFLICT DO NOTHING;
INSERT INTO order_history (id, order_id, status, changed_at) VALUES (1748, 387, 'confirmed', NOW() - INTERVAL '34 days 16 hours' + INTERVAL '1 minute') ON CONFLICT DO NOTHING;
INSERT INTO order_history (id, order_id, status, changed_at) VALUES (1749, 387, 'preparing', NOW() - INTERVAL '34 days 16 hours' + INTERVAL '5 minutes') ON CONFLICT DO NOTHING;
INSERT INTO order_history (id, order_id, status, changed_at) VALUES (1750, 387, 'ready', NOW() - INTERVAL '34 days 16 hours' + INTERVAL '20 minutes') ON CONFLICT DO NOTHING;
INSERT INTO order_history (id, order_id, status, changed_at) VALUES (1751, 388, 'placed', NOW() - INTERVAL '26 days 4 hours') ON CONFLICT DO NOTHING;
INSERT INTO order_history (id, order_id, status, changed_at) VALUES (1752, 388, 'confirmed', NOW() - INTERVAL '26 days 4 hours' + INTERVAL '1 minute') ON CONFLICT DO NOTHING;
INSERT INTO order_history (id, order_id, status, changed_at) VALUES (1753, 388, 'preparing', NOW() - INTERVAL '26 days 4 hours' + INTERVAL '5 minutes') ON CONFLICT DO NOTHING;
INSERT INTO order_history (id, order_id, status, changed_at) VALUES (1754, 388, 'ready', NOW() - INTERVAL '26 days 4 hours' + INTERVAL '20 minutes') ON CONFLICT DO NOTHING;
INSERT INTO order_history (id, order_id, status, changed_at) VALUES (1755, 388, 'picked', NOW() - INTERVAL '26 days 4 hours' + INTERVAL '25 minutes') ON CONFLICT DO NOTHING;
INSERT INTO order_history (id, order_id, status, changed_at) VALUES (1756, 389, 'placed', NOW() - INTERVAL '63 days 0 hours') ON CONFLICT DO NOTHING;
INSERT INTO order_history (id, order_id, status, changed_at) VALUES (1757, 389, 'confirmed', NOW() - INTERVAL '63 days 0 hours' + INTERVAL '1 minute') ON CONFLICT DO NOTHING;
INSERT INTO order_history (id, order_id, status, changed_at) VALUES (1758, 389, 'preparing', NOW() - INTERVAL '63 days 0 hours' + INTERVAL '5 minutes') ON CONFLICT DO NOTHING;
INSERT INTO order_history (id, order_id, status, changed_at) VALUES (1759, 389, 'ready', NOW() - INTERVAL '63 days 0 hours' + INTERVAL '20 minutes') ON CONFLICT DO NOTHING;
INSERT INTO order_history (id, order_id, status, changed_at) VALUES (1760, 389, 'picked', NOW() - INTERVAL '63 days 0 hours' + INTERVAL '25 minutes') ON CONFLICT DO NOTHING;
INSERT INTO order_history (id, order_id, status, changed_at) VALUES (1761, 390, 'placed', NOW() - INTERVAL '73 days 2 hours') ON CONFLICT DO NOTHING;
INSERT INTO order_history (id, order_id, status, changed_at) VALUES (1762, 390, 'confirmed', NOW() - INTERVAL '73 days 2 hours' + INTERVAL '1 minute') ON CONFLICT DO NOTHING;
INSERT INTO order_history (id, order_id, status, changed_at) VALUES (1763, 390, 'preparing', NOW() - INTERVAL '73 days 2 hours' + INTERVAL '5 minutes') ON CONFLICT DO NOTHING;
INSERT INTO order_history (id, order_id, status, changed_at) VALUES (1764, 391, 'placed', NOW() - INTERVAL '61 days 17 hours') ON CONFLICT DO NOTHING;
INSERT INTO order_history (id, order_id, status, changed_at) VALUES (1765, 391, 'confirmed', NOW() - INTERVAL '61 days 17 hours' + INTERVAL '1 minute') ON CONFLICT DO NOTHING;
INSERT INTO order_history (id, order_id, status, changed_at) VALUES (1766, 391, 'preparing', NOW() - INTERVAL '61 days 17 hours' + INTERVAL '5 minutes') ON CONFLICT DO NOTHING;
INSERT INTO order_history (id, order_id, status, changed_at) VALUES (1767, 392, 'placed', NOW() - INTERVAL '70 days 23 hours') ON CONFLICT DO NOTHING;
INSERT INTO order_history (id, order_id, status, changed_at) VALUES (1768, 392, 'confirmed', NOW() - INTERVAL '70 days 23 hours' + INTERVAL '1 minute') ON CONFLICT DO NOTHING;
INSERT INTO order_history (id, order_id, status, changed_at) VALUES (1769, 392, 'preparing', NOW() - INTERVAL '70 days 23 hours' + INTERVAL '5 minutes') ON CONFLICT DO NOTHING;
INSERT INTO order_history (id, order_id, status, changed_at) VALUES (1770, 392, 'ready', NOW() - INTERVAL '70 days 23 hours' + INTERVAL '20 minutes') ON CONFLICT DO NOTHING;
INSERT INTO order_history (id, order_id, status, changed_at) VALUES (1771, 392, 'picked', NOW() - INTERVAL '70 days 23 hours' + INTERVAL '25 minutes') ON CONFLICT DO NOTHING;
INSERT INTO order_history (id, order_id, status, changed_at) VALUES (1772, 393, 'placed', NOW() - INTERVAL '67 days 14 hours') ON CONFLICT DO NOTHING;
INSERT INTO order_history (id, order_id, status, changed_at) VALUES (1773, 393, 'confirmed', NOW() - INTERVAL '67 days 14 hours' + INTERVAL '1 minute') ON CONFLICT DO NOTHING;
INSERT INTO order_history (id, order_id, status, changed_at) VALUES (1774, 393, 'preparing', NOW() - INTERVAL '67 days 14 hours' + INTERVAL '5 minutes') ON CONFLICT DO NOTHING;
INSERT INTO order_history (id, order_id, status, changed_at) VALUES (1775, 393, 'ready', NOW() - INTERVAL '67 days 14 hours' + INTERVAL '20 minutes') ON CONFLICT DO NOTHING;
INSERT INTO order_history (id, order_id, status, changed_at) VALUES (1776, 394, 'placed', NOW() - INTERVAL '71 days 7 hours') ON CONFLICT DO NOTHING;
INSERT INTO order_history (id, order_id, status, changed_at) VALUES (1777, 394, 'confirmed', NOW() - INTERVAL '71 days 7 hours' + INTERVAL '1 minute') ON CONFLICT DO NOTHING;
INSERT INTO order_history (id, order_id, status, changed_at) VALUES (1778, 394, 'preparing', NOW() - INTERVAL '71 days 7 hours' + INTERVAL '5 minutes') ON CONFLICT DO NOTHING;
INSERT INTO order_history (id, order_id, status, changed_at) VALUES (1779, 395, 'placed', NOW() - INTERVAL '9 days 1 hours') ON CONFLICT DO NOTHING;
INSERT INTO order_history (id, order_id, status, changed_at) VALUES (1780, 395, 'confirmed', NOW() - INTERVAL '9 days 1 hours' + INTERVAL '1 minute') ON CONFLICT DO NOTHING;
INSERT INTO order_history (id, order_id, status, changed_at) VALUES (1781, 395, 'preparing', NOW() - INTERVAL '9 days 1 hours' + INTERVAL '5 minutes') ON CONFLICT DO NOTHING;
INSERT INTO order_history (id, order_id, status, changed_at) VALUES (1782, 396, 'placed', NOW() - INTERVAL '28 days 17 hours') ON CONFLICT DO NOTHING;
INSERT INTO order_history (id, order_id, status, changed_at) VALUES (1783, 396, 'confirmed', NOW() - INTERVAL '28 days 17 hours' + INTERVAL '1 minute') ON CONFLICT DO NOTHING;
INSERT INTO order_history (id, order_id, status, changed_at) VALUES (1784, 396, 'preparing', NOW() - INTERVAL '28 days 17 hours' + INTERVAL '5 minutes') ON CONFLICT DO NOTHING;
INSERT INTO order_history (id, order_id, status, changed_at) VALUES (1785, 396, 'ready', NOW() - INTERVAL '28 days 17 hours' + INTERVAL '20 minutes') ON CONFLICT DO NOTHING;
INSERT INTO order_history (id, order_id, status, changed_at) VALUES (1786, 396, 'picked', NOW() - INTERVAL '28 days 17 hours' + INTERVAL '25 minutes') ON CONFLICT DO NOTHING;
INSERT INTO order_history (id, order_id, status, changed_at) VALUES (1787, 397, 'placed', NOW() - INTERVAL '13 days 21 hours') ON CONFLICT DO NOTHING;
INSERT INTO order_history (id, order_id, status, changed_at) VALUES (1788, 397, 'confirmed', NOW() - INTERVAL '13 days 21 hours' + INTERVAL '1 minute') ON CONFLICT DO NOTHING;
INSERT INTO order_history (id, order_id, status, changed_at) VALUES (1789, 397, 'preparing', NOW() - INTERVAL '13 days 21 hours' + INTERVAL '5 minutes') ON CONFLICT DO NOTHING;
INSERT INTO order_history (id, order_id, status, changed_at) VALUES (1790, 398, 'placed', NOW() - INTERVAL '7 days 21 hours') ON CONFLICT DO NOTHING;
INSERT INTO order_history (id, order_id, status, changed_at) VALUES (1791, 398, 'confirmed', NOW() - INTERVAL '7 days 21 hours' + INTERVAL '1 minute') ON CONFLICT DO NOTHING;
INSERT INTO order_history (id, order_id, status, changed_at) VALUES (1792, 398, 'preparing', NOW() - INTERVAL '7 days 21 hours' + INTERVAL '5 minutes') ON CONFLICT DO NOTHING;
INSERT INTO order_history (id, order_id, status, changed_at) VALUES (1793, 398, 'ready', NOW() - INTERVAL '7 days 21 hours' + INTERVAL '20 minutes') ON CONFLICT DO NOTHING;
INSERT INTO order_history (id, order_id, status, changed_at) VALUES (1794, 398, 'picked', NOW() - INTERVAL '7 days 21 hours' + INTERVAL '25 minutes') ON CONFLICT DO NOTHING;
INSERT INTO order_history (id, order_id, status, changed_at) VALUES (1795, 399, 'placed', NOW() - INTERVAL '14 days 7 hours') ON CONFLICT DO NOTHING;
INSERT INTO order_history (id, order_id, status, changed_at) VALUES (1796, 399, 'confirmed', NOW() - INTERVAL '14 days 7 hours' + INTERVAL '1 minute') ON CONFLICT DO NOTHING;
INSERT INTO order_history (id, order_id, status, changed_at) VALUES (1797, 399, 'preparing', NOW() - INTERVAL '14 days 7 hours' + INTERVAL '5 minutes') ON CONFLICT DO NOTHING;
INSERT INTO order_history (id, order_id, status, changed_at) VALUES (1798, 399, 'ready', NOW() - INTERVAL '14 days 7 hours' + INTERVAL '20 minutes') ON CONFLICT DO NOTHING;
INSERT INTO order_history (id, order_id, status, changed_at) VALUES (1799, 399, 'picked', NOW() - INTERVAL '14 days 7 hours' + INTERVAL '25 minutes') ON CONFLICT DO NOTHING;
INSERT INTO order_history (id, order_id, status, changed_at) VALUES (1800, 400, 'placed', NOW() - INTERVAL '36 days 14 hours') ON CONFLICT DO NOTHING;
INSERT INTO order_history (id, order_id, status, changed_at) VALUES (1801, 400, 'confirmed', NOW() - INTERVAL '36 days 14 hours' + INTERVAL '1 minute') ON CONFLICT DO NOTHING;
INSERT INTO order_history (id, order_id, status, changed_at) VALUES (1802, 400, 'preparing', NOW() - INTERVAL '36 days 14 hours' + INTERVAL '5 minutes') ON CONFLICT DO NOTHING;
INSERT INTO order_history (id, order_id, status, changed_at) VALUES (1803, 400, 'ready', NOW() - INTERVAL '36 days 14 hours' + INTERVAL '20 minutes') ON CONFLICT DO NOTHING;
INSERT INTO order_history (id, order_id, status, changed_at) VALUES (1804, 401, 'placed', NOW() - INTERVAL '70 days 0 hours') ON CONFLICT DO NOTHING;
INSERT INTO order_history (id, order_id, status, changed_at) VALUES (1805, 401, 'confirmed', NOW() - INTERVAL '70 days 0 hours' + INTERVAL '1 minute') ON CONFLICT DO NOTHING;
INSERT INTO order_history (id, order_id, status, changed_at) VALUES (1806, 401, 'preparing', NOW() - INTERVAL '70 days 0 hours' + INTERVAL '5 minutes') ON CONFLICT DO NOTHING;
INSERT INTO order_history (id, order_id, status, changed_at) VALUES (1807, 402, 'placed', NOW() - INTERVAL '52 days 1 hours') ON CONFLICT DO NOTHING;
INSERT INTO order_history (id, order_id, status, changed_at) VALUES (1808, 402, 'confirmed', NOW() - INTERVAL '52 days 1 hours' + INTERVAL '1 minute') ON CONFLICT DO NOTHING;
INSERT INTO order_history (id, order_id, status, changed_at) VALUES (1809, 402, 'preparing', NOW() - INTERVAL '52 days 1 hours' + INTERVAL '5 minutes') ON CONFLICT DO NOTHING;
INSERT INTO order_history (id, order_id, status, changed_at) VALUES (1810, 402, 'ready', NOW() - INTERVAL '52 days 1 hours' + INTERVAL '20 minutes') ON CONFLICT DO NOTHING;
INSERT INTO order_history (id, order_id, status, changed_at) VALUES (1811, 403, 'placed', NOW() - INTERVAL '59 days 9 hours') ON CONFLICT DO NOTHING;
INSERT INTO order_history (id, order_id, status, changed_at) VALUES (1812, 403, 'confirmed', NOW() - INTERVAL '59 days 9 hours' + INTERVAL '1 minute') ON CONFLICT DO NOTHING;
INSERT INTO order_history (id, order_id, status, changed_at) VALUES (1813, 403, 'preparing', NOW() - INTERVAL '59 days 9 hours' + INTERVAL '5 minutes') ON CONFLICT DO NOTHING;
INSERT INTO order_history (id, order_id, status, changed_at) VALUES (1814, 403, 'ready', NOW() - INTERVAL '59 days 9 hours' + INTERVAL '20 minutes') ON CONFLICT DO NOTHING;
INSERT INTO order_history (id, order_id, status, changed_at) VALUES (1815, 403, 'picked', NOW() - INTERVAL '59 days 9 hours' + INTERVAL '25 minutes') ON CONFLICT DO NOTHING;
INSERT INTO order_history (id, order_id, status, changed_at) VALUES (1816, 404, 'placed', NOW() - INTERVAL '8 days 18 hours') ON CONFLICT DO NOTHING;
INSERT INTO order_history (id, order_id, status, changed_at) VALUES (1817, 404, 'confirmed', NOW() - INTERVAL '8 days 18 hours' + INTERVAL '1 minute') ON CONFLICT DO NOTHING;
INSERT INTO order_history (id, order_id, status, changed_at) VALUES (1818, 404, 'preparing', NOW() - INTERVAL '8 days 18 hours' + INTERVAL '5 minutes') ON CONFLICT DO NOTHING;
INSERT INTO order_history (id, order_id, status, changed_at) VALUES (1819, 405, 'placed', NOW() - INTERVAL '68 days 5 hours') ON CONFLICT DO NOTHING;
INSERT INTO order_history (id, order_id, status, changed_at) VALUES (1820, 405, 'confirmed', NOW() - INTERVAL '68 days 5 hours' + INTERVAL '1 minute') ON CONFLICT DO NOTHING;
INSERT INTO order_history (id, order_id, status, changed_at) VALUES (1821, 405, 'preparing', NOW() - INTERVAL '68 days 5 hours' + INTERVAL '5 minutes') ON CONFLICT DO NOTHING;
INSERT INTO order_history (id, order_id, status, changed_at) VALUES (1822, 405, 'ready', NOW() - INTERVAL '68 days 5 hours' + INTERVAL '20 minutes') ON CONFLICT DO NOTHING;
INSERT INTO order_history (id, order_id, status, changed_at) VALUES (1823, 406, 'placed', NOW() - INTERVAL '31 days 12 hours') ON CONFLICT DO NOTHING;
INSERT INTO order_history (id, order_id, status, changed_at) VALUES (1824, 406, 'confirmed', NOW() - INTERVAL '31 days 12 hours' + INTERVAL '1 minute') ON CONFLICT DO NOTHING;
INSERT INTO order_history (id, order_id, status, changed_at) VALUES (1825, 406, 'preparing', NOW() - INTERVAL '31 days 12 hours' + INTERVAL '5 minutes') ON CONFLICT DO NOTHING;
INSERT INTO order_history (id, order_id, status, changed_at) VALUES (1826, 407, 'placed', NOW() - INTERVAL '54 days 21 hours') ON CONFLICT DO NOTHING;
INSERT INTO order_history (id, order_id, status, changed_at) VALUES (1827, 407, 'confirmed', NOW() - INTERVAL '54 days 21 hours' + INTERVAL '1 minute') ON CONFLICT DO NOTHING;
INSERT INTO order_history (id, order_id, status, changed_at) VALUES (1828, 407, 'preparing', NOW() - INTERVAL '54 days 21 hours' + INTERVAL '5 minutes') ON CONFLICT DO NOTHING;
INSERT INTO order_history (id, order_id, status, changed_at) VALUES (1829, 407, 'ready', NOW() - INTERVAL '54 days 21 hours' + INTERVAL '20 minutes') ON CONFLICT DO NOTHING;
INSERT INTO order_history (id, order_id, status, changed_at) VALUES (1830, 407, 'picked', NOW() - INTERVAL '54 days 21 hours' + INTERVAL '25 minutes') ON CONFLICT DO NOTHING;
INSERT INTO order_history (id, order_id, status, changed_at) VALUES (1831, 408, 'placed', NOW() - INTERVAL '34 days 12 hours') ON CONFLICT DO NOTHING;
INSERT INTO order_history (id, order_id, status, changed_at) VALUES (1832, 408, 'confirmed', NOW() - INTERVAL '34 days 12 hours' + INTERVAL '1 minute') ON CONFLICT DO NOTHING;
INSERT INTO order_history (id, order_id, status, changed_at) VALUES (1833, 408, 'preparing', NOW() - INTERVAL '34 days 12 hours' + INTERVAL '5 minutes') ON CONFLICT DO NOTHING;
INSERT INTO order_history (id, order_id, status, changed_at) VALUES (1834, 408, 'ready', NOW() - INTERVAL '34 days 12 hours' + INTERVAL '20 minutes') ON CONFLICT DO NOTHING;
INSERT INTO order_history (id, order_id, status, changed_at) VALUES (1835, 409, 'placed', NOW() - INTERVAL '80 days 18 hours') ON CONFLICT DO NOTHING;
INSERT INTO order_history (id, order_id, status, changed_at) VALUES (1836, 409, 'confirmed', NOW() - INTERVAL '80 days 18 hours' + INTERVAL '1 minute') ON CONFLICT DO NOTHING;
INSERT INTO order_history (id, order_id, status, changed_at) VALUES (1837, 409, 'preparing', NOW() - INTERVAL '80 days 18 hours' + INTERVAL '5 minutes') ON CONFLICT DO NOTHING;
INSERT INTO order_history (id, order_id, status, changed_at) VALUES (1838, 410, 'placed', NOW() - INTERVAL '45 days 2 hours') ON CONFLICT DO NOTHING;
INSERT INTO order_history (id, order_id, status, changed_at) VALUES (1839, 410, 'confirmed', NOW() - INTERVAL '45 days 2 hours' + INTERVAL '1 minute') ON CONFLICT DO NOTHING;
INSERT INTO order_history (id, order_id, status, changed_at) VALUES (1840, 410, 'preparing', NOW() - INTERVAL '45 days 2 hours' + INTERVAL '5 minutes') ON CONFLICT DO NOTHING;
INSERT INTO order_history (id, order_id, status, changed_at) VALUES (1841, 411, 'placed', NOW() - INTERVAL '39 days 19 hours') ON CONFLICT DO NOTHING;
INSERT INTO order_history (id, order_id, status, changed_at) VALUES (1842, 411, 'confirmed', NOW() - INTERVAL '39 days 19 hours' + INTERVAL '1 minute') ON CONFLICT DO NOTHING;
INSERT INTO order_history (id, order_id, status, changed_at) VALUES (1843, 411, 'preparing', NOW() - INTERVAL '39 days 19 hours' + INTERVAL '5 minutes') ON CONFLICT DO NOTHING;
INSERT INTO order_history (id, order_id, status, changed_at) VALUES (1844, 411, 'ready', NOW() - INTERVAL '39 days 19 hours' + INTERVAL '20 minutes') ON CONFLICT DO NOTHING;
INSERT INTO order_history (id, order_id, status, changed_at) VALUES (1845, 411, 'picked', NOW() - INTERVAL '39 days 19 hours' + INTERVAL '25 minutes') ON CONFLICT DO NOTHING;
INSERT INTO order_history (id, order_id, status, changed_at) VALUES (1846, 412, 'placed', NOW() - INTERVAL '14 days 23 hours') ON CONFLICT DO NOTHING;
INSERT INTO order_history (id, order_id, status, changed_at) VALUES (1847, 412, 'confirmed', NOW() - INTERVAL '14 days 23 hours' + INTERVAL '1 minute') ON CONFLICT DO NOTHING;
INSERT INTO order_history (id, order_id, status, changed_at) VALUES (1848, 412, 'preparing', NOW() - INTERVAL '14 days 23 hours' + INTERVAL '5 minutes') ON CONFLICT DO NOTHING;
INSERT INTO order_history (id, order_id, status, changed_at) VALUES (1849, 413, 'placed', NOW() - INTERVAL '27 days 21 hours') ON CONFLICT DO NOTHING;
INSERT INTO order_history (id, order_id, status, changed_at) VALUES (1850, 413, 'confirmed', NOW() - INTERVAL '27 days 21 hours' + INTERVAL '1 minute') ON CONFLICT DO NOTHING;
INSERT INTO order_history (id, order_id, status, changed_at) VALUES (1851, 413, 'preparing', NOW() - INTERVAL '27 days 21 hours' + INTERVAL '5 minutes') ON CONFLICT DO NOTHING;
INSERT INTO order_history (id, order_id, status, changed_at) VALUES (1852, 413, 'ready', NOW() - INTERVAL '27 days 21 hours' + INTERVAL '20 minutes') ON CONFLICT DO NOTHING;
INSERT INTO order_history (id, order_id, status, changed_at) VALUES (1853, 413, 'picked', NOW() - INTERVAL '27 days 21 hours' + INTERVAL '25 minutes') ON CONFLICT DO NOTHING;
INSERT INTO order_history (id, order_id, status, changed_at) VALUES (1854, 414, 'placed', NOW() - INTERVAL '36 days 1 hours') ON CONFLICT DO NOTHING;
INSERT INTO order_history (id, order_id, status, changed_at) VALUES (1855, 414, 'confirmed', NOW() - INTERVAL '36 days 1 hours' + INTERVAL '1 minute') ON CONFLICT DO NOTHING;
INSERT INTO order_history (id, order_id, status, changed_at) VALUES (1856, 414, 'preparing', NOW() - INTERVAL '36 days 1 hours' + INTERVAL '5 minutes') ON CONFLICT DO NOTHING;
INSERT INTO order_history (id, order_id, status, changed_at) VALUES (1857, 414, 'ready', NOW() - INTERVAL '36 days 1 hours' + INTERVAL '20 minutes') ON CONFLICT DO NOTHING;
INSERT INTO order_history (id, order_id, status, changed_at) VALUES (1858, 414, 'picked', NOW() - INTERVAL '36 days 1 hours' + INTERVAL '25 minutes') ON CONFLICT DO NOTHING;
INSERT INTO order_history (id, order_id, status, changed_at) VALUES (1859, 415, 'placed', NOW() - INTERVAL '21 days 23 hours') ON CONFLICT DO NOTHING;
INSERT INTO order_history (id, order_id, status, changed_at) VALUES (1860, 415, 'confirmed', NOW() - INTERVAL '21 days 23 hours' + INTERVAL '1 minute') ON CONFLICT DO NOTHING;
INSERT INTO order_history (id, order_id, status, changed_at) VALUES (1861, 415, 'preparing', NOW() - INTERVAL '21 days 23 hours' + INTERVAL '5 minutes') ON CONFLICT DO NOTHING;
INSERT INTO order_history (id, order_id, status, changed_at) VALUES (1862, 415, 'ready', NOW() - INTERVAL '21 days 23 hours' + INTERVAL '20 minutes') ON CONFLICT DO NOTHING;
INSERT INTO order_history (id, order_id, status, changed_at) VALUES (1863, 415, 'picked', NOW() - INTERVAL '21 days 23 hours' + INTERVAL '25 minutes') ON CONFLICT DO NOTHING;
INSERT INTO order_history (id, order_id, status, changed_at) VALUES (1864, 416, 'placed', NOW() - INTERVAL '20 days 17 hours') ON CONFLICT DO NOTHING;
INSERT INTO order_history (id, order_id, status, changed_at) VALUES (1865, 416, 'confirmed', NOW() - INTERVAL '20 days 17 hours' + INTERVAL '1 minute') ON CONFLICT DO NOTHING;
INSERT INTO order_history (id, order_id, status, changed_at) VALUES (1866, 416, 'preparing', NOW() - INTERVAL '20 days 17 hours' + INTERVAL '5 minutes') ON CONFLICT DO NOTHING;
INSERT INTO order_history (id, order_id, status, changed_at) VALUES (1867, 417, 'placed', NOW() - INTERVAL '6 days 9 hours') ON CONFLICT DO NOTHING;
INSERT INTO order_history (id, order_id, status, changed_at) VALUES (1868, 417, 'confirmed', NOW() - INTERVAL '6 days 9 hours' + INTERVAL '1 minute') ON CONFLICT DO NOTHING;
INSERT INTO order_history (id, order_id, status, changed_at) VALUES (1869, 417, 'preparing', NOW() - INTERVAL '6 days 9 hours' + INTERVAL '5 minutes') ON CONFLICT DO NOTHING;
INSERT INTO order_history (id, order_id, status, changed_at) VALUES (1870, 417, 'ready', NOW() - INTERVAL '6 days 9 hours' + INTERVAL '20 minutes') ON CONFLICT DO NOTHING;
INSERT INTO order_history (id, order_id, status, changed_at) VALUES (1871, 418, 'placed', NOW() - INTERVAL '14 days 11 hours') ON CONFLICT DO NOTHING;
INSERT INTO order_history (id, order_id, status, changed_at) VALUES (1872, 418, 'confirmed', NOW() - INTERVAL '14 days 11 hours' + INTERVAL '1 minute') ON CONFLICT DO NOTHING;
INSERT INTO order_history (id, order_id, status, changed_at) VALUES (1873, 418, 'preparing', NOW() - INTERVAL '14 days 11 hours' + INTERVAL '5 minutes') ON CONFLICT DO NOTHING;
INSERT INTO order_history (id, order_id, status, changed_at) VALUES (1874, 419, 'placed', NOW() - INTERVAL '4 days 5 hours') ON CONFLICT DO NOTHING;
INSERT INTO order_history (id, order_id, status, changed_at) VALUES (1875, 419, 'confirmed', NOW() - INTERVAL '4 days 5 hours' + INTERVAL '1 minute') ON CONFLICT DO NOTHING;
INSERT INTO order_history (id, order_id, status, changed_at) VALUES (1876, 419, 'preparing', NOW() - INTERVAL '4 days 5 hours' + INTERVAL '5 minutes') ON CONFLICT DO NOTHING;
INSERT INTO order_history (id, order_id, status, changed_at) VALUES (1877, 419, 'ready', NOW() - INTERVAL '4 days 5 hours' + INTERVAL '20 minutes') ON CONFLICT DO NOTHING;
INSERT INTO order_history (id, order_id, status, changed_at) VALUES (1878, 419, 'picked', NOW() - INTERVAL '4 days 5 hours' + INTERVAL '25 minutes') ON CONFLICT DO NOTHING;
INSERT INTO order_history (id, order_id, status, changed_at) VALUES (1879, 420, 'placed', NOW() - INTERVAL '35 days 5 hours') ON CONFLICT DO NOTHING;
INSERT INTO order_history (id, order_id, status, changed_at) VALUES (1880, 420, 'confirmed', NOW() - INTERVAL '35 days 5 hours' + INTERVAL '1 minute') ON CONFLICT DO NOTHING;
INSERT INTO order_history (id, order_id, status, changed_at) VALUES (1881, 420, 'preparing', NOW() - INTERVAL '35 days 5 hours' + INTERVAL '5 minutes') ON CONFLICT DO NOTHING;
INSERT INTO order_history (id, order_id, status, changed_at) VALUES (1882, 420, 'ready', NOW() - INTERVAL '35 days 5 hours' + INTERVAL '20 minutes') ON CONFLICT DO NOTHING;
INSERT INTO order_history (id, order_id, status, changed_at) VALUES (1883, 420, 'picked', NOW() - INTERVAL '35 days 5 hours' + INTERVAL '25 minutes') ON CONFLICT DO NOTHING;
INSERT INTO order_history (id, order_id, status, changed_at) VALUES (1884, 421, 'placed', NOW() - INTERVAL '59 days 11 hours') ON CONFLICT DO NOTHING;
INSERT INTO order_history (id, order_id, status, changed_at) VALUES (1885, 421, 'confirmed', NOW() - INTERVAL '59 days 11 hours' + INTERVAL '1 minute') ON CONFLICT DO NOTHING;
INSERT INTO order_history (id, order_id, status, changed_at) VALUES (1886, 421, 'preparing', NOW() - INTERVAL '59 days 11 hours' + INTERVAL '5 minutes') ON CONFLICT DO NOTHING;
INSERT INTO order_history (id, order_id, status, changed_at) VALUES (1887, 422, 'placed', NOW() - INTERVAL '43 days 8 hours') ON CONFLICT DO NOTHING;
INSERT INTO order_history (id, order_id, status, changed_at) VALUES (1888, 422, 'confirmed', NOW() - INTERVAL '43 days 8 hours' + INTERVAL '1 minute') ON CONFLICT DO NOTHING;
INSERT INTO order_history (id, order_id, status, changed_at) VALUES (1889, 422, 'preparing', NOW() - INTERVAL '43 days 8 hours' + INTERVAL '5 minutes') ON CONFLICT DO NOTHING;
INSERT INTO order_history (id, order_id, status, changed_at) VALUES (1890, 423, 'placed', NOW() - INTERVAL '69 days 10 hours') ON CONFLICT DO NOTHING;
INSERT INTO order_history (id, order_id, status, changed_at) VALUES (1891, 423, 'confirmed', NOW() - INTERVAL '69 days 10 hours' + INTERVAL '1 minute') ON CONFLICT DO NOTHING;
INSERT INTO order_history (id, order_id, status, changed_at) VALUES (1892, 423, 'preparing', NOW() - INTERVAL '69 days 10 hours' + INTERVAL '5 minutes') ON CONFLICT DO NOTHING;
INSERT INTO order_history (id, order_id, status, changed_at) VALUES (1893, 423, 'ready', NOW() - INTERVAL '69 days 10 hours' + INTERVAL '20 minutes') ON CONFLICT DO NOTHING;
INSERT INTO order_history (id, order_id, status, changed_at) VALUES (1894, 424, 'placed', NOW() - INTERVAL '34 days 1 hours') ON CONFLICT DO NOTHING;
INSERT INTO order_history (id, order_id, status, changed_at) VALUES (1895, 424, 'confirmed', NOW() - INTERVAL '34 days 1 hours' + INTERVAL '1 minute') ON CONFLICT DO NOTHING;
INSERT INTO order_history (id, order_id, status, changed_at) VALUES (1896, 424, 'preparing', NOW() - INTERVAL '34 days 1 hours' + INTERVAL '5 minutes') ON CONFLICT DO NOTHING;
INSERT INTO order_history (id, order_id, status, changed_at) VALUES (1897, 424, 'ready', NOW() - INTERVAL '34 days 1 hours' + INTERVAL '20 minutes') ON CONFLICT DO NOTHING;
INSERT INTO order_history (id, order_id, status, changed_at) VALUES (1898, 424, 'picked', NOW() - INTERVAL '34 days 1 hours' + INTERVAL '25 minutes') ON CONFLICT DO NOTHING;
INSERT INTO order_history (id, order_id, status, changed_at) VALUES (1899, 425, 'placed', NOW() - INTERVAL '66 days 3 hours') ON CONFLICT DO NOTHING;
INSERT INTO order_history (id, order_id, status, changed_at) VALUES (1900, 425, 'confirmed', NOW() - INTERVAL '66 days 3 hours' + INTERVAL '1 minute') ON CONFLICT DO NOTHING;
INSERT INTO order_history (id, order_id, status, changed_at) VALUES (1901, 425, 'preparing', NOW() - INTERVAL '66 days 3 hours' + INTERVAL '5 minutes') ON CONFLICT DO NOTHING;
INSERT INTO order_history (id, order_id, status, changed_at) VALUES (1902, 425, 'ready', NOW() - INTERVAL '66 days 3 hours' + INTERVAL '20 minutes') ON CONFLICT DO NOTHING;
INSERT INTO order_history (id, order_id, status, changed_at) VALUES (1903, 426, 'placed', NOW() - INTERVAL '67 days 17 hours') ON CONFLICT DO NOTHING;
INSERT INTO order_history (id, order_id, status, changed_at) VALUES (1904, 426, 'confirmed', NOW() - INTERVAL '67 days 17 hours' + INTERVAL '1 minute') ON CONFLICT DO NOTHING;
INSERT INTO order_history (id, order_id, status, changed_at) VALUES (1905, 426, 'preparing', NOW() - INTERVAL '67 days 17 hours' + INTERVAL '5 minutes') ON CONFLICT DO NOTHING;
INSERT INTO order_history (id, order_id, status, changed_at) VALUES (1906, 426, 'ready', NOW() - INTERVAL '67 days 17 hours' + INTERVAL '20 minutes') ON CONFLICT DO NOTHING;
INSERT INTO order_history (id, order_id, status, changed_at) VALUES (1907, 427, 'placed', NOW() - INTERVAL '80 days 10 hours') ON CONFLICT DO NOTHING;
INSERT INTO order_history (id, order_id, status, changed_at) VALUES (1908, 427, 'confirmed', NOW() - INTERVAL '80 days 10 hours' + INTERVAL '1 minute') ON CONFLICT DO NOTHING;
INSERT INTO order_history (id, order_id, status, changed_at) VALUES (1909, 427, 'preparing', NOW() - INTERVAL '80 days 10 hours' + INTERVAL '5 minutes') ON CONFLICT DO NOTHING;
INSERT INTO order_history (id, order_id, status, changed_at) VALUES (1910, 427, 'ready', NOW() - INTERVAL '80 days 10 hours' + INTERVAL '20 minutes') ON CONFLICT DO NOTHING;
INSERT INTO order_history (id, order_id, status, changed_at) VALUES (1911, 427, 'picked', NOW() - INTERVAL '80 days 10 hours' + INTERVAL '25 minutes') ON CONFLICT DO NOTHING;
INSERT INTO order_history (id, order_id, status, changed_at) VALUES (1912, 428, 'placed', NOW() - INTERVAL '52 days 22 hours') ON CONFLICT DO NOTHING;
INSERT INTO order_history (id, order_id, status, changed_at) VALUES (1913, 428, 'confirmed', NOW() - INTERVAL '52 days 22 hours' + INTERVAL '1 minute') ON CONFLICT DO NOTHING;
INSERT INTO order_history (id, order_id, status, changed_at) VALUES (1914, 428, 'preparing', NOW() - INTERVAL '52 days 22 hours' + INTERVAL '5 minutes') ON CONFLICT DO NOTHING;
INSERT INTO order_history (id, order_id, status, changed_at) VALUES (1915, 428, 'ready', NOW() - INTERVAL '52 days 22 hours' + INTERVAL '20 minutes') ON CONFLICT DO NOTHING;
INSERT INTO order_history (id, order_id, status, changed_at) VALUES (1916, 429, 'placed', NOW() - INTERVAL '23 days 19 hours') ON CONFLICT DO NOTHING;
INSERT INTO order_history (id, order_id, status, changed_at) VALUES (1917, 429, 'confirmed', NOW() - INTERVAL '23 days 19 hours' + INTERVAL '1 minute') ON CONFLICT DO NOTHING;
INSERT INTO order_history (id, order_id, status, changed_at) VALUES (1918, 429, 'preparing', NOW() - INTERVAL '23 days 19 hours' + INTERVAL '5 minutes') ON CONFLICT DO NOTHING;
INSERT INTO order_history (id, order_id, status, changed_at) VALUES (1919, 429, 'ready', NOW() - INTERVAL '23 days 19 hours' + INTERVAL '20 minutes') ON CONFLICT DO NOTHING;
INSERT INTO order_history (id, order_id, status, changed_at) VALUES (1920, 429, 'picked', NOW() - INTERVAL '23 days 19 hours' + INTERVAL '25 minutes') ON CONFLICT DO NOTHING;
INSERT INTO order_history (id, order_id, status, changed_at) VALUES (1921, 430, 'placed', NOW() - INTERVAL '56 days 18 hours') ON CONFLICT DO NOTHING;
INSERT INTO order_history (id, order_id, status, changed_at) VALUES (1922, 430, 'confirmed', NOW() - INTERVAL '56 days 18 hours' + INTERVAL '1 minute') ON CONFLICT DO NOTHING;
INSERT INTO order_history (id, order_id, status, changed_at) VALUES (1923, 430, 'preparing', NOW() - INTERVAL '56 days 18 hours' + INTERVAL '5 minutes') ON CONFLICT DO NOTHING;
INSERT INTO order_history (id, order_id, status, changed_at) VALUES (1924, 431, 'placed', NOW() - INTERVAL '61 days 23 hours') ON CONFLICT DO NOTHING;
INSERT INTO order_history (id, order_id, status, changed_at) VALUES (1925, 431, 'confirmed', NOW() - INTERVAL '61 days 23 hours' + INTERVAL '1 minute') ON CONFLICT DO NOTHING;
INSERT INTO order_history (id, order_id, status, changed_at) VALUES (1926, 431, 'preparing', NOW() - INTERVAL '61 days 23 hours' + INTERVAL '5 minutes') ON CONFLICT DO NOTHING;
INSERT INTO order_history (id, order_id, status, changed_at) VALUES (1927, 432, 'placed', NOW() - INTERVAL '43 days 2 hours') ON CONFLICT DO NOTHING;
INSERT INTO order_history (id, order_id, status, changed_at) VALUES (1928, 432, 'confirmed', NOW() - INTERVAL '43 days 2 hours' + INTERVAL '1 minute') ON CONFLICT DO NOTHING;
INSERT INTO order_history (id, order_id, status, changed_at) VALUES (1929, 432, 'preparing', NOW() - INTERVAL '43 days 2 hours' + INTERVAL '5 minutes') ON CONFLICT DO NOTHING;
INSERT INTO order_history (id, order_id, status, changed_at) VALUES (1930, 432, 'ready', NOW() - INTERVAL '43 days 2 hours' + INTERVAL '20 minutes') ON CONFLICT DO NOTHING;
INSERT INTO order_history (id, order_id, status, changed_at) VALUES (1931, 432, 'picked', NOW() - INTERVAL '43 days 2 hours' + INTERVAL '25 minutes') ON CONFLICT DO NOTHING;
INSERT INTO order_history (id, order_id, status, changed_at) VALUES (1932, 433, 'placed', NOW() - INTERVAL '32 days 15 hours') ON CONFLICT DO NOTHING;
INSERT INTO order_history (id, order_id, status, changed_at) VALUES (1933, 433, 'confirmed', NOW() - INTERVAL '32 days 15 hours' + INTERVAL '1 minute') ON CONFLICT DO NOTHING;
INSERT INTO order_history (id, order_id, status, changed_at) VALUES (1934, 433, 'preparing', NOW() - INTERVAL '32 days 15 hours' + INTERVAL '5 minutes') ON CONFLICT DO NOTHING;
INSERT INTO order_history (id, order_id, status, changed_at) VALUES (1935, 434, 'placed', NOW() - INTERVAL '50 days 15 hours') ON CONFLICT DO NOTHING;
INSERT INTO order_history (id, order_id, status, changed_at) VALUES (1936, 434, 'confirmed', NOW() - INTERVAL '50 days 15 hours' + INTERVAL '1 minute') ON CONFLICT DO NOTHING;
INSERT INTO order_history (id, order_id, status, changed_at) VALUES (1937, 434, 'preparing', NOW() - INTERVAL '50 days 15 hours' + INTERVAL '5 minutes') ON CONFLICT DO NOTHING;
INSERT INTO order_history (id, order_id, status, changed_at) VALUES (1938, 435, 'placed', NOW() - INTERVAL '14 days 13 hours') ON CONFLICT DO NOTHING;
INSERT INTO order_history (id, order_id, status, changed_at) VALUES (1939, 435, 'confirmed', NOW() - INTERVAL '14 days 13 hours' + INTERVAL '1 minute') ON CONFLICT DO NOTHING;
INSERT INTO order_history (id, order_id, status, changed_at) VALUES (1940, 435, 'preparing', NOW() - INTERVAL '14 days 13 hours' + INTERVAL '5 minutes') ON CONFLICT DO NOTHING;
INSERT INTO order_history (id, order_id, status, changed_at) VALUES (1941, 436, 'placed', NOW() - INTERVAL '32 days 3 hours') ON CONFLICT DO NOTHING;
INSERT INTO order_history (id, order_id, status, changed_at) VALUES (1942, 436, 'confirmed', NOW() - INTERVAL '32 days 3 hours' + INTERVAL '1 minute') ON CONFLICT DO NOTHING;
INSERT INTO order_history (id, order_id, status, changed_at) VALUES (1943, 436, 'preparing', NOW() - INTERVAL '32 days 3 hours' + INTERVAL '5 minutes') ON CONFLICT DO NOTHING;
INSERT INTO order_history (id, order_id, status, changed_at) VALUES (1944, 437, 'placed', NOW() - INTERVAL '77 days 10 hours') ON CONFLICT DO NOTHING;
INSERT INTO order_history (id, order_id, status, changed_at) VALUES (1945, 437, 'confirmed', NOW() - INTERVAL '77 days 10 hours' + INTERVAL '1 minute') ON CONFLICT DO NOTHING;
INSERT INTO order_history (id, order_id, status, changed_at) VALUES (1946, 437, 'preparing', NOW() - INTERVAL '77 days 10 hours' + INTERVAL '5 minutes') ON CONFLICT DO NOTHING;
INSERT INTO order_history (id, order_id, status, changed_at) VALUES (1947, 437, 'ready', NOW() - INTERVAL '77 days 10 hours' + INTERVAL '20 minutes') ON CONFLICT DO NOTHING;
INSERT INTO order_history (id, order_id, status, changed_at) VALUES (1948, 437, 'picked', NOW() - INTERVAL '77 days 10 hours' + INTERVAL '25 minutes') ON CONFLICT DO NOTHING;
INSERT INTO order_history (id, order_id, status, changed_at) VALUES (1949, 438, 'placed', NOW() - INTERVAL '61 days 14 hours') ON CONFLICT DO NOTHING;
INSERT INTO order_history (id, order_id, status, changed_at) VALUES (1950, 438, 'confirmed', NOW() - INTERVAL '61 days 14 hours' + INTERVAL '1 minute') ON CONFLICT DO NOTHING;
INSERT INTO order_history (id, order_id, status, changed_at) VALUES (1951, 438, 'preparing', NOW() - INTERVAL '61 days 14 hours' + INTERVAL '5 minutes') ON CONFLICT DO NOTHING;
INSERT INTO order_history (id, order_id, status, changed_at) VALUES (1952, 438, 'ready', NOW() - INTERVAL '61 days 14 hours' + INTERVAL '20 minutes') ON CONFLICT DO NOTHING;
INSERT INTO order_history (id, order_id, status, changed_at) VALUES (1953, 438, 'picked', NOW() - INTERVAL '61 days 14 hours' + INTERVAL '25 minutes') ON CONFLICT DO NOTHING;
INSERT INTO order_history (id, order_id, status, changed_at) VALUES (1954, 439, 'placed', NOW() - INTERVAL '31 days 8 hours') ON CONFLICT DO NOTHING;
INSERT INTO order_history (id, order_id, status, changed_at) VALUES (1955, 439, 'confirmed', NOW() - INTERVAL '31 days 8 hours' + INTERVAL '1 minute') ON CONFLICT DO NOTHING;
INSERT INTO order_history (id, order_id, status, changed_at) VALUES (1956, 439, 'preparing', NOW() - INTERVAL '31 days 8 hours' + INTERVAL '5 minutes') ON CONFLICT DO NOTHING;
INSERT INTO order_history (id, order_id, status, changed_at) VALUES (1957, 439, 'ready', NOW() - INTERVAL '31 days 8 hours' + INTERVAL '20 minutes') ON CONFLICT DO NOTHING;
INSERT INTO order_history (id, order_id, status, changed_at) VALUES (1958, 440, 'placed', NOW() - INTERVAL '41 days 17 hours') ON CONFLICT DO NOTHING;
INSERT INTO order_history (id, order_id, status, changed_at) VALUES (1959, 440, 'confirmed', NOW() - INTERVAL '41 days 17 hours' + INTERVAL '1 minute') ON CONFLICT DO NOTHING;
INSERT INTO order_history (id, order_id, status, changed_at) VALUES (1960, 440, 'preparing', NOW() - INTERVAL '41 days 17 hours' + INTERVAL '5 minutes') ON CONFLICT DO NOTHING;
INSERT INTO order_history (id, order_id, status, changed_at) VALUES (1961, 441, 'placed', NOW() - INTERVAL '28 days 2 hours') ON CONFLICT DO NOTHING;
INSERT INTO order_history (id, order_id, status, changed_at) VALUES (1962, 441, 'confirmed', NOW() - INTERVAL '28 days 2 hours' + INTERVAL '1 minute') ON CONFLICT DO NOTHING;
INSERT INTO order_history (id, order_id, status, changed_at) VALUES (1963, 441, 'preparing', NOW() - INTERVAL '28 days 2 hours' + INTERVAL '5 minutes') ON CONFLICT DO NOTHING;
INSERT INTO order_history (id, order_id, status, changed_at) VALUES (1964, 441, 'ready', NOW() - INTERVAL '28 days 2 hours' + INTERVAL '20 minutes') ON CONFLICT DO NOTHING;
INSERT INTO order_history (id, order_id, status, changed_at) VALUES (1965, 441, 'picked', NOW() - INTERVAL '28 days 2 hours' + INTERVAL '25 minutes') ON CONFLICT DO NOTHING;
INSERT INTO order_history (id, order_id, status, changed_at) VALUES (1966, 442, 'placed', NOW() - INTERVAL '27 days 13 hours') ON CONFLICT DO NOTHING;
INSERT INTO order_history (id, order_id, status, changed_at) VALUES (1967, 442, 'confirmed', NOW() - INTERVAL '27 days 13 hours' + INTERVAL '1 minute') ON CONFLICT DO NOTHING;
INSERT INTO order_history (id, order_id, status, changed_at) VALUES (1968, 442, 'preparing', NOW() - INTERVAL '27 days 13 hours' + INTERVAL '5 minutes') ON CONFLICT DO NOTHING;
INSERT INTO order_history (id, order_id, status, changed_at) VALUES (1969, 442, 'ready', NOW() - INTERVAL '27 days 13 hours' + INTERVAL '20 minutes') ON CONFLICT DO NOTHING;
INSERT INTO order_history (id, order_id, status, changed_at) VALUES (1970, 443, 'placed', NOW() - INTERVAL '46 days 9 hours') ON CONFLICT DO NOTHING;
INSERT INTO order_history (id, order_id, status, changed_at) VALUES (1971, 443, 'confirmed', NOW() - INTERVAL '46 days 9 hours' + INTERVAL '1 minute') ON CONFLICT DO NOTHING;
INSERT INTO order_history (id, order_id, status, changed_at) VALUES (1972, 443, 'preparing', NOW() - INTERVAL '46 days 9 hours' + INTERVAL '5 minutes') ON CONFLICT DO NOTHING;
INSERT INTO order_history (id, order_id, status, changed_at) VALUES (1973, 444, 'placed', NOW() - INTERVAL '78 days 7 hours') ON CONFLICT DO NOTHING;
INSERT INTO order_history (id, order_id, status, changed_at) VALUES (1974, 444, 'confirmed', NOW() - INTERVAL '78 days 7 hours' + INTERVAL '1 minute') ON CONFLICT DO NOTHING;
INSERT INTO order_history (id, order_id, status, changed_at) VALUES (1975, 444, 'preparing', NOW() - INTERVAL '78 days 7 hours' + INTERVAL '5 minutes') ON CONFLICT DO NOTHING;
INSERT INTO order_history (id, order_id, status, changed_at) VALUES (1976, 444, 'ready', NOW() - INTERVAL '78 days 7 hours' + INTERVAL '20 minutes') ON CONFLICT DO NOTHING;
INSERT INTO order_history (id, order_id, status, changed_at) VALUES (1977, 444, 'picked', NOW() - INTERVAL '78 days 7 hours' + INTERVAL '25 minutes') ON CONFLICT DO NOTHING;
INSERT INTO order_history (id, order_id, status, changed_at) VALUES (1978, 445, 'placed', NOW() - INTERVAL '44 days 21 hours') ON CONFLICT DO NOTHING;
INSERT INTO order_history (id, order_id, status, changed_at) VALUES (1979, 445, 'confirmed', NOW() - INTERVAL '44 days 21 hours' + INTERVAL '1 minute') ON CONFLICT DO NOTHING;
INSERT INTO order_history (id, order_id, status, changed_at) VALUES (1980, 445, 'preparing', NOW() - INTERVAL '44 days 21 hours' + INTERVAL '5 minutes') ON CONFLICT DO NOTHING;
INSERT INTO order_history (id, order_id, status, changed_at) VALUES (1981, 446, 'placed', NOW() - INTERVAL '51 days 18 hours') ON CONFLICT DO NOTHING;
INSERT INTO order_history (id, order_id, status, changed_at) VALUES (1982, 446, 'confirmed', NOW() - INTERVAL '51 days 18 hours' + INTERVAL '1 minute') ON CONFLICT DO NOTHING;
INSERT INTO order_history (id, order_id, status, changed_at) VALUES (1983, 446, 'preparing', NOW() - INTERVAL '51 days 18 hours' + INTERVAL '5 minutes') ON CONFLICT DO NOTHING;
INSERT INTO order_history (id, order_id, status, changed_at) VALUES (1984, 446, 'ready', NOW() - INTERVAL '51 days 18 hours' + INTERVAL '20 minutes') ON CONFLICT DO NOTHING;
INSERT INTO order_history (id, order_id, status, changed_at) VALUES (1985, 446, 'picked', NOW() - INTERVAL '51 days 18 hours' + INTERVAL '25 minutes') ON CONFLICT DO NOTHING;
INSERT INTO order_history (id, order_id, status, changed_at) VALUES (1986, 447, 'placed', NOW() - INTERVAL '24 days 1 hours') ON CONFLICT DO NOTHING;
INSERT INTO order_history (id, order_id, status, changed_at) VALUES (1987, 447, 'confirmed', NOW() - INTERVAL '24 days 1 hours' + INTERVAL '1 minute') ON CONFLICT DO NOTHING;
INSERT INTO order_history (id, order_id, status, changed_at) VALUES (1988, 447, 'preparing', NOW() - INTERVAL '24 days 1 hours' + INTERVAL '5 minutes') ON CONFLICT DO NOTHING;
INSERT INTO order_history (id, order_id, status, changed_at) VALUES (1989, 447, 'ready', NOW() - INTERVAL '24 days 1 hours' + INTERVAL '20 minutes') ON CONFLICT DO NOTHING;
INSERT INTO order_history (id, order_id, status, changed_at) VALUES (1990, 447, 'picked', NOW() - INTERVAL '24 days 1 hours' + INTERVAL '25 minutes') ON CONFLICT DO NOTHING;
INSERT INTO order_history (id, order_id, status, changed_at) VALUES (1991, 448, 'placed', NOW() - INTERVAL '49 days 8 hours') ON CONFLICT DO NOTHING;
INSERT INTO order_history (id, order_id, status, changed_at) VALUES (1992, 448, 'confirmed', NOW() - INTERVAL '49 days 8 hours' + INTERVAL '1 minute') ON CONFLICT DO NOTHING;
INSERT INTO order_history (id, order_id, status, changed_at) VALUES (1993, 448, 'preparing', NOW() - INTERVAL '49 days 8 hours' + INTERVAL '5 minutes') ON CONFLICT DO NOTHING;
INSERT INTO order_history (id, order_id, status, changed_at) VALUES (1994, 448, 'ready', NOW() - INTERVAL '49 days 8 hours' + INTERVAL '20 minutes') ON CONFLICT DO NOTHING;
INSERT INTO order_history (id, order_id, status, changed_at) VALUES (1995, 449, 'placed', NOW() - INTERVAL '7 days 11 hours') ON CONFLICT DO NOTHING;
INSERT INTO order_history (id, order_id, status, changed_at) VALUES (1996, 449, 'confirmed', NOW() - INTERVAL '7 days 11 hours' + INTERVAL '1 minute') ON CONFLICT DO NOTHING;
INSERT INTO order_history (id, order_id, status, changed_at) VALUES (1997, 449, 'preparing', NOW() - INTERVAL '7 days 11 hours' + INTERVAL '5 minutes') ON CONFLICT DO NOTHING;
INSERT INTO order_history (id, order_id, status, changed_at) VALUES (1998, 449, 'ready', NOW() - INTERVAL '7 days 11 hours' + INTERVAL '20 minutes') ON CONFLICT DO NOTHING;
INSERT INTO order_history (id, order_id, status, changed_at) VALUES (1999, 449, 'picked', NOW() - INTERVAL '7 days 11 hours' + INTERVAL '25 minutes') ON CONFLICT DO NOTHING;
INSERT INTO order_history (id, order_id, status, changed_at) VALUES (2000, 450, 'placed', NOW() - INTERVAL '26 days 0 hours') ON CONFLICT DO NOTHING;
INSERT INTO order_history (id, order_id, status, changed_at) VALUES (2001, 450, 'confirmed', NOW() - INTERVAL '26 days 0 hours' + INTERVAL '1 minute') ON CONFLICT DO NOTHING;
INSERT INTO order_history (id, order_id, status, changed_at) VALUES (2002, 450, 'preparing', NOW() - INTERVAL '26 days 0 hours' + INTERVAL '5 minutes') ON CONFLICT DO NOTHING;
INSERT INTO order_history (id, order_id, status, changed_at) VALUES (2003, 450, 'ready', NOW() - INTERVAL '26 days 0 hours' + INTERVAL '20 minutes') ON CONFLICT DO NOTHING;
INSERT INTO order_history (id, order_id, status, changed_at) VALUES (2004, 450, 'picked', NOW() - INTERVAL '26 days 0 hours' + INTERVAL '25 minutes') ON CONFLICT DO NOTHING;
INSERT INTO order_history (id, order_id, status, changed_at) VALUES (2005, 451, 'placed', NOW() - INTERVAL '28 days 14 hours') ON CONFLICT DO NOTHING;
INSERT INTO order_history (id, order_id, status, changed_at) VALUES (2006, 451, 'confirmed', NOW() - INTERVAL '28 days 14 hours' + INTERVAL '1 minute') ON CONFLICT DO NOTHING;
INSERT INTO order_history (id, order_id, status, changed_at) VALUES (2007, 451, 'preparing', NOW() - INTERVAL '28 days 14 hours' + INTERVAL '5 minutes') ON CONFLICT DO NOTHING;
INSERT INTO order_history (id, order_id, status, changed_at) VALUES (2008, 452, 'placed', NOW() - INTERVAL '15 days 5 hours') ON CONFLICT DO NOTHING;
INSERT INTO order_history (id, order_id, status, changed_at) VALUES (2009, 452, 'confirmed', NOW() - INTERVAL '15 days 5 hours' + INTERVAL '1 minute') ON CONFLICT DO NOTHING;
INSERT INTO order_history (id, order_id, status, changed_at) VALUES (2010, 452, 'preparing', NOW() - INTERVAL '15 days 5 hours' + INTERVAL '5 minutes') ON CONFLICT DO NOTHING;
INSERT INTO order_history (id, order_id, status, changed_at) VALUES (2011, 452, 'ready', NOW() - INTERVAL '15 days 5 hours' + INTERVAL '20 minutes') ON CONFLICT DO NOTHING;
INSERT INTO order_history (id, order_id, status, changed_at) VALUES (2012, 452, 'picked', NOW() - INTERVAL '15 days 5 hours' + INTERVAL '25 minutes') ON CONFLICT DO NOTHING;
INSERT INTO order_history (id, order_id, status, changed_at) VALUES (2013, 453, 'placed', NOW() - INTERVAL '49 days 12 hours') ON CONFLICT DO NOTHING;
INSERT INTO order_history (id, order_id, status, changed_at) VALUES (2014, 453, 'confirmed', NOW() - INTERVAL '49 days 12 hours' + INTERVAL '1 minute') ON CONFLICT DO NOTHING;
INSERT INTO order_history (id, order_id, status, changed_at) VALUES (2015, 453, 'preparing', NOW() - INTERVAL '49 days 12 hours' + INTERVAL '5 minutes') ON CONFLICT DO NOTHING;
INSERT INTO order_history (id, order_id, status, changed_at) VALUES (2016, 453, 'ready', NOW() - INTERVAL '49 days 12 hours' + INTERVAL '20 minutes') ON CONFLICT DO NOTHING;
INSERT INTO order_history (id, order_id, status, changed_at) VALUES (2017, 453, 'picked', NOW() - INTERVAL '49 days 12 hours' + INTERVAL '25 minutes') ON CONFLICT DO NOTHING;
INSERT INTO order_history (id, order_id, status, changed_at) VALUES (2018, 454, 'placed', NOW() - INTERVAL '39 days 21 hours') ON CONFLICT DO NOTHING;
INSERT INTO order_history (id, order_id, status, changed_at) VALUES (2019, 454, 'confirmed', NOW() - INTERVAL '39 days 21 hours' + INTERVAL '1 minute') ON CONFLICT DO NOTHING;
INSERT INTO order_history (id, order_id, status, changed_at) VALUES (2020, 454, 'preparing', NOW() - INTERVAL '39 days 21 hours' + INTERVAL '5 minutes') ON CONFLICT DO NOTHING;
INSERT INTO order_history (id, order_id, status, changed_at) VALUES (2021, 455, 'placed', NOW() - INTERVAL '9 days 16 hours') ON CONFLICT DO NOTHING;
INSERT INTO order_history (id, order_id, status, changed_at) VALUES (2022, 455, 'confirmed', NOW() - INTERVAL '9 days 16 hours' + INTERVAL '1 minute') ON CONFLICT DO NOTHING;
INSERT INTO order_history (id, order_id, status, changed_at) VALUES (2023, 455, 'preparing', NOW() - INTERVAL '9 days 16 hours' + INTERVAL '5 minutes') ON CONFLICT DO NOTHING;
INSERT INTO order_history (id, order_id, status, changed_at) VALUES (2024, 455, 'ready', NOW() - INTERVAL '9 days 16 hours' + INTERVAL '20 minutes') ON CONFLICT DO NOTHING;
INSERT INTO order_history (id, order_id, status, changed_at) VALUES (2025, 455, 'picked', NOW() - INTERVAL '9 days 16 hours' + INTERVAL '25 minutes') ON CONFLICT DO NOTHING;
INSERT INTO order_history (id, order_id, status, changed_at) VALUES (2026, 456, 'placed', NOW() - INTERVAL '47 days 20 hours') ON CONFLICT DO NOTHING;
INSERT INTO order_history (id, order_id, status, changed_at) VALUES (2027, 456, 'confirmed', NOW() - INTERVAL '47 days 20 hours' + INTERVAL '1 minute') ON CONFLICT DO NOTHING;
INSERT INTO order_history (id, order_id, status, changed_at) VALUES (2028, 456, 'preparing', NOW() - INTERVAL '47 days 20 hours' + INTERVAL '5 minutes') ON CONFLICT DO NOTHING;
INSERT INTO order_history (id, order_id, status, changed_at) VALUES (2029, 456, 'ready', NOW() - INTERVAL '47 days 20 hours' + INTERVAL '20 minutes') ON CONFLICT DO NOTHING;
INSERT INTO order_history (id, order_id, status, changed_at) VALUES (2030, 457, 'placed', NOW() - INTERVAL '35 days 19 hours') ON CONFLICT DO NOTHING;
INSERT INTO order_history (id, order_id, status, changed_at) VALUES (2031, 457, 'confirmed', NOW() - INTERVAL '35 days 19 hours' + INTERVAL '1 minute') ON CONFLICT DO NOTHING;
INSERT INTO order_history (id, order_id, status, changed_at) VALUES (2032, 457, 'preparing', NOW() - INTERVAL '35 days 19 hours' + INTERVAL '5 minutes') ON CONFLICT DO NOTHING;
INSERT INTO order_history (id, order_id, status, changed_at) VALUES (2033, 457, 'ready', NOW() - INTERVAL '35 days 19 hours' + INTERVAL '20 minutes') ON CONFLICT DO NOTHING;
INSERT INTO order_history (id, order_id, status, changed_at) VALUES (2034, 457, 'picked', NOW() - INTERVAL '35 days 19 hours' + INTERVAL '25 minutes') ON CONFLICT DO NOTHING;
INSERT INTO order_history (id, order_id, status, changed_at) VALUES (2035, 458, 'placed', NOW() - INTERVAL '32 days 2 hours') ON CONFLICT DO NOTHING;
INSERT INTO order_history (id, order_id, status, changed_at) VALUES (2036, 458, 'confirmed', NOW() - INTERVAL '32 days 2 hours' + INTERVAL '1 minute') ON CONFLICT DO NOTHING;
INSERT INTO order_history (id, order_id, status, changed_at) VALUES (2037, 458, 'preparing', NOW() - INTERVAL '32 days 2 hours' + INTERVAL '5 minutes') ON CONFLICT DO NOTHING;
INSERT INTO order_history (id, order_id, status, changed_at) VALUES (2038, 459, 'placed', NOW() - INTERVAL '49 days 10 hours') ON CONFLICT DO NOTHING;
INSERT INTO order_history (id, order_id, status, changed_at) VALUES (2039, 459, 'confirmed', NOW() - INTERVAL '49 days 10 hours' + INTERVAL '1 minute') ON CONFLICT DO NOTHING;
INSERT INTO order_history (id, order_id, status, changed_at) VALUES (2040, 459, 'preparing', NOW() - INTERVAL '49 days 10 hours' + INTERVAL '5 minutes') ON CONFLICT DO NOTHING;
INSERT INTO order_history (id, order_id, status, changed_at) VALUES (2041, 459, 'ready', NOW() - INTERVAL '49 days 10 hours' + INTERVAL '20 minutes') ON CONFLICT DO NOTHING;
INSERT INTO order_history (id, order_id, status, changed_at) VALUES (2042, 459, 'picked', NOW() - INTERVAL '49 days 10 hours' + INTERVAL '25 minutes') ON CONFLICT DO NOTHING;
INSERT INTO order_history (id, order_id, status, changed_at) VALUES (2043, 460, 'placed', NOW() - INTERVAL '34 days 10 hours') ON CONFLICT DO NOTHING;
INSERT INTO order_history (id, order_id, status, changed_at) VALUES (2044, 460, 'confirmed', NOW() - INTERVAL '34 days 10 hours' + INTERVAL '1 minute') ON CONFLICT DO NOTHING;
INSERT INTO order_history (id, order_id, status, changed_at) VALUES (2045, 460, 'preparing', NOW() - INTERVAL '34 days 10 hours' + INTERVAL '5 minutes') ON CONFLICT DO NOTHING;
INSERT INTO order_history (id, order_id, status, changed_at) VALUES (2046, 461, 'placed', NOW() - INTERVAL '11 days 7 hours') ON CONFLICT DO NOTHING;
INSERT INTO order_history (id, order_id, status, changed_at) VALUES (2047, 461, 'confirmed', NOW() - INTERVAL '11 days 7 hours' + INTERVAL '1 minute') ON CONFLICT DO NOTHING;
INSERT INTO order_history (id, order_id, status, changed_at) VALUES (2048, 461, 'preparing', NOW() - INTERVAL '11 days 7 hours' + INTERVAL '5 minutes') ON CONFLICT DO NOTHING;
INSERT INTO order_history (id, order_id, status, changed_at) VALUES (2049, 461, 'ready', NOW() - INTERVAL '11 days 7 hours' + INTERVAL '20 minutes') ON CONFLICT DO NOTHING;
INSERT INTO order_history (id, order_id, status, changed_at) VALUES (2050, 461, 'picked', NOW() - INTERVAL '11 days 7 hours' + INTERVAL '25 minutes') ON CONFLICT DO NOTHING;
INSERT INTO order_history (id, order_id, status, changed_at) VALUES (2051, 462, 'placed', NOW() - INTERVAL '63 days 14 hours') ON CONFLICT DO NOTHING;
INSERT INTO order_history (id, order_id, status, changed_at) VALUES (2052, 462, 'confirmed', NOW() - INTERVAL '63 days 14 hours' + INTERVAL '1 minute') ON CONFLICT DO NOTHING;
INSERT INTO order_history (id, order_id, status, changed_at) VALUES (2053, 462, 'preparing', NOW() - INTERVAL '63 days 14 hours' + INTERVAL '5 minutes') ON CONFLICT DO NOTHING;
INSERT INTO order_history (id, order_id, status, changed_at) VALUES (2054, 462, 'ready', NOW() - INTERVAL '63 days 14 hours' + INTERVAL '20 minutes') ON CONFLICT DO NOTHING;
INSERT INTO order_history (id, order_id, status, changed_at) VALUES (2055, 463, 'placed', NOW() - INTERVAL '40 days 21 hours') ON CONFLICT DO NOTHING;
INSERT INTO order_history (id, order_id, status, changed_at) VALUES (2056, 463, 'confirmed', NOW() - INTERVAL '40 days 21 hours' + INTERVAL '1 minute') ON CONFLICT DO NOTHING;
INSERT INTO order_history (id, order_id, status, changed_at) VALUES (2057, 463, 'preparing', NOW() - INTERVAL '40 days 21 hours' + INTERVAL '5 minutes') ON CONFLICT DO NOTHING;
INSERT INTO order_history (id, order_id, status, changed_at) VALUES (2058, 463, 'ready', NOW() - INTERVAL '40 days 21 hours' + INTERVAL '20 minutes') ON CONFLICT DO NOTHING;
INSERT INTO order_history (id, order_id, status, changed_at) VALUES (2059, 463, 'picked', NOW() - INTERVAL '40 days 21 hours' + INTERVAL '25 minutes') ON CONFLICT DO NOTHING;
INSERT INTO order_history (id, order_id, status, changed_at) VALUES (2060, 464, 'placed', NOW() - INTERVAL '71 days 10 hours') ON CONFLICT DO NOTHING;
INSERT INTO order_history (id, order_id, status, changed_at) VALUES (2061, 464, 'confirmed', NOW() - INTERVAL '71 days 10 hours' + INTERVAL '1 minute') ON CONFLICT DO NOTHING;
INSERT INTO order_history (id, order_id, status, changed_at) VALUES (2062, 464, 'preparing', NOW() - INTERVAL '71 days 10 hours' + INTERVAL '5 minutes') ON CONFLICT DO NOTHING;
INSERT INTO order_history (id, order_id, status, changed_at) VALUES (2063, 464, 'ready', NOW() - INTERVAL '71 days 10 hours' + INTERVAL '20 minutes') ON CONFLICT DO NOTHING;
INSERT INTO order_history (id, order_id, status, changed_at) VALUES (2064, 465, 'placed', NOW() - INTERVAL '25 days 10 hours') ON CONFLICT DO NOTHING;
INSERT INTO order_history (id, order_id, status, changed_at) VALUES (2065, 465, 'confirmed', NOW() - INTERVAL '25 days 10 hours' + INTERVAL '1 minute') ON CONFLICT DO NOTHING;
INSERT INTO order_history (id, order_id, status, changed_at) VALUES (2066, 465, 'preparing', NOW() - INTERVAL '25 days 10 hours' + INTERVAL '5 minutes') ON CONFLICT DO NOTHING;
INSERT INTO order_history (id, order_id, status, changed_at) VALUES (2067, 466, 'placed', NOW() - INTERVAL '76 days 16 hours') ON CONFLICT DO NOTHING;
INSERT INTO order_history (id, order_id, status, changed_at) VALUES (2068, 466, 'confirmed', NOW() - INTERVAL '76 days 16 hours' + INTERVAL '1 minute') ON CONFLICT DO NOTHING;
INSERT INTO order_history (id, order_id, status, changed_at) VALUES (2069, 466, 'preparing', NOW() - INTERVAL '76 days 16 hours' + INTERVAL '5 minutes') ON CONFLICT DO NOTHING;
INSERT INTO order_history (id, order_id, status, changed_at) VALUES (2070, 466, 'ready', NOW() - INTERVAL '76 days 16 hours' + INTERVAL '20 minutes') ON CONFLICT DO NOTHING;
INSERT INTO order_history (id, order_id, status, changed_at) VALUES (2071, 467, 'placed', NOW() - INTERVAL '39 days 0 hours') ON CONFLICT DO NOTHING;
INSERT INTO order_history (id, order_id, status, changed_at) VALUES (2072, 467, 'confirmed', NOW() - INTERVAL '39 days 0 hours' + INTERVAL '1 minute') ON CONFLICT DO NOTHING;
INSERT INTO order_history (id, order_id, status, changed_at) VALUES (2073, 467, 'preparing', NOW() - INTERVAL '39 days 0 hours' + INTERVAL '5 minutes') ON CONFLICT DO NOTHING;
INSERT INTO order_history (id, order_id, status, changed_at) VALUES (2074, 467, 'ready', NOW() - INTERVAL '39 days 0 hours' + INTERVAL '20 minutes') ON CONFLICT DO NOTHING;
INSERT INTO order_history (id, order_id, status, changed_at) VALUES (2075, 468, 'placed', NOW() - INTERVAL '17 days 20 hours') ON CONFLICT DO NOTHING;
INSERT INTO order_history (id, order_id, status, changed_at) VALUES (2076, 468, 'confirmed', NOW() - INTERVAL '17 days 20 hours' + INTERVAL '1 minute') ON CONFLICT DO NOTHING;
INSERT INTO order_history (id, order_id, status, changed_at) VALUES (2077, 468, 'preparing', NOW() - INTERVAL '17 days 20 hours' + INTERVAL '5 minutes') ON CONFLICT DO NOTHING;
INSERT INTO order_history (id, order_id, status, changed_at) VALUES (2078, 469, 'placed', NOW() - INTERVAL '57 days 10 hours') ON CONFLICT DO NOTHING;
INSERT INTO order_history (id, order_id, status, changed_at) VALUES (2079, 469, 'confirmed', NOW() - INTERVAL '57 days 10 hours' + INTERVAL '1 minute') ON CONFLICT DO NOTHING;
INSERT INTO order_history (id, order_id, status, changed_at) VALUES (2080, 469, 'preparing', NOW() - INTERVAL '57 days 10 hours' + INTERVAL '5 minutes') ON CONFLICT DO NOTHING;
INSERT INTO order_history (id, order_id, status, changed_at) VALUES (2081, 469, 'ready', NOW() - INTERVAL '57 days 10 hours' + INTERVAL '20 minutes') ON CONFLICT DO NOTHING;
INSERT INTO order_history (id, order_id, status, changed_at) VALUES (2082, 470, 'placed', NOW() - INTERVAL '52 days 15 hours') ON CONFLICT DO NOTHING;
INSERT INTO order_history (id, order_id, status, changed_at) VALUES (2083, 470, 'confirmed', NOW() - INTERVAL '52 days 15 hours' + INTERVAL '1 minute') ON CONFLICT DO NOTHING;
INSERT INTO order_history (id, order_id, status, changed_at) VALUES (2084, 470, 'preparing', NOW() - INTERVAL '52 days 15 hours' + INTERVAL '5 minutes') ON CONFLICT DO NOTHING;
INSERT INTO order_history (id, order_id, status, changed_at) VALUES (2085, 470, 'ready', NOW() - INTERVAL '52 days 15 hours' + INTERVAL '20 minutes') ON CONFLICT DO NOTHING;
INSERT INTO order_history (id, order_id, status, changed_at) VALUES (2086, 470, 'picked', NOW() - INTERVAL '52 days 15 hours' + INTERVAL '25 minutes') ON CONFLICT DO NOTHING;
INSERT INTO order_history (id, order_id, status, changed_at) VALUES (2087, 471, 'placed', NOW() - INTERVAL '11 days 7 hours') ON CONFLICT DO NOTHING;
INSERT INTO order_history (id, order_id, status, changed_at) VALUES (2088, 471, 'confirmed', NOW() - INTERVAL '11 days 7 hours' + INTERVAL '1 minute') ON CONFLICT DO NOTHING;
INSERT INTO order_history (id, order_id, status, changed_at) VALUES (2089, 471, 'preparing', NOW() - INTERVAL '11 days 7 hours' + INTERVAL '5 minutes') ON CONFLICT DO NOTHING;
INSERT INTO order_history (id, order_id, status, changed_at) VALUES (2090, 471, 'ready', NOW() - INTERVAL '11 days 7 hours' + INTERVAL '20 minutes') ON CONFLICT DO NOTHING;
INSERT INTO order_history (id, order_id, status, changed_at) VALUES (2091, 471, 'picked', NOW() - INTERVAL '11 days 7 hours' + INTERVAL '25 minutes') ON CONFLICT DO NOTHING;
INSERT INTO order_history (id, order_id, status, changed_at) VALUES (2092, 472, 'placed', NOW() - INTERVAL '67 days 12 hours') ON CONFLICT DO NOTHING;
INSERT INTO order_history (id, order_id, status, changed_at) VALUES (2093, 472, 'confirmed', NOW() - INTERVAL '67 days 12 hours' + INTERVAL '1 minute') ON CONFLICT DO NOTHING;
INSERT INTO order_history (id, order_id, status, changed_at) VALUES (2094, 472, 'preparing', NOW() - INTERVAL '67 days 12 hours' + INTERVAL '5 minutes') ON CONFLICT DO NOTHING;
INSERT INTO order_history (id, order_id, status, changed_at) VALUES (2095, 473, 'placed', NOW() - INTERVAL '80 days 1 hours') ON CONFLICT DO NOTHING;
INSERT INTO order_history (id, order_id, status, changed_at) VALUES (2096, 473, 'confirmed', NOW() - INTERVAL '80 days 1 hours' + INTERVAL '1 minute') ON CONFLICT DO NOTHING;
INSERT INTO order_history (id, order_id, status, changed_at) VALUES (2097, 473, 'preparing', NOW() - INTERVAL '80 days 1 hours' + INTERVAL '5 minutes') ON CONFLICT DO NOTHING;
INSERT INTO order_history (id, order_id, status, changed_at) VALUES (2098, 473, 'ready', NOW() - INTERVAL '80 days 1 hours' + INTERVAL '20 minutes') ON CONFLICT DO NOTHING;
INSERT INTO order_history (id, order_id, status, changed_at) VALUES (2099, 474, 'placed', NOW() - INTERVAL '21 days 7 hours') ON CONFLICT DO NOTHING;
INSERT INTO order_history (id, order_id, status, changed_at) VALUES (2100, 474, 'confirmed', NOW() - INTERVAL '21 days 7 hours' + INTERVAL '1 minute') ON CONFLICT DO NOTHING;
INSERT INTO order_history (id, order_id, status, changed_at) VALUES (2101, 474, 'preparing', NOW() - INTERVAL '21 days 7 hours' + INTERVAL '5 minutes') ON CONFLICT DO NOTHING;
INSERT INTO order_history (id, order_id, status, changed_at) VALUES (2102, 474, 'ready', NOW() - INTERVAL '21 days 7 hours' + INTERVAL '20 minutes') ON CONFLICT DO NOTHING;
INSERT INTO order_history (id, order_id, status, changed_at) VALUES (2103, 474, 'picked', NOW() - INTERVAL '21 days 7 hours' + INTERVAL '25 minutes') ON CONFLICT DO NOTHING;
INSERT INTO order_history (id, order_id, status, changed_at) VALUES (2104, 475, 'placed', NOW() - INTERVAL '77 days 15 hours') ON CONFLICT DO NOTHING;
INSERT INTO order_history (id, order_id, status, changed_at) VALUES (2105, 475, 'confirmed', NOW() - INTERVAL '77 days 15 hours' + INTERVAL '1 minute') ON CONFLICT DO NOTHING;
INSERT INTO order_history (id, order_id, status, changed_at) VALUES (2106, 475, 'preparing', NOW() - INTERVAL '77 days 15 hours' + INTERVAL '5 minutes') ON CONFLICT DO NOTHING;
INSERT INTO order_history (id, order_id, status, changed_at) VALUES (2107, 475, 'ready', NOW() - INTERVAL '77 days 15 hours' + INTERVAL '20 minutes') ON CONFLICT DO NOTHING;
INSERT INTO order_history (id, order_id, status, changed_at) VALUES (2108, 476, 'placed', NOW() - INTERVAL '59 days 2 hours') ON CONFLICT DO NOTHING;
INSERT INTO order_history (id, order_id, status, changed_at) VALUES (2109, 476, 'confirmed', NOW() - INTERVAL '59 days 2 hours' + INTERVAL '1 minute') ON CONFLICT DO NOTHING;
INSERT INTO order_history (id, order_id, status, changed_at) VALUES (2110, 476, 'preparing', NOW() - INTERVAL '59 days 2 hours' + INTERVAL '5 minutes') ON CONFLICT DO NOTHING;
INSERT INTO order_history (id, order_id, status, changed_at) VALUES (2111, 477, 'placed', NOW() - INTERVAL '26 days 13 hours') ON CONFLICT DO NOTHING;
INSERT INTO order_history (id, order_id, status, changed_at) VALUES (2112, 477, 'confirmed', NOW() - INTERVAL '26 days 13 hours' + INTERVAL '1 minute') ON CONFLICT DO NOTHING;
INSERT INTO order_history (id, order_id, status, changed_at) VALUES (2113, 477, 'preparing', NOW() - INTERVAL '26 days 13 hours' + INTERVAL '5 minutes') ON CONFLICT DO NOTHING;
INSERT INTO order_history (id, order_id, status, changed_at) VALUES (2114, 477, 'ready', NOW() - INTERVAL '26 days 13 hours' + INTERVAL '20 minutes') ON CONFLICT DO NOTHING;
INSERT INTO order_history (id, order_id, status, changed_at) VALUES (2115, 477, 'picked', NOW() - INTERVAL '26 days 13 hours' + INTERVAL '25 minutes') ON CONFLICT DO NOTHING;
INSERT INTO order_history (id, order_id, status, changed_at) VALUES (2116, 478, 'placed', NOW() - INTERVAL '10 days 1 hours') ON CONFLICT DO NOTHING;
INSERT INTO order_history (id, order_id, status, changed_at) VALUES (2117, 478, 'confirmed', NOW() - INTERVAL '10 days 1 hours' + INTERVAL '1 minute') ON CONFLICT DO NOTHING;
INSERT INTO order_history (id, order_id, status, changed_at) VALUES (2118, 478, 'preparing', NOW() - INTERVAL '10 days 1 hours' + INTERVAL '5 minutes') ON CONFLICT DO NOTHING;
INSERT INTO order_history (id, order_id, status, changed_at) VALUES (2119, 478, 'ready', NOW() - INTERVAL '10 days 1 hours' + INTERVAL '20 minutes') ON CONFLICT DO NOTHING;
INSERT INTO order_history (id, order_id, status, changed_at) VALUES (2120, 478, 'picked', NOW() - INTERVAL '10 days 1 hours' + INTERVAL '25 minutes') ON CONFLICT DO NOTHING;
INSERT INTO order_history (id, order_id, status, changed_at) VALUES (2121, 479, 'placed', NOW() - INTERVAL '57 days 3 hours') ON CONFLICT DO NOTHING;
INSERT INTO order_history (id, order_id, status, changed_at) VALUES (2122, 479, 'confirmed', NOW() - INTERVAL '57 days 3 hours' + INTERVAL '1 minute') ON CONFLICT DO NOTHING;
INSERT INTO order_history (id, order_id, status, changed_at) VALUES (2123, 479, 'preparing', NOW() - INTERVAL '57 days 3 hours' + INTERVAL '5 minutes') ON CONFLICT DO NOTHING;
INSERT INTO order_history (id, order_id, status, changed_at) VALUES (2124, 479, 'ready', NOW() - INTERVAL '57 days 3 hours' + INTERVAL '20 minutes') ON CONFLICT DO NOTHING;
INSERT INTO order_history (id, order_id, status, changed_at) VALUES (2125, 479, 'picked', NOW() - INTERVAL '57 days 3 hours' + INTERVAL '25 minutes') ON CONFLICT DO NOTHING;
INSERT INTO order_history (id, order_id, status, changed_at) VALUES (2126, 480, 'placed', NOW() - INTERVAL '64 days 14 hours') ON CONFLICT DO NOTHING;
INSERT INTO order_history (id, order_id, status, changed_at) VALUES (2127, 480, 'confirmed', NOW() - INTERVAL '64 days 14 hours' + INTERVAL '1 minute') ON CONFLICT DO NOTHING;
INSERT INTO order_history (id, order_id, status, changed_at) VALUES (2128, 480, 'preparing', NOW() - INTERVAL '64 days 14 hours' + INTERVAL '5 minutes') ON CONFLICT DO NOTHING;
INSERT INTO order_history (id, order_id, status, changed_at) VALUES (2129, 480, 'ready', NOW() - INTERVAL '64 days 14 hours' + INTERVAL '20 minutes') ON CONFLICT DO NOTHING;
INSERT INTO order_history (id, order_id, status, changed_at) VALUES (2130, 480, 'picked', NOW() - INTERVAL '64 days 14 hours' + INTERVAL '25 minutes') ON CONFLICT DO NOTHING;
INSERT INTO order_history (id, order_id, status, changed_at) VALUES (2131, 481, 'placed', NOW() - INTERVAL '4 days 2 hours') ON CONFLICT DO NOTHING;
INSERT INTO order_history (id, order_id, status, changed_at) VALUES (2132, 481, 'confirmed', NOW() - INTERVAL '4 days 2 hours' + INTERVAL '1 minute') ON CONFLICT DO NOTHING;
INSERT INTO order_history (id, order_id, status, changed_at) VALUES (2133, 481, 'preparing', NOW() - INTERVAL '4 days 2 hours' + INTERVAL '5 minutes') ON CONFLICT DO NOTHING;
INSERT INTO order_history (id, order_id, status, changed_at) VALUES (2134, 481, 'ready', NOW() - INTERVAL '4 days 2 hours' + INTERVAL '20 minutes') ON CONFLICT DO NOTHING;
INSERT INTO order_history (id, order_id, status, changed_at) VALUES (2135, 481, 'picked', NOW() - INTERVAL '4 days 2 hours' + INTERVAL '25 minutes') ON CONFLICT DO NOTHING;
INSERT INTO order_history (id, order_id, status, changed_at) VALUES (2136, 482, 'placed', NOW() - INTERVAL '35 days 18 hours') ON CONFLICT DO NOTHING;
INSERT INTO order_history (id, order_id, status, changed_at) VALUES (2137, 482, 'confirmed', NOW() - INTERVAL '35 days 18 hours' + INTERVAL '1 minute') ON CONFLICT DO NOTHING;
INSERT INTO order_history (id, order_id, status, changed_at) VALUES (2138, 482, 'preparing', NOW() - INTERVAL '35 days 18 hours' + INTERVAL '5 minutes') ON CONFLICT DO NOTHING;
INSERT INTO order_history (id, order_id, status, changed_at) VALUES (2139, 482, 'ready', NOW() - INTERVAL '35 days 18 hours' + INTERVAL '20 minutes') ON CONFLICT DO NOTHING;
INSERT INTO order_history (id, order_id, status, changed_at) VALUES (2140, 482, 'picked', NOW() - INTERVAL '35 days 18 hours' + INTERVAL '25 minutes') ON CONFLICT DO NOTHING;
INSERT INTO order_history (id, order_id, status, changed_at) VALUES (2141, 483, 'placed', NOW() - INTERVAL '36 days 5 hours') ON CONFLICT DO NOTHING;
INSERT INTO order_history (id, order_id, status, changed_at) VALUES (2142, 483, 'confirmed', NOW() - INTERVAL '36 days 5 hours' + INTERVAL '1 minute') ON CONFLICT DO NOTHING;
INSERT INTO order_history (id, order_id, status, changed_at) VALUES (2143, 483, 'preparing', NOW() - INTERVAL '36 days 5 hours' + INTERVAL '5 minutes') ON CONFLICT DO NOTHING;
INSERT INTO order_history (id, order_id, status, changed_at) VALUES (2144, 483, 'ready', NOW() - INTERVAL '36 days 5 hours' + INTERVAL '20 minutes') ON CONFLICT DO NOTHING;
INSERT INTO order_history (id, order_id, status, changed_at) VALUES (2145, 484, 'placed', NOW() - INTERVAL '43 days 10 hours') ON CONFLICT DO NOTHING;
INSERT INTO order_history (id, order_id, status, changed_at) VALUES (2146, 484, 'confirmed', NOW() - INTERVAL '43 days 10 hours' + INTERVAL '1 minute') ON CONFLICT DO NOTHING;
INSERT INTO order_history (id, order_id, status, changed_at) VALUES (2147, 484, 'preparing', NOW() - INTERVAL '43 days 10 hours' + INTERVAL '5 minutes') ON CONFLICT DO NOTHING;
INSERT INTO order_history (id, order_id, status, changed_at) VALUES (2148, 484, 'ready', NOW() - INTERVAL '43 days 10 hours' + INTERVAL '20 minutes') ON CONFLICT DO NOTHING;
INSERT INTO order_history (id, order_id, status, changed_at) VALUES (2149, 485, 'placed', NOW() - INTERVAL '52 days 17 hours') ON CONFLICT DO NOTHING;
INSERT INTO order_history (id, order_id, status, changed_at) VALUES (2150, 485, 'confirmed', NOW() - INTERVAL '52 days 17 hours' + INTERVAL '1 minute') ON CONFLICT DO NOTHING;
INSERT INTO order_history (id, order_id, status, changed_at) VALUES (2151, 485, 'preparing', NOW() - INTERVAL '52 days 17 hours' + INTERVAL '5 minutes') ON CONFLICT DO NOTHING;
INSERT INTO order_history (id, order_id, status, changed_at) VALUES (2152, 485, 'ready', NOW() - INTERVAL '52 days 17 hours' + INTERVAL '20 minutes') ON CONFLICT DO NOTHING;
INSERT INTO order_history (id, order_id, status, changed_at) VALUES (2153, 486, 'placed', NOW() - INTERVAL '52 days 16 hours') ON CONFLICT DO NOTHING;
INSERT INTO order_history (id, order_id, status, changed_at) VALUES (2154, 486, 'confirmed', NOW() - INTERVAL '52 days 16 hours' + INTERVAL '1 minute') ON CONFLICT DO NOTHING;
INSERT INTO order_history (id, order_id, status, changed_at) VALUES (2155, 486, 'preparing', NOW() - INTERVAL '52 days 16 hours' + INTERVAL '5 minutes') ON CONFLICT DO NOTHING;
INSERT INTO order_history (id, order_id, status, changed_at) VALUES (2156, 486, 'ready', NOW() - INTERVAL '52 days 16 hours' + INTERVAL '20 minutes') ON CONFLICT DO NOTHING;
INSERT INTO order_history (id, order_id, status, changed_at) VALUES (2157, 487, 'placed', NOW() - INTERVAL '67 days 11 hours') ON CONFLICT DO NOTHING;
INSERT INTO order_history (id, order_id, status, changed_at) VALUES (2158, 487, 'confirmed', NOW() - INTERVAL '67 days 11 hours' + INTERVAL '1 minute') ON CONFLICT DO NOTHING;
INSERT INTO order_history (id, order_id, status, changed_at) VALUES (2159, 487, 'preparing', NOW() - INTERVAL '67 days 11 hours' + INTERVAL '5 minutes') ON CONFLICT DO NOTHING;
INSERT INTO order_history (id, order_id, status, changed_at) VALUES (2160, 488, 'placed', NOW() - INTERVAL '17 days 9 hours') ON CONFLICT DO NOTHING;
INSERT INTO order_history (id, order_id, status, changed_at) VALUES (2161, 488, 'confirmed', NOW() - INTERVAL '17 days 9 hours' + INTERVAL '1 minute') ON CONFLICT DO NOTHING;
INSERT INTO order_history (id, order_id, status, changed_at) VALUES (2162, 488, 'preparing', NOW() - INTERVAL '17 days 9 hours' + INTERVAL '5 minutes') ON CONFLICT DO NOTHING;
INSERT INTO order_history (id, order_id, status, changed_at) VALUES (2163, 489, 'placed', NOW() - INTERVAL '78 days 7 hours') ON CONFLICT DO NOTHING;
INSERT INTO order_history (id, order_id, status, changed_at) VALUES (2164, 489, 'confirmed', NOW() - INTERVAL '78 days 7 hours' + INTERVAL '1 minute') ON CONFLICT DO NOTHING;
INSERT INTO order_history (id, order_id, status, changed_at) VALUES (2165, 489, 'preparing', NOW() - INTERVAL '78 days 7 hours' + INTERVAL '5 minutes') ON CONFLICT DO NOTHING;
INSERT INTO order_history (id, order_id, status, changed_at) VALUES (2166, 489, 'ready', NOW() - INTERVAL '78 days 7 hours' + INTERVAL '20 minutes') ON CONFLICT DO NOTHING;
INSERT INTO order_history (id, order_id, status, changed_at) VALUES (2167, 489, 'picked', NOW() - INTERVAL '78 days 7 hours' + INTERVAL '25 minutes') ON CONFLICT DO NOTHING;
INSERT INTO order_history (id, order_id, status, changed_at) VALUES (2168, 490, 'placed', NOW() - INTERVAL '29 days 3 hours') ON CONFLICT DO NOTHING;
INSERT INTO order_history (id, order_id, status, changed_at) VALUES (2169, 490, 'confirmed', NOW() - INTERVAL '29 days 3 hours' + INTERVAL '1 minute') ON CONFLICT DO NOTHING;
INSERT INTO order_history (id, order_id, status, changed_at) VALUES (2170, 490, 'preparing', NOW() - INTERVAL '29 days 3 hours' + INTERVAL '5 minutes') ON CONFLICT DO NOTHING;
INSERT INTO order_history (id, order_id, status, changed_at) VALUES (2171, 490, 'ready', NOW() - INTERVAL '29 days 3 hours' + INTERVAL '20 minutes') ON CONFLICT DO NOTHING;
INSERT INTO order_history (id, order_id, status, changed_at) VALUES (2172, 491, 'placed', NOW() - INTERVAL '38 days 16 hours') ON CONFLICT DO NOTHING;
INSERT INTO order_history (id, order_id, status, changed_at) VALUES (2173, 491, 'confirmed', NOW() - INTERVAL '38 days 16 hours' + INTERVAL '1 minute') ON CONFLICT DO NOTHING;
INSERT INTO order_history (id, order_id, status, changed_at) VALUES (2174, 491, 'preparing', NOW() - INTERVAL '38 days 16 hours' + INTERVAL '5 minutes') ON CONFLICT DO NOTHING;
INSERT INTO order_history (id, order_id, status, changed_at) VALUES (2175, 491, 'ready', NOW() - INTERVAL '38 days 16 hours' + INTERVAL '20 minutes') ON CONFLICT DO NOTHING;
INSERT INTO order_history (id, order_id, status, changed_at) VALUES (2176, 491, 'picked', NOW() - INTERVAL '38 days 16 hours' + INTERVAL '25 minutes') ON CONFLICT DO NOTHING;
INSERT INTO order_history (id, order_id, status, changed_at) VALUES (2177, 492, 'placed', NOW() - INTERVAL '19 days 12 hours') ON CONFLICT DO NOTHING;
INSERT INTO order_history (id, order_id, status, changed_at) VALUES (2178, 492, 'confirmed', NOW() - INTERVAL '19 days 12 hours' + INTERVAL '1 minute') ON CONFLICT DO NOTHING;
INSERT INTO order_history (id, order_id, status, changed_at) VALUES (2179, 492, 'preparing', NOW() - INTERVAL '19 days 12 hours' + INTERVAL '5 minutes') ON CONFLICT DO NOTHING;
INSERT INTO order_history (id, order_id, status, changed_at) VALUES (2180, 492, 'ready', NOW() - INTERVAL '19 days 12 hours' + INTERVAL '20 minutes') ON CONFLICT DO NOTHING;
INSERT INTO order_history (id, order_id, status, changed_at) VALUES (2181, 493, 'placed', NOW() - INTERVAL '36 days 13 hours') ON CONFLICT DO NOTHING;
INSERT INTO order_history (id, order_id, status, changed_at) VALUES (2182, 493, 'confirmed', NOW() - INTERVAL '36 days 13 hours' + INTERVAL '1 minute') ON CONFLICT DO NOTHING;
INSERT INTO order_history (id, order_id, status, changed_at) VALUES (2183, 493, 'preparing', NOW() - INTERVAL '36 days 13 hours' + INTERVAL '5 minutes') ON CONFLICT DO NOTHING;
INSERT INTO order_history (id, order_id, status, changed_at) VALUES (2184, 493, 'ready', NOW() - INTERVAL '36 days 13 hours' + INTERVAL '20 minutes') ON CONFLICT DO NOTHING;
INSERT INTO order_history (id, order_id, status, changed_at) VALUES (2185, 493, 'picked', NOW() - INTERVAL '36 days 13 hours' + INTERVAL '25 minutes') ON CONFLICT DO NOTHING;
INSERT INTO order_history (id, order_id, status, changed_at) VALUES (2186, 494, 'placed', NOW() - INTERVAL '76 days 18 hours') ON CONFLICT DO NOTHING;
INSERT INTO order_history (id, order_id, status, changed_at) VALUES (2187, 494, 'confirmed', NOW() - INTERVAL '76 days 18 hours' + INTERVAL '1 minute') ON CONFLICT DO NOTHING;
INSERT INTO order_history (id, order_id, status, changed_at) VALUES (2188, 494, 'preparing', NOW() - INTERVAL '76 days 18 hours' + INTERVAL '5 minutes') ON CONFLICT DO NOTHING;
INSERT INTO order_history (id, order_id, status, changed_at) VALUES (2189, 494, 'ready', NOW() - INTERVAL '76 days 18 hours' + INTERVAL '20 minutes') ON CONFLICT DO NOTHING;
INSERT INTO order_history (id, order_id, status, changed_at) VALUES (2190, 494, 'picked', NOW() - INTERVAL '76 days 18 hours' + INTERVAL '25 minutes') ON CONFLICT DO NOTHING;
INSERT INTO order_history (id, order_id, status, changed_at) VALUES (2191, 495, 'placed', NOW() - INTERVAL '71 days 17 hours') ON CONFLICT DO NOTHING;
INSERT INTO order_history (id, order_id, status, changed_at) VALUES (2192, 495, 'confirmed', NOW() - INTERVAL '71 days 17 hours' + INTERVAL '1 minute') ON CONFLICT DO NOTHING;
INSERT INTO order_history (id, order_id, status, changed_at) VALUES (2193, 495, 'preparing', NOW() - INTERVAL '71 days 17 hours' + INTERVAL '5 minutes') ON CONFLICT DO NOTHING;
INSERT INTO order_history (id, order_id, status, changed_at) VALUES (2194, 495, 'ready', NOW() - INTERVAL '71 days 17 hours' + INTERVAL '20 minutes') ON CONFLICT DO NOTHING;
INSERT INTO order_history (id, order_id, status, changed_at) VALUES (2195, 496, 'placed', NOW() - INTERVAL '50 days 7 hours') ON CONFLICT DO NOTHING;
INSERT INTO order_history (id, order_id, status, changed_at) VALUES (2196, 496, 'confirmed', NOW() - INTERVAL '50 days 7 hours' + INTERVAL '1 minute') ON CONFLICT DO NOTHING;
INSERT INTO order_history (id, order_id, status, changed_at) VALUES (2197, 496, 'preparing', NOW() - INTERVAL '50 days 7 hours' + INTERVAL '5 minutes') ON CONFLICT DO NOTHING;
INSERT INTO order_history (id, order_id, status, changed_at) VALUES (2198, 497, 'placed', NOW() - INTERVAL '49 days 12 hours') ON CONFLICT DO NOTHING;
INSERT INTO order_history (id, order_id, status, changed_at) VALUES (2199, 497, 'confirmed', NOW() - INTERVAL '49 days 12 hours' + INTERVAL '1 minute') ON CONFLICT DO NOTHING;
INSERT INTO order_history (id, order_id, status, changed_at) VALUES (2200, 497, 'preparing', NOW() - INTERVAL '49 days 12 hours' + INTERVAL '5 minutes') ON CONFLICT DO NOTHING;
INSERT INTO order_history (id, order_id, status, changed_at) VALUES (2201, 497, 'ready', NOW() - INTERVAL '49 days 12 hours' + INTERVAL '20 minutes') ON CONFLICT DO NOTHING;
INSERT INTO order_history (id, order_id, status, changed_at) VALUES (2202, 497, 'picked', NOW() - INTERVAL '49 days 12 hours' + INTERVAL '25 minutes') ON CONFLICT DO NOTHING;
INSERT INTO order_history (id, order_id, status, changed_at) VALUES (2203, 498, 'placed', NOW() - INTERVAL '43 days 3 hours') ON CONFLICT DO NOTHING;
INSERT INTO order_history (id, order_id, status, changed_at) VALUES (2204, 498, 'confirmed', NOW() - INTERVAL '43 days 3 hours' + INTERVAL '1 minute') ON CONFLICT DO NOTHING;
INSERT INTO order_history (id, order_id, status, changed_at) VALUES (2205, 498, 'preparing', NOW() - INTERVAL '43 days 3 hours' + INTERVAL '5 minutes') ON CONFLICT DO NOTHING;
INSERT INTO order_history (id, order_id, status, changed_at) VALUES (2206, 498, 'ready', NOW() - INTERVAL '43 days 3 hours' + INTERVAL '20 minutes') ON CONFLICT DO NOTHING;
INSERT INTO order_history (id, order_id, status, changed_at) VALUES (2207, 498, 'picked', NOW() - INTERVAL '43 days 3 hours' + INTERVAL '25 minutes') ON CONFLICT DO NOTHING;
INSERT INTO order_history (id, order_id, status, changed_at) VALUES (2208, 499, 'placed', NOW() - INTERVAL '53 days 20 hours') ON CONFLICT DO NOTHING;
INSERT INTO order_history (id, order_id, status, changed_at) VALUES (2209, 499, 'confirmed', NOW() - INTERVAL '53 days 20 hours' + INTERVAL '1 minute') ON CONFLICT DO NOTHING;
INSERT INTO order_history (id, order_id, status, changed_at) VALUES (2210, 499, 'preparing', NOW() - INTERVAL '53 days 20 hours' + INTERVAL '5 minutes') ON CONFLICT DO NOTHING;
INSERT INTO order_history (id, order_id, status, changed_at) VALUES (2211, 499, 'ready', NOW() - INTERVAL '53 days 20 hours' + INTERVAL '20 minutes') ON CONFLICT DO NOTHING;
INSERT INTO order_history (id, order_id, status, changed_at) VALUES (2212, 499, 'picked', NOW() - INTERVAL '53 days 20 hours' + INTERVAL '25 minutes') ON CONFLICT DO NOTHING;
INSERT INTO order_history (id, order_id, status, changed_at) VALUES (2213, 500, 'placed', NOW() - INTERVAL '51 days 20 hours') ON CONFLICT DO NOTHING;
INSERT INTO order_history (id, order_id, status, changed_at) VALUES (2214, 500, 'confirmed', NOW() - INTERVAL '51 days 20 hours' + INTERVAL '1 minute') ON CONFLICT DO NOTHING;
INSERT INTO order_history (id, order_id, status, changed_at) VALUES (2215, 500, 'preparing', NOW() - INTERVAL '51 days 20 hours' + INTERVAL '5 minutes') ON CONFLICT DO NOTHING;
INSERT INTO order_history (id, order_id, status, changed_at) VALUES (2216, 500, 'ready', NOW() - INTERVAL '51 days 20 hours' + INTERVAL '20 minutes') ON CONFLICT DO NOTHING;
INSERT INTO order_history (id, order_id, status, changed_at) VALUES (2217, 500, 'picked', NOW() - INTERVAL '51 days 20 hours' + INTERVAL '25 minutes') ON CONFLICT DO NOTHING;

-- Slot Bookings (500 total)
INSERT INTO slot_bookings (id, slot_id, user_id, order_id, booking_type, status, booked_at, cancelled_at) VALUES (1, 32, 1, 1, 'food', 'confirmed', NOW() - INTERVAL '43 days 21 hours', NULL) ON CONFLICT DO NOTHING;
INSERT INTO slot_bookings (id, slot_id, user_id, order_id, booking_type, status, booked_at, cancelled_at) VALUES (2, 63, 1, 2, 'food', 'confirmed', NOW() - INTERVAL '37 days 7 hours', NULL) ON CONFLICT DO NOTHING;
INSERT INTO slot_bookings (id, slot_id, user_id, order_id, booking_type, status, booked_at, cancelled_at) VALUES (3, 94, 1, 3, 'food', 'confirmed', NOW() - INTERVAL '4 days 1 hours', NULL) ON CONFLICT DO NOTHING;
INSERT INTO slot_bookings (id, slot_id, user_id, order_id, booking_type, status, booked_at, cancelled_at) VALUES (4, 125, 2, 4, 'food', 'confirmed', NOW() - INTERVAL '32 days 16 hours', NULL) ON CONFLICT DO NOTHING;
INSERT INTO slot_bookings (id, slot_id, user_id, order_id, booking_type, status, booked_at, cancelled_at) VALUES (5, 156, 2, 5, 'food', 'confirmed', NOW() - INTERVAL '49 days 19 hours', NULL) ON CONFLICT DO NOTHING;
INSERT INTO slot_bookings (id, slot_id, user_id, order_id, booking_type, status, booked_at, cancelled_at) VALUES (6, 7, 2, 6, 'food', 'confirmed', NOW() - INTERVAL '2 days 14 hours', NULL) ON CONFLICT DO NOTHING;
INSERT INTO slot_bookings (id, slot_id, user_id, order_id, booking_type, status, booked_at, cancelled_at) VALUES (7, 38, 3, 7, 'food', 'cancelled', NOW() - INTERVAL '39 days 20 hours', NOW() - INTERVAL '39 days 20 hours' + INTERVAL '5 minutes') ON CONFLICT DO NOTHING;
INSERT INTO slot_bookings (id, slot_id, user_id, order_id, booking_type, status, booked_at, cancelled_at) VALUES (8, 69, 3, 8, 'food', 'cancelled', NOW() - INTERVAL '62 days 3 hours', NOW() - INTERVAL '62 days 3 hours' + INTERVAL '5 minutes') ON CONFLICT DO NOTHING;
INSERT INTO slot_bookings (id, slot_id, user_id, order_id, booking_type, status, booked_at, cancelled_at) VALUES (9, 100, 3, 9, 'food', 'confirmed', NOW() - INTERVAL '38 days 0 hours', NULL) ON CONFLICT DO NOTHING;
INSERT INTO slot_bookings (id, slot_id, user_id, order_id, booking_type, status, booked_at, cancelled_at) VALUES (10, 131, 4, 10, 'food', 'confirmed', NOW() - INTERVAL '30 days 19 hours', NULL) ON CONFLICT DO NOTHING;
INSERT INTO slot_bookings (id, slot_id, user_id, order_id, booking_type, status, booked_at, cancelled_at) VALUES (11, 162, 4, 11, 'food', 'confirmed', NOW() - INTERVAL '81 days 20 hours', NULL) ON CONFLICT DO NOTHING;
INSERT INTO slot_bookings (id, slot_id, user_id, order_id, booking_type, status, booked_at, cancelled_at) VALUES (12, 13, 4, 12, 'food', 'confirmed', NOW() - INTERVAL '47 days 23 hours', NULL) ON CONFLICT DO NOTHING;
INSERT INTO slot_bookings (id, slot_id, user_id, order_id, booking_type, status, booked_at, cancelled_at) VALUES (13, 44, 5, 13, 'food', 'confirmed', NOW() - INTERVAL '54 days 5 hours', NULL) ON CONFLICT DO NOTHING;
INSERT INTO slot_bookings (id, slot_id, user_id, order_id, booking_type, status, booked_at, cancelled_at) VALUES (14, 75, 5, 14, 'food', 'confirmed', NOW() - INTERVAL '35 days 5 hours', NULL) ON CONFLICT DO NOTHING;
INSERT INTO slot_bookings (id, slot_id, user_id, order_id, booking_type, status, booked_at, cancelled_at) VALUES (15, 106, 5, 15, 'food', 'confirmed', NOW() - INTERVAL '10 days 4 hours', NULL) ON CONFLICT DO NOTHING;
INSERT INTO slot_bookings (id, slot_id, user_id, order_id, booking_type, status, booked_at, cancelled_at) VALUES (16, 137, 6, 16, 'food', 'confirmed', NOW() - INTERVAL '51 days 0 hours', NULL) ON CONFLICT DO NOTHING;
INSERT INTO slot_bookings (id, slot_id, user_id, order_id, booking_type, status, booked_at, cancelled_at) VALUES (17, 168, 6, 17, 'food', 'confirmed', NOW() - INTERVAL '82 days 11 hours', NULL) ON CONFLICT DO NOTHING;
INSERT INTO slot_bookings (id, slot_id, user_id, order_id, booking_type, status, booked_at, cancelled_at) VALUES (18, 19, 6, 18, 'food', 'confirmed', NOW() - INTERVAL '72 days 10 hours', NULL) ON CONFLICT DO NOTHING;
INSERT INTO slot_bookings (id, slot_id, user_id, order_id, booking_type, status, booked_at, cancelled_at) VALUES (19, 50, 7, 19, 'food', 'confirmed', NOW() - INTERVAL '5 days 9 hours', NULL) ON CONFLICT DO NOTHING;
INSERT INTO slot_bookings (id, slot_id, user_id, order_id, booking_type, status, booked_at, cancelled_at) VALUES (20, 81, 7, 20, 'food', 'confirmed', NOW() - INTERVAL '48 days 21 hours', NULL) ON CONFLICT DO NOTHING;
INSERT INTO slot_bookings (id, slot_id, user_id, order_id, booking_type, status, booked_at, cancelled_at) VALUES (21, 112, 7, 21, 'food', 'confirmed', NOW() - INTERVAL '36 days 1 hours', NULL) ON CONFLICT DO NOTHING;
INSERT INTO slot_bookings (id, slot_id, user_id, order_id, booking_type, status, booked_at, cancelled_at) VALUES (22, 143, 8, 22, 'food', 'confirmed', NOW() - INTERVAL '48 days 17 hours', NULL) ON CONFLICT DO NOTHING;
INSERT INTO slot_bookings (id, slot_id, user_id, order_id, booking_type, status, booked_at, cancelled_at) VALUES (23, 174, 8, 23, 'food', 'confirmed', NOW() - INTERVAL '59 days 2 hours', NULL) ON CONFLICT DO NOTHING;
INSERT INTO slot_bookings (id, slot_id, user_id, order_id, booking_type, status, booked_at, cancelled_at) VALUES (24, 25, 8, 24, 'food', 'confirmed', NOW() - INTERVAL '27 days 2 hours', NULL) ON CONFLICT DO NOTHING;
INSERT INTO slot_bookings (id, slot_id, user_id, order_id, booking_type, status, booked_at, cancelled_at) VALUES (25, 56, 9, 25, 'food', 'confirmed', NOW() - INTERVAL '19 days 4 hours', NULL) ON CONFLICT DO NOTHING;
INSERT INTO slot_bookings (id, slot_id, user_id, order_id, booking_type, status, booked_at, cancelled_at) VALUES (26, 87, 9, 26, 'food', 'confirmed', NOW() - INTERVAL '31 days 18 hours', NULL) ON CONFLICT DO NOTHING;
INSERT INTO slot_bookings (id, slot_id, user_id, order_id, booking_type, status, booked_at, cancelled_at) VALUES (27, 118, 9, 27, 'food', 'confirmed', NOW() - INTERVAL '54 days 16 hours', NULL) ON CONFLICT DO NOTHING;
INSERT INTO slot_bookings (id, slot_id, user_id, order_id, booking_type, status, booked_at, cancelled_at) VALUES (28, 149, 10, 28, 'food', 'confirmed', NOW() - INTERVAL '47 days 16 hours', NULL) ON CONFLICT DO NOTHING;
INSERT INTO slot_bookings (id, slot_id, user_id, order_id, booking_type, status, booked_at, cancelled_at) VALUES (29, 180, 10, 29, 'food', 'confirmed', NOW() - INTERVAL '4 days 1 hours', NULL) ON CONFLICT DO NOTHING;
INSERT INTO slot_bookings (id, slot_id, user_id, order_id, booking_type, status, booked_at, cancelled_at) VALUES (30, 1, 10, 30, 'food', 'confirmed', NOW() - INTERVAL '57 days 2 hours', NULL) ON CONFLICT DO NOTHING;
INSERT INTO slot_bookings (id, slot_id, user_id, order_id, booking_type, status, booked_at, cancelled_at) VALUES (31, 32, 11, 31, 'food', 'confirmed', NOW() - INTERVAL '36 days 19 hours', NULL) ON CONFLICT DO NOTHING;
INSERT INTO slot_bookings (id, slot_id, user_id, order_id, booking_type, status, booked_at, cancelled_at) VALUES (32, 63, 11, 32, 'food', 'confirmed', NOW() - INTERVAL '15 days 20 hours', NULL) ON CONFLICT DO NOTHING;
INSERT INTO slot_bookings (id, slot_id, user_id, order_id, booking_type, status, booked_at, cancelled_at) VALUES (33, 94, 11, 33, 'food', 'confirmed', NOW() - INTERVAL '52 days 13 hours', NULL) ON CONFLICT DO NOTHING;
INSERT INTO slot_bookings (id, slot_id, user_id, order_id, booking_type, status, booked_at, cancelled_at) VALUES (34, 125, 12, 34, 'food', 'cancelled', NOW() - INTERVAL '61 days 2 hours', NOW() - INTERVAL '61 days 2 hours' + INTERVAL '5 minutes') ON CONFLICT DO NOTHING;
INSERT INTO slot_bookings (id, slot_id, user_id, order_id, booking_type, status, booked_at, cancelled_at) VALUES (35, 156, 12, 35, 'food', 'confirmed', NOW() - INTERVAL '48 days 4 hours', NULL) ON CONFLICT DO NOTHING;
INSERT INTO slot_bookings (id, slot_id, user_id, order_id, booking_type, status, booked_at, cancelled_at) VALUES (36, 7, 12, 36, 'food', 'confirmed', NOW() - INTERVAL '7 days 9 hours', NULL) ON CONFLICT DO NOTHING;
INSERT INTO slot_bookings (id, slot_id, user_id, order_id, booking_type, status, booked_at, cancelled_at) VALUES (37, 38, 13, 37, 'food', 'confirmed', NOW() - INTERVAL '14 days 11 hours', NULL) ON CONFLICT DO NOTHING;
INSERT INTO slot_bookings (id, slot_id, user_id, order_id, booking_type, status, booked_at, cancelled_at) VALUES (38, 69, 13, 38, 'food', 'confirmed', NOW() - INTERVAL '85 days 22 hours', NULL) ON CONFLICT DO NOTHING;
INSERT INTO slot_bookings (id, slot_id, user_id, order_id, booking_type, status, booked_at, cancelled_at) VALUES (39, 100, 13, 39, 'food', 'confirmed', NOW() - INTERVAL '45 days 0 hours', NULL) ON CONFLICT DO NOTHING;
INSERT INTO slot_bookings (id, slot_id, user_id, order_id, booking_type, status, booked_at, cancelled_at) VALUES (40, 131, 14, 40, 'food', 'confirmed', NOW() - INTERVAL '82 days 0 hours', NULL) ON CONFLICT DO NOTHING;
INSERT INTO slot_bookings (id, slot_id, user_id, order_id, booking_type, status, booked_at, cancelled_at) VALUES (41, 162, 14, 41, 'food', 'confirmed', NOW() - INTERVAL '44 days 5 hours', NULL) ON CONFLICT DO NOTHING;
INSERT INTO slot_bookings (id, slot_id, user_id, order_id, booking_type, status, booked_at, cancelled_at) VALUES (42, 13, 14, 42, 'food', 'confirmed', NOW() - INTERVAL '80 days 1 hours', NULL) ON CONFLICT DO NOTHING;
INSERT INTO slot_bookings (id, slot_id, user_id, order_id, booking_type, status, booked_at, cancelled_at) VALUES (43, 44, 15, 43, 'food', 'confirmed', NOW() - INTERVAL '28 days 16 hours', NULL) ON CONFLICT DO NOTHING;
INSERT INTO slot_bookings (id, slot_id, user_id, order_id, booking_type, status, booked_at, cancelled_at) VALUES (44, 75, 15, 44, 'food', 'confirmed', NOW() - INTERVAL '76 days 15 hours', NULL) ON CONFLICT DO NOTHING;
INSERT INTO slot_bookings (id, slot_id, user_id, order_id, booking_type, status, booked_at, cancelled_at) VALUES (45, 106, 15, 45, 'food', 'confirmed', NOW() - INTERVAL '28 days 4 hours', NULL) ON CONFLICT DO NOTHING;
INSERT INTO slot_bookings (id, slot_id, user_id, order_id, booking_type, status, booked_at, cancelled_at) VALUES (46, 137, 16, 46, 'food', 'confirmed', NOW() - INTERVAL '56 days 5 hours', NULL) ON CONFLICT DO NOTHING;
INSERT INTO slot_bookings (id, slot_id, user_id, order_id, booking_type, status, booked_at, cancelled_at) VALUES (47, 168, 16, 47, 'food', 'confirmed', NOW() - INTERVAL '46 days 2 hours', NULL) ON CONFLICT DO NOTHING;
INSERT INTO slot_bookings (id, slot_id, user_id, order_id, booking_type, status, booked_at, cancelled_at) VALUES (48, 19, 16, 48, 'food', 'confirmed', NOW() - INTERVAL '41 days 18 hours', NULL) ON CONFLICT DO NOTHING;
INSERT INTO slot_bookings (id, slot_id, user_id, order_id, booking_type, status, booked_at, cancelled_at) VALUES (49, 50, 17, 49, 'food', 'confirmed', NOW() - INTERVAL '42 days 5 hours', NULL) ON CONFLICT DO NOTHING;
INSERT INTO slot_bookings (id, slot_id, user_id, order_id, booking_type, status, booked_at, cancelled_at) VALUES (50, 81, 17, 50, 'food', 'confirmed', NOW() - INTERVAL '52 days 16 hours', NULL) ON CONFLICT DO NOTHING;
INSERT INTO slot_bookings (id, slot_id, user_id, order_id, booking_type, status, booked_at, cancelled_at) VALUES (51, 112, 17, 51, 'food', 'confirmed', NOW() - INTERVAL '29 days 10 hours', NULL) ON CONFLICT DO NOTHING;
INSERT INTO slot_bookings (id, slot_id, user_id, order_id, booking_type, status, booked_at, cancelled_at) VALUES (52, 143, 18, 52, 'food', 'confirmed', NOW() - INTERVAL '25 days 11 hours', NULL) ON CONFLICT DO NOTHING;
INSERT INTO slot_bookings (id, slot_id, user_id, order_id, booking_type, status, booked_at, cancelled_at) VALUES (53, 174, 18, 53, 'food', 'confirmed', NOW() - INTERVAL '23 days 19 hours', NULL) ON CONFLICT DO NOTHING;
INSERT INTO slot_bookings (id, slot_id, user_id, order_id, booking_type, status, booked_at, cancelled_at) VALUES (54, 25, 18, 54, 'food', 'cancelled', NOW() - INTERVAL '81 days 15 hours', NOW() - INTERVAL '81 days 15 hours' + INTERVAL '5 minutes') ON CONFLICT DO NOTHING;
INSERT INTO slot_bookings (id, slot_id, user_id, order_id, booking_type, status, booked_at, cancelled_at) VALUES (55, 56, 19, 55, 'food', 'confirmed', NOW() - INTERVAL '61 days 14 hours', NULL) ON CONFLICT DO NOTHING;
INSERT INTO slot_bookings (id, slot_id, user_id, order_id, booking_type, status, booked_at, cancelled_at) VALUES (56, 87, 19, 56, 'food', 'confirmed', NOW() - INTERVAL '58 days 1 hours', NULL) ON CONFLICT DO NOTHING;
INSERT INTO slot_bookings (id, slot_id, user_id, order_id, booking_type, status, booked_at, cancelled_at) VALUES (57, 118, 19, 57, 'food', 'confirmed', NOW() - INTERVAL '12 days 19 hours', NULL) ON CONFLICT DO NOTHING;
INSERT INTO slot_bookings (id, slot_id, user_id, order_id, booking_type, status, booked_at, cancelled_at) VALUES (58, 149, 20, 58, 'food', 'confirmed', NOW() - INTERVAL '61 days 16 hours', NULL) ON CONFLICT DO NOTHING;
INSERT INTO slot_bookings (id, slot_id, user_id, order_id, booking_type, status, booked_at, cancelled_at) VALUES (59, 180, 20, 59, 'food', 'confirmed', NOW() - INTERVAL '44 days 22 hours', NULL) ON CONFLICT DO NOTHING;
INSERT INTO slot_bookings (id, slot_id, user_id, order_id, booking_type, status, booked_at, cancelled_at) VALUES (60, 1, 20, 60, 'food', 'confirmed', NOW() - INTERVAL '57 days 14 hours', NULL) ON CONFLICT DO NOTHING;
INSERT INTO slot_bookings (id, slot_id, user_id, order_id, booking_type, status, booked_at, cancelled_at) VALUES (61, 32, 21, 61, 'food', 'confirmed', NOW() - INTERVAL '44 days 21 hours', NULL) ON CONFLICT DO NOTHING;
INSERT INTO slot_bookings (id, slot_id, user_id, order_id, booking_type, status, booked_at, cancelled_at) VALUES (62, 63, 21, 62, 'food', 'confirmed', NOW() - INTERVAL '85 days 19 hours', NULL) ON CONFLICT DO NOTHING;
INSERT INTO slot_bookings (id, slot_id, user_id, order_id, booking_type, status, booked_at, cancelled_at) VALUES (63, 94, 21, 63, 'food', 'confirmed', NOW() - INTERVAL '19 days 11 hours', NULL) ON CONFLICT DO NOTHING;
INSERT INTO slot_bookings (id, slot_id, user_id, order_id, booking_type, status, booked_at, cancelled_at) VALUES (64, 125, 22, 64, 'food', 'confirmed', NOW() - INTERVAL '83 days 10 hours', NULL) ON CONFLICT DO NOTHING;
INSERT INTO slot_bookings (id, slot_id, user_id, order_id, booking_type, status, booked_at, cancelled_at) VALUES (65, 156, 22, 65, 'food', 'confirmed', NOW() - INTERVAL '3 days 11 hours', NULL) ON CONFLICT DO NOTHING;
INSERT INTO slot_bookings (id, slot_id, user_id, order_id, booking_type, status, booked_at, cancelled_at) VALUES (66, 7, 22, 66, 'food', 'confirmed', NOW() - INTERVAL '18 days 4 hours', NULL) ON CONFLICT DO NOTHING;
INSERT INTO slot_bookings (id, slot_id, user_id, order_id, booking_type, status, booked_at, cancelled_at) VALUES (67, 38, 23, 67, 'food', 'confirmed', NOW() - INTERVAL '70 days 23 hours', NULL) ON CONFLICT DO NOTHING;
INSERT INTO slot_bookings (id, slot_id, user_id, order_id, booking_type, status, booked_at, cancelled_at) VALUES (68, 69, 23, 68, 'food', 'confirmed', NOW() - INTERVAL '80 days 5 hours', NULL) ON CONFLICT DO NOTHING;
INSERT INTO slot_bookings (id, slot_id, user_id, order_id, booking_type, status, booked_at, cancelled_at) VALUES (69, 100, 23, 69, 'food', 'confirmed', NOW() - INTERVAL '58 days 7 hours', NULL) ON CONFLICT DO NOTHING;
INSERT INTO slot_bookings (id, slot_id, user_id, order_id, booking_type, status, booked_at, cancelled_at) VALUES (70, 131, 24, 70, 'food', 'confirmed', NOW() - INTERVAL '37 days 12 hours', NULL) ON CONFLICT DO NOTHING;
INSERT INTO slot_bookings (id, slot_id, user_id, order_id, booking_type, status, booked_at, cancelled_at) VALUES (71, 162, 24, 71, 'food', 'confirmed', NOW() - INTERVAL '48 days 17 hours', NULL) ON CONFLICT DO NOTHING;
INSERT INTO slot_bookings (id, slot_id, user_id, order_id, booking_type, status, booked_at, cancelled_at) VALUES (72, 13, 24, 72, 'food', 'confirmed', NOW() - INTERVAL '21 days 8 hours', NULL) ON CONFLICT DO NOTHING;
INSERT INTO slot_bookings (id, slot_id, user_id, order_id, booking_type, status, booked_at, cancelled_at) VALUES (73, 44, 25, 73, 'food', 'confirmed', NOW() - INTERVAL '29 days 14 hours', NULL) ON CONFLICT DO NOTHING;
INSERT INTO slot_bookings (id, slot_id, user_id, order_id, booking_type, status, booked_at, cancelled_at) VALUES (74, 75, 25, 74, 'food', 'confirmed', NOW() - INTERVAL '31 days 12 hours', NULL) ON CONFLICT DO NOTHING;
INSERT INTO slot_bookings (id, slot_id, user_id, order_id, booking_type, status, booked_at, cancelled_at) VALUES (75, 106, 25, 75, 'food', 'confirmed', NOW() - INTERVAL '13 days 22 hours', NULL) ON CONFLICT DO NOTHING;
INSERT INTO slot_bookings (id, slot_id, user_id, order_id, booking_type, status, booked_at, cancelled_at) VALUES (76, 137, 26, 76, 'food', 'confirmed', NOW() - INTERVAL '18 days 22 hours', NULL) ON CONFLICT DO NOTHING;
INSERT INTO slot_bookings (id, slot_id, user_id, order_id, booking_type, status, booked_at, cancelled_at) VALUES (77, 168, 26, 77, 'food', 'confirmed', NOW() - INTERVAL '20 days 17 hours', NULL) ON CONFLICT DO NOTHING;
INSERT INTO slot_bookings (id, slot_id, user_id, order_id, booking_type, status, booked_at, cancelled_at) VALUES (78, 19, 26, 78, 'food', 'confirmed', NOW() - INTERVAL '54 days 20 hours', NULL) ON CONFLICT DO NOTHING;
INSERT INTO slot_bookings (id, slot_id, user_id, order_id, booking_type, status, booked_at, cancelled_at) VALUES (79, 50, 27, 79, 'food', 'confirmed', NOW() - INTERVAL '38 days 13 hours', NULL) ON CONFLICT DO NOTHING;
INSERT INTO slot_bookings (id, slot_id, user_id, order_id, booking_type, status, booked_at, cancelled_at) VALUES (80, 81, 27, 80, 'food', 'confirmed', NOW() - INTERVAL '24 days 21 hours', NULL) ON CONFLICT DO NOTHING;
INSERT INTO slot_bookings (id, slot_id, user_id, order_id, booking_type, status, booked_at, cancelled_at) VALUES (81, 112, 27, 81, 'food', 'confirmed', NOW() - INTERVAL '50 days 11 hours', NULL) ON CONFLICT DO NOTHING;
INSERT INTO slot_bookings (id, slot_id, user_id, order_id, booking_type, status, booked_at, cancelled_at) VALUES (82, 143, 28, 82, 'food', 'confirmed', NOW() - INTERVAL '85 days 20 hours', NULL) ON CONFLICT DO NOTHING;
INSERT INTO slot_bookings (id, slot_id, user_id, order_id, booking_type, status, booked_at, cancelled_at) VALUES (83, 174, 28, 83, 'food', 'confirmed', NOW() - INTERVAL '70 days 10 hours', NULL) ON CONFLICT DO NOTHING;
INSERT INTO slot_bookings (id, slot_id, user_id, order_id, booking_type, status, booked_at, cancelled_at) VALUES (84, 25, 28, 84, 'food', 'confirmed', NOW() - INTERVAL '59 days 1 hours', NULL) ON CONFLICT DO NOTHING;
INSERT INTO slot_bookings (id, slot_id, user_id, order_id, booking_type, status, booked_at, cancelled_at) VALUES (85, 56, 29, 85, 'food', 'confirmed', NOW() - INTERVAL '40 days 16 hours', NULL) ON CONFLICT DO NOTHING;
INSERT INTO slot_bookings (id, slot_id, user_id, order_id, booking_type, status, booked_at, cancelled_at) VALUES (86, 87, 29, 86, 'food', 'confirmed', NOW() - INTERVAL '7 days 20 hours', NULL) ON CONFLICT DO NOTHING;
INSERT INTO slot_bookings (id, slot_id, user_id, order_id, booking_type, status, booked_at, cancelled_at) VALUES (87, 118, 29, 87, 'food', 'confirmed', NOW() - INTERVAL '57 days 12 hours', NULL) ON CONFLICT DO NOTHING;
INSERT INTO slot_bookings (id, slot_id, user_id, order_id, booking_type, status, booked_at, cancelled_at) VALUES (88, 149, 30, 88, 'food', 'confirmed', NOW() - INTERVAL '67 days 8 hours', NULL) ON CONFLICT DO NOTHING;
INSERT INTO slot_bookings (id, slot_id, user_id, order_id, booking_type, status, booked_at, cancelled_at) VALUES (89, 180, 30, 89, 'food', 'confirmed', NOW() - INTERVAL '24 days 17 hours', NULL) ON CONFLICT DO NOTHING;
INSERT INTO slot_bookings (id, slot_id, user_id, order_id, booking_type, status, booked_at, cancelled_at) VALUES (90, 1, 30, 90, 'food', 'confirmed', NOW() - INTERVAL '40 days 14 hours', NULL) ON CONFLICT DO NOTHING;
INSERT INTO slot_bookings (id, slot_id, user_id, order_id, booking_type, status, booked_at, cancelled_at) VALUES (91, 32, 31, 91, 'food', 'confirmed', NOW() - INTERVAL '46 days 19 hours', NULL) ON CONFLICT DO NOTHING;
INSERT INTO slot_bookings (id, slot_id, user_id, order_id, booking_type, status, booked_at, cancelled_at) VALUES (92, 63, 31, 92, 'food', 'confirmed', NOW() - INTERVAL '21 days 0 hours', NULL) ON CONFLICT DO NOTHING;
INSERT INTO slot_bookings (id, slot_id, user_id, order_id, booking_type, status, booked_at, cancelled_at) VALUES (93, 94, 31, 93, 'food', 'confirmed', NOW() - INTERVAL '31 days 20 hours', NULL) ON CONFLICT DO NOTHING;
INSERT INTO slot_bookings (id, slot_id, user_id, order_id, booking_type, status, booked_at, cancelled_at) VALUES (94, 125, 32, 94, 'food', 'confirmed', NOW() - INTERVAL '48 days 11 hours', NULL) ON CONFLICT DO NOTHING;
INSERT INTO slot_bookings (id, slot_id, user_id, order_id, booking_type, status, booked_at, cancelled_at) VALUES (95, 156, 32, 95, 'food', 'confirmed', NOW() - INTERVAL '36 days 7 hours', NULL) ON CONFLICT DO NOTHING;
INSERT INTO slot_bookings (id, slot_id, user_id, order_id, booking_type, status, booked_at, cancelled_at) VALUES (96, 7, 32, 96, 'food', 'confirmed', NOW() - INTERVAL '50 days 17 hours', NULL) ON CONFLICT DO NOTHING;
INSERT INTO slot_bookings (id, slot_id, user_id, order_id, booking_type, status, booked_at, cancelled_at) VALUES (97, 38, 33, 97, 'food', 'confirmed', NOW() - INTERVAL '28 days 19 hours', NULL) ON CONFLICT DO NOTHING;
INSERT INTO slot_bookings (id, slot_id, user_id, order_id, booking_type, status, booked_at, cancelled_at) VALUES (98, 69, 33, 98, 'food', 'confirmed', NOW() - INTERVAL '58 days 5 hours', NULL) ON CONFLICT DO NOTHING;
INSERT INTO slot_bookings (id, slot_id, user_id, order_id, booking_type, status, booked_at, cancelled_at) VALUES (99, 100, 33, 99, 'food', 'confirmed', NOW() - INTERVAL '21 days 22 hours', NULL) ON CONFLICT DO NOTHING;
INSERT INTO slot_bookings (id, slot_id, user_id, order_id, booking_type, status, booked_at, cancelled_at) VALUES (100, 131, 34, 100, 'food', 'confirmed', NOW() - INTERVAL '31 days 15 hours', NULL) ON CONFLICT DO NOTHING;
INSERT INTO slot_bookings (id, slot_id, user_id, order_id, booking_type, status, booked_at, cancelled_at) VALUES (101, 162, 34, 101, 'food', 'confirmed', NOW() - INTERVAL '71 days 4 hours', NULL) ON CONFLICT DO NOTHING;
INSERT INTO slot_bookings (id, slot_id, user_id, order_id, booking_type, status, booked_at, cancelled_at) VALUES (102, 13, 34, 102, 'food', 'confirmed', NOW() - INTERVAL '74 days 2 hours', NULL) ON CONFLICT DO NOTHING;
INSERT INTO slot_bookings (id, slot_id, user_id, order_id, booking_type, status, booked_at, cancelled_at) VALUES (103, 44, 35, 103, 'food', 'confirmed', NOW() - INTERVAL '67 days 11 hours', NULL) ON CONFLICT DO NOTHING;
INSERT INTO slot_bookings (id, slot_id, user_id, order_id, booking_type, status, booked_at, cancelled_at) VALUES (104, 75, 35, 104, 'food', 'confirmed', NOW() - INTERVAL '8 days 3 hours', NULL) ON CONFLICT DO NOTHING;
INSERT INTO slot_bookings (id, slot_id, user_id, order_id, booking_type, status, booked_at, cancelled_at) VALUES (105, 106, 35, 105, 'food', 'confirmed', NOW() - INTERVAL '67 days 9 hours', NULL) ON CONFLICT DO NOTHING;
INSERT INTO slot_bookings (id, slot_id, user_id, order_id, booking_type, status, booked_at, cancelled_at) VALUES (106, 137, 36, 106, 'food', 'confirmed', NOW() - INTERVAL '71 days 8 hours', NULL) ON CONFLICT DO NOTHING;
INSERT INTO slot_bookings (id, slot_id, user_id, order_id, booking_type, status, booked_at, cancelled_at) VALUES (107, 168, 36, 107, 'food', 'confirmed', NOW() - INTERVAL '22 days 18 hours', NULL) ON CONFLICT DO NOTHING;
INSERT INTO slot_bookings (id, slot_id, user_id, order_id, booking_type, status, booked_at, cancelled_at) VALUES (108, 19, 36, 108, 'food', 'confirmed', NOW() - INTERVAL '83 days 18 hours', NULL) ON CONFLICT DO NOTHING;
INSERT INTO slot_bookings (id, slot_id, user_id, order_id, booking_type, status, booked_at, cancelled_at) VALUES (109, 50, 37, 109, 'food', 'confirmed', NOW() - INTERVAL '70 days 9 hours', NULL) ON CONFLICT DO NOTHING;
INSERT INTO slot_bookings (id, slot_id, user_id, order_id, booking_type, status, booked_at, cancelled_at) VALUES (110, 81, 37, 110, 'food', 'confirmed', NOW() - INTERVAL '8 days 5 hours', NULL) ON CONFLICT DO NOTHING;
INSERT INTO slot_bookings (id, slot_id, user_id, order_id, booking_type, status, booked_at, cancelled_at) VALUES (111, 112, 37, 111, 'food', 'confirmed', NOW() - INTERVAL '19 days 10 hours', NULL) ON CONFLICT DO NOTHING;
INSERT INTO slot_bookings (id, slot_id, user_id, order_id, booking_type, status, booked_at, cancelled_at) VALUES (112, 143, 38, 112, 'food', 'confirmed', NOW() - INTERVAL '60 days 3 hours', NULL) ON CONFLICT DO NOTHING;
INSERT INTO slot_bookings (id, slot_id, user_id, order_id, booking_type, status, booked_at, cancelled_at) VALUES (113, 174, 38, 113, 'food', 'confirmed', NOW() - INTERVAL '50 days 19 hours', NULL) ON CONFLICT DO NOTHING;
INSERT INTO slot_bookings (id, slot_id, user_id, order_id, booking_type, status, booked_at, cancelled_at) VALUES (114, 25, 38, 114, 'food', 'confirmed', NOW() - INTERVAL '21 days 15 hours', NULL) ON CONFLICT DO NOTHING;
INSERT INTO slot_bookings (id, slot_id, user_id, order_id, booking_type, status, booked_at, cancelled_at) VALUES (115, 56, 39, 115, 'food', 'confirmed', NOW() - INTERVAL '65 days 14 hours', NULL) ON CONFLICT DO NOTHING;
INSERT INTO slot_bookings (id, slot_id, user_id, order_id, booking_type, status, booked_at, cancelled_at) VALUES (116, 87, 39, 116, 'food', 'confirmed', NOW() - INTERVAL '37 days 15 hours', NULL) ON CONFLICT DO NOTHING;
INSERT INTO slot_bookings (id, slot_id, user_id, order_id, booking_type, status, booked_at, cancelled_at) VALUES (117, 118, 39, 117, 'food', 'confirmed', NOW() - INTERVAL '47 days 12 hours', NULL) ON CONFLICT DO NOTHING;
INSERT INTO slot_bookings (id, slot_id, user_id, order_id, booking_type, status, booked_at, cancelled_at) VALUES (118, 149, 40, 118, 'food', 'confirmed', NOW() - INTERVAL '37 days 2 hours', NULL) ON CONFLICT DO NOTHING;
INSERT INTO slot_bookings (id, slot_id, user_id, order_id, booking_type, status, booked_at, cancelled_at) VALUES (119, 180, 40, 119, 'food', 'confirmed', NOW() - INTERVAL '13 days 12 hours', NULL) ON CONFLICT DO NOTHING;
INSERT INTO slot_bookings (id, slot_id, user_id, order_id, booking_type, status, booked_at, cancelled_at) VALUES (120, 1, 40, 120, 'food', 'confirmed', NOW() - INTERVAL '52 days 16 hours', NULL) ON CONFLICT DO NOTHING;
INSERT INTO slot_bookings (id, slot_id, user_id, order_id, booking_type, status, booked_at, cancelled_at) VALUES (121, 32, 41, 121, 'food', 'confirmed', NOW() - INTERVAL '43 days 15 hours', NULL) ON CONFLICT DO NOTHING;
INSERT INTO slot_bookings (id, slot_id, user_id, order_id, booking_type, status, booked_at, cancelled_at) VALUES (122, 63, 41, 122, 'food', 'confirmed', NOW() - INTERVAL '79 days 23 hours', NULL) ON CONFLICT DO NOTHING;
INSERT INTO slot_bookings (id, slot_id, user_id, order_id, booking_type, status, booked_at, cancelled_at) VALUES (123, 94, 41, 123, 'food', 'confirmed', NOW() - INTERVAL '48 days 10 hours', NULL) ON CONFLICT DO NOTHING;
INSERT INTO slot_bookings (id, slot_id, user_id, order_id, booking_type, status, booked_at, cancelled_at) VALUES (124, 125, 42, 124, 'food', 'cancelled', NOW() - INTERVAL '75 days 18 hours', NOW() - INTERVAL '75 days 18 hours' + INTERVAL '5 minutes') ON CONFLICT DO NOTHING;
INSERT INTO slot_bookings (id, slot_id, user_id, order_id, booking_type, status, booked_at, cancelled_at) VALUES (125, 156, 42, 125, 'food', 'confirmed', NOW() - INTERVAL '81 days 23 hours', NULL) ON CONFLICT DO NOTHING;
INSERT INTO slot_bookings (id, slot_id, user_id, order_id, booking_type, status, booked_at, cancelled_at) VALUES (126, 7, 42, 126, 'food', 'confirmed', NOW() - INTERVAL '41 days 13 hours', NULL) ON CONFLICT DO NOTHING;
INSERT INTO slot_bookings (id, slot_id, user_id, order_id, booking_type, status, booked_at, cancelled_at) VALUES (127, 38, 43, 127, 'food', 'confirmed', NOW() - INTERVAL '79 days 15 hours', NULL) ON CONFLICT DO NOTHING;
INSERT INTO slot_bookings (id, slot_id, user_id, order_id, booking_type, status, booked_at, cancelled_at) VALUES (128, 69, 43, 128, 'food', 'confirmed', NOW() - INTERVAL '41 days 5 hours', NULL) ON CONFLICT DO NOTHING;
INSERT INTO slot_bookings (id, slot_id, user_id, order_id, booking_type, status, booked_at, cancelled_at) VALUES (129, 100, 43, 129, 'food', 'confirmed', NOW() - INTERVAL '32 days 8 hours', NULL) ON CONFLICT DO NOTHING;
INSERT INTO slot_bookings (id, slot_id, user_id, order_id, booking_type, status, booked_at, cancelled_at) VALUES (130, 131, 44, 130, 'food', 'confirmed', NOW() - INTERVAL '45 days 17 hours', NULL) ON CONFLICT DO NOTHING;
INSERT INTO slot_bookings (id, slot_id, user_id, order_id, booking_type, status, booked_at, cancelled_at) VALUES (131, 162, 44, 131, 'food', 'cancelled', NOW() - INTERVAL '19 days 9 hours', NOW() - INTERVAL '19 days 9 hours' + INTERVAL '5 minutes') ON CONFLICT DO NOTHING;
INSERT INTO slot_bookings (id, slot_id, user_id, order_id, booking_type, status, booked_at, cancelled_at) VALUES (132, 13, 44, 132, 'food', 'confirmed', NOW() - INTERVAL '57 days 20 hours', NULL) ON CONFLICT DO NOTHING;
INSERT INTO slot_bookings (id, slot_id, user_id, order_id, booking_type, status, booked_at, cancelled_at) VALUES (133, 44, 45, 133, 'food', 'confirmed', NOW() - INTERVAL '35 days 4 hours', NULL) ON CONFLICT DO NOTHING;
INSERT INTO slot_bookings (id, slot_id, user_id, order_id, booking_type, status, booked_at, cancelled_at) VALUES (134, 75, 45, 134, 'food', 'confirmed', NOW() - INTERVAL '68 days 7 hours', NULL) ON CONFLICT DO NOTHING;
INSERT INTO slot_bookings (id, slot_id, user_id, order_id, booking_type, status, booked_at, cancelled_at) VALUES (135, 106, 45, 135, 'food', 'confirmed', NOW() - INTERVAL '18 days 0 hours', NULL) ON CONFLICT DO NOTHING;
INSERT INTO slot_bookings (id, slot_id, user_id, order_id, booking_type, status, booked_at, cancelled_at) VALUES (136, 137, 46, 136, 'food', 'confirmed', NOW() - INTERVAL '83 days 1 hours', NULL) ON CONFLICT DO NOTHING;
INSERT INTO slot_bookings (id, slot_id, user_id, order_id, booking_type, status, booked_at, cancelled_at) VALUES (137, 168, 46, 137, 'food', 'confirmed', NOW() - INTERVAL '23 days 13 hours', NULL) ON CONFLICT DO NOTHING;
INSERT INTO slot_bookings (id, slot_id, user_id, order_id, booking_type, status, booked_at, cancelled_at) VALUES (138, 19, 46, 138, 'food', 'confirmed', NOW() - INTERVAL '24 days 23 hours', NULL) ON CONFLICT DO NOTHING;
INSERT INTO slot_bookings (id, slot_id, user_id, order_id, booking_type, status, booked_at, cancelled_at) VALUES (139, 50, 47, 139, 'food', 'confirmed', NOW() - INTERVAL '43 days 9 hours', NULL) ON CONFLICT DO NOTHING;
INSERT INTO slot_bookings (id, slot_id, user_id, order_id, booking_type, status, booked_at, cancelled_at) VALUES (140, 81, 47, 140, 'food', 'confirmed', NOW() - INTERVAL '15 days 10 hours', NULL) ON CONFLICT DO NOTHING;
INSERT INTO slot_bookings (id, slot_id, user_id, order_id, booking_type, status, booked_at, cancelled_at) VALUES (141, 112, 47, 141, 'food', 'confirmed', NOW() - INTERVAL '2 days 23 hours', NULL) ON CONFLICT DO NOTHING;
INSERT INTO slot_bookings (id, slot_id, user_id, order_id, booking_type, status, booked_at, cancelled_at) VALUES (142, 143, 48, 142, 'food', 'confirmed', NOW() - INTERVAL '66 days 10 hours', NULL) ON CONFLICT DO NOTHING;
INSERT INTO slot_bookings (id, slot_id, user_id, order_id, booking_type, status, booked_at, cancelled_at) VALUES (143, 174, 48, 143, 'food', 'confirmed', NOW() - INTERVAL '18 days 15 hours', NULL) ON CONFLICT DO NOTHING;
INSERT INTO slot_bookings (id, slot_id, user_id, order_id, booking_type, status, booked_at, cancelled_at) VALUES (144, 25, 48, 144, 'food', 'confirmed', NOW() - INTERVAL '35 days 10 hours', NULL) ON CONFLICT DO NOTHING;
INSERT INTO slot_bookings (id, slot_id, user_id, order_id, booking_type, status, booked_at, cancelled_at) VALUES (145, 56, 49, 145, 'food', 'confirmed', NOW() - INTERVAL '16 days 14 hours', NULL) ON CONFLICT DO NOTHING;
INSERT INTO slot_bookings (id, slot_id, user_id, order_id, booking_type, status, booked_at, cancelled_at) VALUES (146, 87, 49, 146, 'food', 'confirmed', NOW() - INTERVAL '82 days 9 hours', NULL) ON CONFLICT DO NOTHING;
INSERT INTO slot_bookings (id, slot_id, user_id, order_id, booking_type, status, booked_at, cancelled_at) VALUES (147, 118, 49, 147, 'food', 'confirmed', NOW() - INTERVAL '78 days 11 hours', NULL) ON CONFLICT DO NOTHING;
INSERT INTO slot_bookings (id, slot_id, user_id, order_id, booking_type, status, booked_at, cancelled_at) VALUES (148, 149, 50, 148, 'food', 'confirmed', NOW() - INTERVAL '68 days 22 hours', NULL) ON CONFLICT DO NOTHING;
INSERT INTO slot_bookings (id, slot_id, user_id, order_id, booking_type, status, booked_at, cancelled_at) VALUES (149, 180, 50, 149, 'food', 'confirmed', NOW() - INTERVAL '20 days 5 hours', NULL) ON CONFLICT DO NOTHING;
INSERT INTO slot_bookings (id, slot_id, user_id, order_id, booking_type, status, booked_at, cancelled_at) VALUES (150, 1, 50, 150, 'food', 'confirmed', NOW() - INTERVAL '66 days 14 hours', NULL) ON CONFLICT DO NOTHING;
INSERT INTO slot_bookings (id, slot_id, user_id, order_id, booking_type, status, booked_at, cancelled_at) VALUES (151, 32, 51, 151, 'food', 'confirmed', NOW() - INTERVAL '59 days 18 hours', NULL) ON CONFLICT DO NOTHING;
INSERT INTO slot_bookings (id, slot_id, user_id, order_id, booking_type, status, booked_at, cancelled_at) VALUES (152, 63, 51, 152, 'food', 'confirmed', NOW() - INTERVAL '51 days 8 hours', NULL) ON CONFLICT DO NOTHING;
INSERT INTO slot_bookings (id, slot_id, user_id, order_id, booking_type, status, booked_at, cancelled_at) VALUES (153, 94, 51, 153, 'food', 'confirmed', NOW() - INTERVAL '45 days 22 hours', NULL) ON CONFLICT DO NOTHING;
INSERT INTO slot_bookings (id, slot_id, user_id, order_id, booking_type, status, booked_at, cancelled_at) VALUES (154, 125, 52, 154, 'food', 'cancelled', NOW() - INTERVAL '61 days 1 hours', NOW() - INTERVAL '61 days 1 hours' + INTERVAL '5 minutes') ON CONFLICT DO NOTHING;
INSERT INTO slot_bookings (id, slot_id, user_id, order_id, booking_type, status, booked_at, cancelled_at) VALUES (155, 156, 52, 155, 'food', 'confirmed', NOW() - INTERVAL '49 days 14 hours', NULL) ON CONFLICT DO NOTHING;
INSERT INTO slot_bookings (id, slot_id, user_id, order_id, booking_type, status, booked_at, cancelled_at) VALUES (156, 7, 52, 156, 'food', 'confirmed', NOW() - INTERVAL '69 days 12 hours', NULL) ON CONFLICT DO NOTHING;
INSERT INTO slot_bookings (id, slot_id, user_id, order_id, booking_type, status, booked_at, cancelled_at) VALUES (157, 38, 53, 157, 'food', 'confirmed', NOW() - INTERVAL '70 days 13 hours', NULL) ON CONFLICT DO NOTHING;
INSERT INTO slot_bookings (id, slot_id, user_id, order_id, booking_type, status, booked_at, cancelled_at) VALUES (158, 69, 53, 158, 'food', 'confirmed', NOW() - INTERVAL '15 days 1 hours', NULL) ON CONFLICT DO NOTHING;
INSERT INTO slot_bookings (id, slot_id, user_id, order_id, booking_type, status, booked_at, cancelled_at) VALUES (159, 100, 53, 159, 'food', 'confirmed', NOW() - INTERVAL '58 days 19 hours', NULL) ON CONFLICT DO NOTHING;
INSERT INTO slot_bookings (id, slot_id, user_id, order_id, booking_type, status, booked_at, cancelled_at) VALUES (160, 131, 54, 160, 'food', 'confirmed', NOW() - INTERVAL '8 days 4 hours', NULL) ON CONFLICT DO NOTHING;
INSERT INTO slot_bookings (id, slot_id, user_id, order_id, booking_type, status, booked_at, cancelled_at) VALUES (161, 162, 54, 161, 'food', 'confirmed', NOW() - INTERVAL '85 days 16 hours', NULL) ON CONFLICT DO NOTHING;
INSERT INTO slot_bookings (id, slot_id, user_id, order_id, booking_type, status, booked_at, cancelled_at) VALUES (162, 13, 54, 162, 'food', 'confirmed', NOW() - INTERVAL '72 days 18 hours', NULL) ON CONFLICT DO NOTHING;
INSERT INTO slot_bookings (id, slot_id, user_id, order_id, booking_type, status, booked_at, cancelled_at) VALUES (163, 44, 55, 163, 'food', 'confirmed', NOW() - INTERVAL '41 days 22 hours', NULL) ON CONFLICT DO NOTHING;
INSERT INTO slot_bookings (id, slot_id, user_id, order_id, booking_type, status, booked_at, cancelled_at) VALUES (164, 75, 55, 164, 'food', 'confirmed', NOW() - INTERVAL '69 days 15 hours', NULL) ON CONFLICT DO NOTHING;
INSERT INTO slot_bookings (id, slot_id, user_id, order_id, booking_type, status, booked_at, cancelled_at) VALUES (165, 106, 55, 165, 'food', 'confirmed', NOW() - INTERVAL '19 days 14 hours', NULL) ON CONFLICT DO NOTHING;
INSERT INTO slot_bookings (id, slot_id, user_id, order_id, booking_type, status, booked_at, cancelled_at) VALUES (166, 137, 56, 166, 'food', 'confirmed', NOW() - INTERVAL '18 days 12 hours', NULL) ON CONFLICT DO NOTHING;
INSERT INTO slot_bookings (id, slot_id, user_id, order_id, booking_type, status, booked_at, cancelled_at) VALUES (167, 168, 56, 167, 'food', 'confirmed', NOW() - INTERVAL '11 days 14 hours', NULL) ON CONFLICT DO NOTHING;
INSERT INTO slot_bookings (id, slot_id, user_id, order_id, booking_type, status, booked_at, cancelled_at) VALUES (168, 19, 56, 168, 'food', 'confirmed', NOW() - INTERVAL '78 days 19 hours', NULL) ON CONFLICT DO NOTHING;
INSERT INTO slot_bookings (id, slot_id, user_id, order_id, booking_type, status, booked_at, cancelled_at) VALUES (169, 50, 57, 169, 'food', 'confirmed', NOW() - INTERVAL '76 days 23 hours', NULL) ON CONFLICT DO NOTHING;
INSERT INTO slot_bookings (id, slot_id, user_id, order_id, booking_type, status, booked_at, cancelled_at) VALUES (170, 81, 57, 170, 'food', 'confirmed', NOW() - INTERVAL '25 days 23 hours', NULL) ON CONFLICT DO NOTHING;
INSERT INTO slot_bookings (id, slot_id, user_id, order_id, booking_type, status, booked_at, cancelled_at) VALUES (171, 112, 57, 171, 'food', 'confirmed', NOW() - INTERVAL '27 days 12 hours', NULL) ON CONFLICT DO NOTHING;
INSERT INTO slot_bookings (id, slot_id, user_id, order_id, booking_type, status, booked_at, cancelled_at) VALUES (172, 143, 58, 172, 'food', 'confirmed', NOW() - INTERVAL '69 days 20 hours', NULL) ON CONFLICT DO NOTHING;
INSERT INTO slot_bookings (id, slot_id, user_id, order_id, booking_type, status, booked_at, cancelled_at) VALUES (173, 174, 58, 173, 'food', 'confirmed', NOW() - INTERVAL '61 days 10 hours', NULL) ON CONFLICT DO NOTHING;
INSERT INTO slot_bookings (id, slot_id, user_id, order_id, booking_type, status, booked_at, cancelled_at) VALUES (174, 25, 58, 174, 'food', 'confirmed', NOW() - INTERVAL '73 days 7 hours', NULL) ON CONFLICT DO NOTHING;
INSERT INTO slot_bookings (id, slot_id, user_id, order_id, booking_type, status, booked_at, cancelled_at) VALUES (175, 56, 59, 175, 'food', 'confirmed', NOW() - INTERVAL '30 days 12 hours', NULL) ON CONFLICT DO NOTHING;
INSERT INTO slot_bookings (id, slot_id, user_id, order_id, booking_type, status, booked_at, cancelled_at) VALUES (176, 87, 59, 176, 'food', 'confirmed', NOW() - INTERVAL '46 days 5 hours', NULL) ON CONFLICT DO NOTHING;
INSERT INTO slot_bookings (id, slot_id, user_id, order_id, booking_type, status, booked_at, cancelled_at) VALUES (177, 118, 59, 177, 'food', 'confirmed', NOW() - INTERVAL '70 days 20 hours', NULL) ON CONFLICT DO NOTHING;
INSERT INTO slot_bookings (id, slot_id, user_id, order_id, booking_type, status, booked_at, cancelled_at) VALUES (178, 149, 60, 178, 'food', 'confirmed', NOW() - INTERVAL '7 days 0 hours', NULL) ON CONFLICT DO NOTHING;
INSERT INTO slot_bookings (id, slot_id, user_id, order_id, booking_type, status, booked_at, cancelled_at) VALUES (179, 180, 60, 179, 'food', 'confirmed', NOW() - INTERVAL '65 days 14 hours', NULL) ON CONFLICT DO NOTHING;
INSERT INTO slot_bookings (id, slot_id, user_id, order_id, booking_type, status, booked_at, cancelled_at) VALUES (180, 1, 60, 180, 'food', 'confirmed', NOW() - INTERVAL '71 days 13 hours', NULL) ON CONFLICT DO NOTHING;
INSERT INTO slot_bookings (id, slot_id, user_id, order_id, booking_type, status, booked_at, cancelled_at) VALUES (181, 32, 61, 181, 'food', 'confirmed', NOW() - INTERVAL '37 days 0 hours', NULL) ON CONFLICT DO NOTHING;
INSERT INTO slot_bookings (id, slot_id, user_id, order_id, booking_type, status, booked_at, cancelled_at) VALUES (182, 63, 61, 182, 'food', 'confirmed', NOW() - INTERVAL '80 days 16 hours', NULL) ON CONFLICT DO NOTHING;
INSERT INTO slot_bookings (id, slot_id, user_id, order_id, booking_type, status, booked_at, cancelled_at) VALUES (183, 94, 61, 183, 'food', 'confirmed', NOW() - INTERVAL '52 days 14 hours', NULL) ON CONFLICT DO NOTHING;
INSERT INTO slot_bookings (id, slot_id, user_id, order_id, booking_type, status, booked_at, cancelled_at) VALUES (184, 125, 62, 184, 'food', 'confirmed', NOW() - INTERVAL '49 days 17 hours', NULL) ON CONFLICT DO NOTHING;
INSERT INTO slot_bookings (id, slot_id, user_id, order_id, booking_type, status, booked_at, cancelled_at) VALUES (185, 156, 62, 185, 'food', 'confirmed', NOW() - INTERVAL '56 days 20 hours', NULL) ON CONFLICT DO NOTHING;
INSERT INTO slot_bookings (id, slot_id, user_id, order_id, booking_type, status, booked_at, cancelled_at) VALUES (186, 7, 62, 186, 'food', 'confirmed', NOW() - INTERVAL '73 days 15 hours', NULL) ON CONFLICT DO NOTHING;
INSERT INTO slot_bookings (id, slot_id, user_id, order_id, booking_type, status, booked_at, cancelled_at) VALUES (187, 38, 63, 187, 'food', 'confirmed', NOW() - INTERVAL '41 days 0 hours', NULL) ON CONFLICT DO NOTHING;
INSERT INTO slot_bookings (id, slot_id, user_id, order_id, booking_type, status, booked_at, cancelled_at) VALUES (188, 69, 63, 188, 'food', 'confirmed', NOW() - INTERVAL '39 days 5 hours', NULL) ON CONFLICT DO NOTHING;
INSERT INTO slot_bookings (id, slot_id, user_id, order_id, booking_type, status, booked_at, cancelled_at) VALUES (189, 100, 63, 189, 'food', 'confirmed', NOW() - INTERVAL '45 days 1 hours', NULL) ON CONFLICT DO NOTHING;
INSERT INTO slot_bookings (id, slot_id, user_id, order_id, booking_type, status, booked_at, cancelled_at) VALUES (190, 131, 64, 190, 'food', 'confirmed', NOW() - INTERVAL '44 days 19 hours', NULL) ON CONFLICT DO NOTHING;
INSERT INTO slot_bookings (id, slot_id, user_id, order_id, booking_type, status, booked_at, cancelled_at) VALUES (191, 162, 64, 191, 'food', 'confirmed', NOW() - INTERVAL '71 days 12 hours', NULL) ON CONFLICT DO NOTHING;
INSERT INTO slot_bookings (id, slot_id, user_id, order_id, booking_type, status, booked_at, cancelled_at) VALUES (192, 13, 64, 192, 'food', 'confirmed', NOW() - INTERVAL '10 days 2 hours', NULL) ON CONFLICT DO NOTHING;
INSERT INTO slot_bookings (id, slot_id, user_id, order_id, booking_type, status, booked_at, cancelled_at) VALUES (193, 44, 65, 193, 'food', 'confirmed', NOW() - INTERVAL '14 days 2 hours', NULL) ON CONFLICT DO NOTHING;
INSERT INTO slot_bookings (id, slot_id, user_id, order_id, booking_type, status, booked_at, cancelled_at) VALUES (194, 75, 65, 194, 'food', 'confirmed', NOW() - INTERVAL '35 days 3 hours', NULL) ON CONFLICT DO NOTHING;
INSERT INTO slot_bookings (id, slot_id, user_id, order_id, booking_type, status, booked_at, cancelled_at) VALUES (195, 106, 65, 195, 'food', 'confirmed', NOW() - INTERVAL '72 days 17 hours', NULL) ON CONFLICT DO NOTHING;
INSERT INTO slot_bookings (id, slot_id, user_id, order_id, booking_type, status, booked_at, cancelled_at) VALUES (196, 137, 42, 196, 'food', 'confirmed', NOW() - INTERVAL '2 days 9 hours', NULL) ON CONFLICT DO NOTHING;
INSERT INTO slot_bookings (id, slot_id, user_id, order_id, booking_type, status, booked_at, cancelled_at) VALUES (197, 168, 49, 197, 'food', 'confirmed', NOW() - INTERVAL '35 days 9 hours', NULL) ON CONFLICT DO NOTHING;
INSERT INTO slot_bookings (id, slot_id, user_id, order_id, booking_type, status, booked_at, cancelled_at) VALUES (198, 19, 56, 198, 'food', 'confirmed', NOW() - INTERVAL '39 days 15 hours', NULL) ON CONFLICT DO NOTHING;
INSERT INTO slot_bookings (id, slot_id, user_id, order_id, booking_type, status, booked_at, cancelled_at) VALUES (199, 50, 32, 199, 'food', 'confirmed', NOW() - INTERVAL '64 days 19 hours', NULL) ON CONFLICT DO NOTHING;
INSERT INTO slot_bookings (id, slot_id, user_id, order_id, booking_type, status, booked_at, cancelled_at) VALUES (200, 81, 51, 200, 'food', 'confirmed', NOW() - INTERVAL '80 days 12 hours', NULL) ON CONFLICT DO NOTHING;
INSERT INTO slot_bookings (id, slot_id, user_id, order_id, booking_type, status, booked_at, cancelled_at) VALUES (201, 112, 39, 201, 'food', 'confirmed', NOW() - INTERVAL '26 days 15 hours', NULL) ON CONFLICT DO NOTHING;
INSERT INTO slot_bookings (id, slot_id, user_id, order_id, booking_type, status, booked_at, cancelled_at) VALUES (202, 143, 63, 202, 'food', 'cancelled', NOW() - INTERVAL '32 days 10 hours', NOW() - INTERVAL '32 days 10 hours' + INTERVAL '5 minutes') ON CONFLICT DO NOTHING;
INSERT INTO slot_bookings (id, slot_id, user_id, order_id, booking_type, status, booked_at, cancelled_at) VALUES (203, 174, 26, 203, 'food', 'confirmed', NOW() - INTERVAL '70 days 5 hours', NULL) ON CONFLICT DO NOTHING;
INSERT INTO slot_bookings (id, slot_id, user_id, order_id, booking_type, status, booked_at, cancelled_at) VALUES (204, 25, 53, 204, 'food', 'confirmed', NOW() - INTERVAL '18 days 20 hours', NULL) ON CONFLICT DO NOTHING;
INSERT INTO slot_bookings (id, slot_id, user_id, order_id, booking_type, status, booked_at, cancelled_at) VALUES (205, 56, 49, 205, 'food', 'confirmed', NOW() - INTERVAL '77 days 15 hours', NULL) ON CONFLICT DO NOTHING;
INSERT INTO slot_bookings (id, slot_id, user_id, order_id, booking_type, status, booked_at, cancelled_at) VALUES (206, 87, 32, 206, 'food', 'confirmed', NOW() - INTERVAL '46 days 5 hours', NULL) ON CONFLICT DO NOTHING;
INSERT INTO slot_bookings (id, slot_id, user_id, order_id, booking_type, status, booked_at, cancelled_at) VALUES (207, 118, 13, 207, 'food', 'confirmed', NOW() - INTERVAL '66 days 23 hours', NULL) ON CONFLICT DO NOTHING;
INSERT INTO slot_bookings (id, slot_id, user_id, order_id, booking_type, status, booked_at, cancelled_at) VALUES (208, 149, 45, 208, 'food', 'cancelled', NOW() - INTERVAL '62 days 3 hours', NOW() - INTERVAL '62 days 3 hours' + INTERVAL '5 minutes') ON CONFLICT DO NOTHING;
INSERT INTO slot_bookings (id, slot_id, user_id, order_id, booking_type, status, booked_at, cancelled_at) VALUES (209, 180, 45, 209, 'food', 'confirmed', NOW() - INTERVAL '59 days 6 hours', NULL) ON CONFLICT DO NOTHING;
INSERT INTO slot_bookings (id, slot_id, user_id, order_id, booking_type, status, booked_at, cancelled_at) VALUES (210, 1, 41, 210, 'food', 'confirmed', NOW() - INTERVAL '6 days 22 hours', NULL) ON CONFLICT DO NOTHING;
INSERT INTO slot_bookings (id, slot_id, user_id, order_id, booking_type, status, booked_at, cancelled_at) VALUES (211, 32, 14, 211, 'food', 'confirmed', NOW() - INTERVAL '22 days 23 hours', NULL) ON CONFLICT DO NOTHING;
INSERT INTO slot_bookings (id, slot_id, user_id, order_id, booking_type, status, booked_at, cancelled_at) VALUES (212, 63, 21, 212, 'food', 'confirmed', NOW() - INTERVAL '55 days 14 hours', NULL) ON CONFLICT DO NOTHING;
INSERT INTO slot_bookings (id, slot_id, user_id, order_id, booking_type, status, booked_at, cancelled_at) VALUES (213, 94, 24, 213, 'food', 'confirmed', NOW() - INTERVAL '56 days 12 hours', NULL) ON CONFLICT DO NOTHING;
INSERT INTO slot_bookings (id, slot_id, user_id, order_id, booking_type, status, booked_at, cancelled_at) VALUES (214, 125, 55, 214, 'food', 'confirmed', NOW() - INTERVAL '28 days 6 hours', NULL) ON CONFLICT DO NOTHING;
INSERT INTO slot_bookings (id, slot_id, user_id, order_id, booking_type, status, booked_at, cancelled_at) VALUES (215, 156, 42, 215, 'food', 'confirmed', NOW() - INTERVAL '15 days 8 hours', NULL) ON CONFLICT DO NOTHING;
INSERT INTO slot_bookings (id, slot_id, user_id, order_id, booking_type, status, booked_at, cancelled_at) VALUES (216, 7, 46, 216, 'food', 'confirmed', NOW() - INTERVAL '80 days 5 hours', NULL) ON CONFLICT DO NOTHING;
INSERT INTO slot_bookings (id, slot_id, user_id, order_id, booking_type, status, booked_at, cancelled_at) VALUES (217, 38, 40, 217, 'food', 'confirmed', NOW() - INTERVAL '48 days 22 hours', NULL) ON CONFLICT DO NOTHING;
INSERT INTO slot_bookings (id, slot_id, user_id, order_id, booking_type, status, booked_at, cancelled_at) VALUES (218, 69, 54, 218, 'food', 'confirmed', NOW() - INTERVAL '74 days 12 hours', NULL) ON CONFLICT DO NOTHING;
INSERT INTO slot_bookings (id, slot_id, user_id, order_id, booking_type, status, booked_at, cancelled_at) VALUES (219, 100, 63, 219, 'food', 'confirmed', NOW() - INTERVAL '24 days 10 hours', NULL) ON CONFLICT DO NOTHING;
INSERT INTO slot_bookings (id, slot_id, user_id, order_id, booking_type, status, booked_at, cancelled_at) VALUES (220, 131, 18, 220, 'food', 'confirmed', NOW() - INTERVAL '50 days 17 hours', NULL) ON CONFLICT DO NOTHING;
INSERT INTO slot_bookings (id, slot_id, user_id, order_id, booking_type, status, booked_at, cancelled_at) VALUES (221, 162, 22, 221, 'food', 'confirmed', NOW() - INTERVAL '4 days 7 hours', NULL) ON CONFLICT DO NOTHING;
INSERT INTO slot_bookings (id, slot_id, user_id, order_id, booking_type, status, booked_at, cancelled_at) VALUES (222, 13, 22, 222, 'food', 'confirmed', NOW() - INTERVAL '73 days 23 hours', NULL) ON CONFLICT DO NOTHING;
INSERT INTO slot_bookings (id, slot_id, user_id, order_id, booking_type, status, booked_at, cancelled_at) VALUES (223, 44, 47, 223, 'food', 'confirmed', NOW() - INTERVAL '6 days 23 hours', NULL) ON CONFLICT DO NOTHING;
INSERT INTO slot_bookings (id, slot_id, user_id, order_id, booking_type, status, booked_at, cancelled_at) VALUES (224, 75, 39, 224, 'food', 'confirmed', NOW() - INTERVAL '5 days 14 hours', NULL) ON CONFLICT DO NOTHING;
INSERT INTO slot_bookings (id, slot_id, user_id, order_id, booking_type, status, booked_at, cancelled_at) VALUES (225, 106, 31, 225, 'food', 'confirmed', NOW() - INTERVAL '76 days 22 hours', NULL) ON CONFLICT DO NOTHING;
INSERT INTO slot_bookings (id, slot_id, user_id, order_id, booking_type, status, booked_at, cancelled_at) VALUES (226, 137, 27, 226, 'food', 'confirmed', NOW() - INTERVAL '73 days 11 hours', NULL) ON CONFLICT DO NOTHING;
INSERT INTO slot_bookings (id, slot_id, user_id, order_id, booking_type, status, booked_at, cancelled_at) VALUES (227, 168, 13, 227, 'food', 'confirmed', NOW() - INTERVAL '53 days 1 hours', NULL) ON CONFLICT DO NOTHING;
INSERT INTO slot_bookings (id, slot_id, user_id, order_id, booking_type, status, booked_at, cancelled_at) VALUES (228, 19, 42, 228, 'food', 'confirmed', NOW() - INTERVAL '51 days 15 hours', NULL) ON CONFLICT DO NOTHING;
INSERT INTO slot_bookings (id, slot_id, user_id, order_id, booking_type, status, booked_at, cancelled_at) VALUES (229, 50, 49, 229, 'food', 'confirmed', NOW() - INTERVAL '82 days 2 hours', NULL) ON CONFLICT DO NOTHING;
INSERT INTO slot_bookings (id, slot_id, user_id, order_id, booking_type, status, booked_at, cancelled_at) VALUES (230, 81, 63, 230, 'food', 'confirmed', NOW() - INTERVAL '1 days 23 hours', NULL) ON CONFLICT DO NOTHING;
INSERT INTO slot_bookings (id, slot_id, user_id, order_id, booking_type, status, booked_at, cancelled_at) VALUES (231, 112, 9, 231, 'food', 'confirmed', NOW() - INTERVAL '51 days 6 hours', NULL) ON CONFLICT DO NOTHING;
INSERT INTO slot_bookings (id, slot_id, user_id, order_id, booking_type, status, booked_at, cancelled_at) VALUES (232, 143, 37, 232, 'food', 'confirmed', NOW() - INTERVAL '74 days 4 hours', NULL) ON CONFLICT DO NOTHING;
INSERT INTO slot_bookings (id, slot_id, user_id, order_id, booking_type, status, booked_at, cancelled_at) VALUES (233, 174, 3, 233, 'food', 'confirmed', NOW() - INTERVAL '21 days 14 hours', NULL) ON CONFLICT DO NOTHING;
INSERT INTO slot_bookings (id, slot_id, user_id, order_id, booking_type, status, booked_at, cancelled_at) VALUES (234, 25, 39, 234, 'food', 'confirmed', NOW() - INTERVAL '36 days 2 hours', NULL) ON CONFLICT DO NOTHING;
INSERT INTO slot_bookings (id, slot_id, user_id, order_id, booking_type, status, booked_at, cancelled_at) VALUES (235, 56, 51, 235, 'food', 'confirmed', NOW() - INTERVAL '30 days 13 hours', NULL) ON CONFLICT DO NOTHING;
INSERT INTO slot_bookings (id, slot_id, user_id, order_id, booking_type, status, booked_at, cancelled_at) VALUES (236, 87, 17, 236, 'food', 'confirmed', NOW() - INTERVAL '67 days 21 hours', NULL) ON CONFLICT DO NOTHING;
INSERT INTO slot_bookings (id, slot_id, user_id, order_id, booking_type, status, booked_at, cancelled_at) VALUES (237, 118, 55, 237, 'food', 'confirmed', NOW() - INTERVAL '62 days 2 hours', NULL) ON CONFLICT DO NOTHING;
INSERT INTO slot_bookings (id, slot_id, user_id, order_id, booking_type, status, booked_at, cancelled_at) VALUES (238, 149, 14, 238, 'food', 'confirmed', NOW() - INTERVAL '48 days 9 hours', NULL) ON CONFLICT DO NOTHING;
INSERT INTO slot_bookings (id, slot_id, user_id, order_id, booking_type, status, booked_at, cancelled_at) VALUES (239, 180, 19, 239, 'food', 'confirmed', NOW() - INTERVAL '73 days 0 hours', NULL) ON CONFLICT DO NOTHING;
INSERT INTO slot_bookings (id, slot_id, user_id, order_id, booking_type, status, booked_at, cancelled_at) VALUES (240, 1, 57, 240, 'food', 'confirmed', NOW() - INTERVAL '12 days 3 hours', NULL) ON CONFLICT DO NOTHING;
INSERT INTO slot_bookings (id, slot_id, user_id, order_id, booking_type, status, booked_at, cancelled_at) VALUES (241, 32, 45, 241, 'food', 'cancelled', NOW() - INTERVAL '41 days 4 hours', NOW() - INTERVAL '41 days 4 hours' + INTERVAL '5 minutes') ON CONFLICT DO NOTHING;
INSERT INTO slot_bookings (id, slot_id, user_id, order_id, booking_type, status, booked_at, cancelled_at) VALUES (242, 63, 32, 242, 'food', 'confirmed', NOW() - INTERVAL '77 days 23 hours', NULL) ON CONFLICT DO NOTHING;
INSERT INTO slot_bookings (id, slot_id, user_id, order_id, booking_type, status, booked_at, cancelled_at) VALUES (243, 94, 51, 243, 'food', 'confirmed', NOW() - INTERVAL '7 days 7 hours', NULL) ON CONFLICT DO NOTHING;
INSERT INTO slot_bookings (id, slot_id, user_id, order_id, booking_type, status, booked_at, cancelled_at) VALUES (244, 125, 10, 244, 'food', 'confirmed', NOW() - INTERVAL '2 days 11 hours', NULL) ON CONFLICT DO NOTHING;
INSERT INTO slot_bookings (id, slot_id, user_id, order_id, booking_type, status, booked_at, cancelled_at) VALUES (245, 156, 23, 245, 'food', 'confirmed', NOW() - INTERVAL '10 days 0 hours', NULL) ON CONFLICT DO NOTHING;
INSERT INTO slot_bookings (id, slot_id, user_id, order_id, booking_type, status, booked_at, cancelled_at) VALUES (246, 7, 51, 246, 'food', 'confirmed', NOW() - INTERVAL '81 days 22 hours', NULL) ON CONFLICT DO NOTHING;
INSERT INTO slot_bookings (id, slot_id, user_id, order_id, booking_type, status, booked_at, cancelled_at) VALUES (247, 38, 11, 247, 'food', 'confirmed', NOW() - INTERVAL '66 days 6 hours', NULL) ON CONFLICT DO NOTHING;
INSERT INTO slot_bookings (id, slot_id, user_id, order_id, booking_type, status, booked_at, cancelled_at) VALUES (248, 69, 9, 248, 'food', 'confirmed', NOW() - INTERVAL '56 days 23 hours', NULL) ON CONFLICT DO NOTHING;
INSERT INTO slot_bookings (id, slot_id, user_id, order_id, booking_type, status, booked_at, cancelled_at) VALUES (249, 100, 12, 249, 'food', 'confirmed', NOW() - INTERVAL '15 days 14 hours', NULL) ON CONFLICT DO NOTHING;
INSERT INTO slot_bookings (id, slot_id, user_id, order_id, booking_type, status, booked_at, cancelled_at) VALUES (250, 131, 2, 250, 'food', 'confirmed', NOW() - INTERVAL '45 days 16 hours', NULL) ON CONFLICT DO NOTHING;
INSERT INTO slot_bookings (id, slot_id, user_id, order_id, booking_type, status, booked_at, cancelled_at) VALUES (251, 162, 4, 251, 'food', 'confirmed', NOW() - INTERVAL '55 days 8 hours', NULL) ON CONFLICT DO NOTHING;
INSERT INTO slot_bookings (id, slot_id, user_id, order_id, booking_type, status, booked_at, cancelled_at) VALUES (252, 13, 8, 252, 'food', 'confirmed', NOW() - INTERVAL '73 days 5 hours', NULL) ON CONFLICT DO NOTHING;
INSERT INTO slot_bookings (id, slot_id, user_id, order_id, booking_type, status, booked_at, cancelled_at) VALUES (253, 44, 30, 253, 'food', 'confirmed', NOW() - INTERVAL '1 days 1 hours', NULL) ON CONFLICT DO NOTHING;
INSERT INTO slot_bookings (id, slot_id, user_id, order_id, booking_type, status, booked_at, cancelled_at) VALUES (254, 75, 61, 254, 'food', 'confirmed', NOW() - INTERVAL '20 days 5 hours', NULL) ON CONFLICT DO NOTHING;
INSERT INTO slot_bookings (id, slot_id, user_id, order_id, booking_type, status, booked_at, cancelled_at) VALUES (255, 106, 42, 255, 'food', 'confirmed', NOW() - INTERVAL '41 days 8 hours', NULL) ON CONFLICT DO NOTHING;
INSERT INTO slot_bookings (id, slot_id, user_id, order_id, booking_type, status, booked_at, cancelled_at) VALUES (256, 137, 65, 256, 'food', 'confirmed', NOW() - INTERVAL '7 days 5 hours', NULL) ON CONFLICT DO NOTHING;
INSERT INTO slot_bookings (id, slot_id, user_id, order_id, booking_type, status, booked_at, cancelled_at) VALUES (257, 168, 9, 257, 'food', 'confirmed', NOW() - INTERVAL '37 days 9 hours', NULL) ON CONFLICT DO NOTHING;
INSERT INTO slot_bookings (id, slot_id, user_id, order_id, booking_type, status, booked_at, cancelled_at) VALUES (258, 19, 26, 258, 'food', 'confirmed', NOW() - INTERVAL '39 days 23 hours', NULL) ON CONFLICT DO NOTHING;
INSERT INTO slot_bookings (id, slot_id, user_id, order_id, booking_type, status, booked_at, cancelled_at) VALUES (259, 50, 20, 259, 'food', 'confirmed', NOW() - INTERVAL '53 days 0 hours', NULL) ON CONFLICT DO NOTHING;
INSERT INTO slot_bookings (id, slot_id, user_id, order_id, booking_type, status, booked_at, cancelled_at) VALUES (260, 81, 43, 260, 'food', 'confirmed', NOW() - INTERVAL '85 days 12 hours', NULL) ON CONFLICT DO NOTHING;
INSERT INTO slot_bookings (id, slot_id, user_id, order_id, booking_type, status, booked_at, cancelled_at) VALUES (261, 112, 8, 261, 'food', 'cancelled', NOW() - INTERVAL '19 days 22 hours', NOW() - INTERVAL '19 days 22 hours' + INTERVAL '5 minutes') ON CONFLICT DO NOTHING;
INSERT INTO slot_bookings (id, slot_id, user_id, order_id, booking_type, status, booked_at, cancelled_at) VALUES (262, 143, 48, 262, 'food', 'confirmed', NOW() - INTERVAL '11 days 18 hours', NULL) ON CONFLICT DO NOTHING;
INSERT INTO slot_bookings (id, slot_id, user_id, order_id, booking_type, status, booked_at, cancelled_at) VALUES (263, 174, 51, 263, 'food', 'confirmed', NOW() - INTERVAL '73 days 1 hours', NULL) ON CONFLICT DO NOTHING;
INSERT INTO slot_bookings (id, slot_id, user_id, order_id, booking_type, status, booked_at, cancelled_at) VALUES (264, 25, 41, 264, 'food', 'confirmed', NOW() - INTERVAL '51 days 22 hours', NULL) ON CONFLICT DO NOTHING;
INSERT INTO slot_bookings (id, slot_id, user_id, order_id, booking_type, status, booked_at, cancelled_at) VALUES (265, 56, 26, 265, 'food', 'confirmed', NOW() - INTERVAL '75 days 3 hours', NULL) ON CONFLICT DO NOTHING;
INSERT INTO slot_bookings (id, slot_id, user_id, order_id, booking_type, status, booked_at, cancelled_at) VALUES (266, 87, 58, 266, 'food', 'confirmed', NOW() - INTERVAL '53 days 3 hours', NULL) ON CONFLICT DO NOTHING;
INSERT INTO slot_bookings (id, slot_id, user_id, order_id, booking_type, status, booked_at, cancelled_at) VALUES (267, 118, 16, 267, 'food', 'confirmed', NOW() - INTERVAL '39 days 22 hours', NULL) ON CONFLICT DO NOTHING;
INSERT INTO slot_bookings (id, slot_id, user_id, order_id, booking_type, status, booked_at, cancelled_at) VALUES (268, 149, 46, 268, 'food', 'confirmed', NOW() - INTERVAL '7 days 21 hours', NULL) ON CONFLICT DO NOTHING;
INSERT INTO slot_bookings (id, slot_id, user_id, order_id, booking_type, status, booked_at, cancelled_at) VALUES (269, 180, 58, 269, 'food', 'confirmed', NOW() - INTERVAL '71 days 7 hours', NULL) ON CONFLICT DO NOTHING;
INSERT INTO slot_bookings (id, slot_id, user_id, order_id, booking_type, status, booked_at, cancelled_at) VALUES (270, 1, 18, 270, 'food', 'confirmed', NOW() - INTERVAL '8 days 7 hours', NULL) ON CONFLICT DO NOTHING;
INSERT INTO slot_bookings (id, slot_id, user_id, order_id, booking_type, status, booked_at, cancelled_at) VALUES (271, 32, 48, 271, 'food', 'confirmed', NOW() - INTERVAL '83 days 2 hours', NULL) ON CONFLICT DO NOTHING;
INSERT INTO slot_bookings (id, slot_id, user_id, order_id, booking_type, status, booked_at, cancelled_at) VALUES (272, 63, 17, 272, 'food', 'confirmed', NOW() - INTERVAL '43 days 3 hours', NULL) ON CONFLICT DO NOTHING;
INSERT INTO slot_bookings (id, slot_id, user_id, order_id, booking_type, status, booked_at, cancelled_at) VALUES (273, 94, 22, 273, 'food', 'confirmed', NOW() - INTERVAL '56 days 23 hours', NULL) ON CONFLICT DO NOTHING;
INSERT INTO slot_bookings (id, slot_id, user_id, order_id, booking_type, status, booked_at, cancelled_at) VALUES (274, 125, 23, 274, 'food', 'confirmed', NOW() - INTERVAL '24 days 8 hours', NULL) ON CONFLICT DO NOTHING;
INSERT INTO slot_bookings (id, slot_id, user_id, order_id, booking_type, status, booked_at, cancelled_at) VALUES (275, 156, 38, 275, 'food', 'confirmed', NOW() - INTERVAL '71 days 15 hours', NULL) ON CONFLICT DO NOTHING;
INSERT INTO slot_bookings (id, slot_id, user_id, order_id, booking_type, status, booked_at, cancelled_at) VALUES (276, 7, 50, 276, 'food', 'confirmed', NOW() - INTERVAL '26 days 20 hours', NULL) ON CONFLICT DO NOTHING;
INSERT INTO slot_bookings (id, slot_id, user_id, order_id, booking_type, status, booked_at, cancelled_at) VALUES (277, 38, 45, 277, 'food', 'confirmed', NOW() - INTERVAL '65 days 10 hours', NULL) ON CONFLICT DO NOTHING;
INSERT INTO slot_bookings (id, slot_id, user_id, order_id, booking_type, status, booked_at, cancelled_at) VALUES (278, 69, 29, 278, 'food', 'confirmed', NOW() - INTERVAL '36 days 1 hours', NULL) ON CONFLICT DO NOTHING;
INSERT INTO slot_bookings (id, slot_id, user_id, order_id, booking_type, status, booked_at, cancelled_at) VALUES (279, 100, 32, 279, 'food', 'confirmed', NOW() - INTERVAL '35 days 17 hours', NULL) ON CONFLICT DO NOTHING;
INSERT INTO slot_bookings (id, slot_id, user_id, order_id, booking_type, status, booked_at, cancelled_at) VALUES (280, 131, 31, 280, 'food', 'confirmed', NOW() - INTERVAL '46 days 18 hours', NULL) ON CONFLICT DO NOTHING;
INSERT INTO slot_bookings (id, slot_id, user_id, order_id, booking_type, status, booked_at, cancelled_at) VALUES (281, 162, 25, 281, 'food', 'confirmed', NOW() - INTERVAL '64 days 17 hours', NULL) ON CONFLICT DO NOTHING;
INSERT INTO slot_bookings (id, slot_id, user_id, order_id, booking_type, status, booked_at, cancelled_at) VALUES (282, 13, 8, 282, 'food', 'confirmed', NOW() - INTERVAL '29 days 0 hours', NULL) ON CONFLICT DO NOTHING;
INSERT INTO slot_bookings (id, slot_id, user_id, order_id, booking_type, status, booked_at, cancelled_at) VALUES (283, 44, 23, 283, 'food', 'confirmed', NOW() - INTERVAL '42 days 1 hours', NULL) ON CONFLICT DO NOTHING;
INSERT INTO slot_bookings (id, slot_id, user_id, order_id, booking_type, status, booked_at, cancelled_at) VALUES (284, 75, 15, 284, 'food', 'confirmed', NOW() - INTERVAL '47 days 2 hours', NULL) ON CONFLICT DO NOTHING;
INSERT INTO slot_bookings (id, slot_id, user_id, order_id, booking_type, status, booked_at, cancelled_at) VALUES (285, 106, 42, 285, 'food', 'confirmed', NOW() - INTERVAL '21 days 23 hours', NULL) ON CONFLICT DO NOTHING;
INSERT INTO slot_bookings (id, slot_id, user_id, order_id, booking_type, status, booked_at, cancelled_at) VALUES (286, 137, 29, 286, 'food', 'confirmed', NOW() - INTERVAL '23 days 12 hours', NULL) ON CONFLICT DO NOTHING;
INSERT INTO slot_bookings (id, slot_id, user_id, order_id, booking_type, status, booked_at, cancelled_at) VALUES (287, 168, 51, 287, 'food', 'confirmed', NOW() - INTERVAL '73 days 1 hours', NULL) ON CONFLICT DO NOTHING;
INSERT INTO slot_bookings (id, slot_id, user_id, order_id, booking_type, status, booked_at, cancelled_at) VALUES (288, 19, 14, 288, 'food', 'confirmed', NOW() - INTERVAL '19 days 10 hours', NULL) ON CONFLICT DO NOTHING;
INSERT INTO slot_bookings (id, slot_id, user_id, order_id, booking_type, status, booked_at, cancelled_at) VALUES (289, 50, 43, 289, 'food', 'confirmed', NOW() - INTERVAL '34 days 6 hours', NULL) ON CONFLICT DO NOTHING;
INSERT INTO slot_bookings (id, slot_id, user_id, order_id, booking_type, status, booked_at, cancelled_at) VALUES (290, 81, 33, 290, 'food', 'confirmed', NOW() - INTERVAL '1 days 1 hours', NULL) ON CONFLICT DO NOTHING;
INSERT INTO slot_bookings (id, slot_id, user_id, order_id, booking_type, status, booked_at, cancelled_at) VALUES (291, 112, 64, 291, 'food', 'confirmed', NOW() - INTERVAL '45 days 17 hours', NULL) ON CONFLICT DO NOTHING;
INSERT INTO slot_bookings (id, slot_id, user_id, order_id, booking_type, status, booked_at, cancelled_at) VALUES (292, 143, 58, 292, 'food', 'confirmed', NOW() - INTERVAL '5 days 9 hours', NULL) ON CONFLICT DO NOTHING;
INSERT INTO slot_bookings (id, slot_id, user_id, order_id, booking_type, status, booked_at, cancelled_at) VALUES (293, 174, 14, 293, 'food', 'confirmed', NOW() - INTERVAL '22 days 12 hours', NULL) ON CONFLICT DO NOTHING;
INSERT INTO slot_bookings (id, slot_id, user_id, order_id, booking_type, status, booked_at, cancelled_at) VALUES (294, 25, 44, 294, 'food', 'confirmed', NOW() - INTERVAL '79 days 15 hours', NULL) ON CONFLICT DO NOTHING;
INSERT INTO slot_bookings (id, slot_id, user_id, order_id, booking_type, status, booked_at, cancelled_at) VALUES (295, 56, 13, 295, 'food', 'confirmed', NOW() - INTERVAL '25 days 13 hours', NULL) ON CONFLICT DO NOTHING;
INSERT INTO slot_bookings (id, slot_id, user_id, order_id, booking_type, status, booked_at, cancelled_at) VALUES (296, 87, 51, 296, 'food', 'confirmed', NOW() - INTERVAL '63 days 4 hours', NULL) ON CONFLICT DO NOTHING;
INSERT INTO slot_bookings (id, slot_id, user_id, order_id, booking_type, status, booked_at, cancelled_at) VALUES (297, 118, 55, 297, 'food', 'confirmed', NOW() - INTERVAL '85 days 20 hours', NULL) ON CONFLICT DO NOTHING;
INSERT INTO slot_bookings (id, slot_id, user_id, order_id, booking_type, status, booked_at, cancelled_at) VALUES (298, 149, 38, 298, 'food', 'cancelled', NOW() - INTERVAL '61 days 3 hours', NOW() - INTERVAL '61 days 3 hours' + INTERVAL '5 minutes') ON CONFLICT DO NOTHING;
INSERT INTO slot_bookings (id, slot_id, user_id, order_id, booking_type, status, booked_at, cancelled_at) VALUES (299, 180, 12, 299, 'food', 'confirmed', NOW() - INTERVAL '50 days 5 hours', NULL) ON CONFLICT DO NOTHING;
INSERT INTO slot_bookings (id, slot_id, user_id, order_id, booking_type, status, booked_at, cancelled_at) VALUES (300, 1, 6, 300, 'food', 'confirmed', NOW() - INTERVAL '60 days 8 hours', NULL) ON CONFLICT DO NOTHING;
INSERT INTO slot_bookings (id, slot_id, user_id, order_id, booking_type, status, booked_at, cancelled_at) VALUES (301, 32, 20, 301, 'food', 'confirmed', NOW() - INTERVAL '13 days 2 hours', NULL) ON CONFLICT DO NOTHING;
INSERT INTO slot_bookings (id, slot_id, user_id, order_id, booking_type, status, booked_at, cancelled_at) VALUES (302, 63, 61, 302, 'food', 'confirmed', NOW() - INTERVAL '31 days 15 hours', NULL) ON CONFLICT DO NOTHING;
INSERT INTO slot_bookings (id, slot_id, user_id, order_id, booking_type, status, booked_at, cancelled_at) VALUES (303, 94, 16, 303, 'food', 'confirmed', NOW() - INTERVAL '58 days 5 hours', NULL) ON CONFLICT DO NOTHING;
INSERT INTO slot_bookings (id, slot_id, user_id, order_id, booking_type, status, booked_at, cancelled_at) VALUES (304, 125, 17, 304, 'food', 'confirmed', NOW() - INTERVAL '11 days 21 hours', NULL) ON CONFLICT DO NOTHING;
INSERT INTO slot_bookings (id, slot_id, user_id, order_id, booking_type, status, booked_at, cancelled_at) VALUES (305, 156, 9, 305, 'food', 'confirmed', NOW() - INTERVAL '72 days 12 hours', NULL) ON CONFLICT DO NOTHING;
INSERT INTO slot_bookings (id, slot_id, user_id, order_id, booking_type, status, booked_at, cancelled_at) VALUES (306, 7, 54, 306, 'food', 'confirmed', NOW() - INTERVAL '73 days 18 hours', NULL) ON CONFLICT DO NOTHING;
INSERT INTO slot_bookings (id, slot_id, user_id, order_id, booking_type, status, booked_at, cancelled_at) VALUES (307, 38, 34, 307, 'food', 'confirmed', NOW() - INTERVAL '63 days 18 hours', NULL) ON CONFLICT DO NOTHING;
INSERT INTO slot_bookings (id, slot_id, user_id, order_id, booking_type, status, booked_at, cancelled_at) VALUES (308, 69, 52, 308, 'food', 'confirmed', NOW() - INTERVAL '43 days 22 hours', NULL) ON CONFLICT DO NOTHING;
INSERT INTO slot_bookings (id, slot_id, user_id, order_id, booking_type, status, booked_at, cancelled_at) VALUES (309, 100, 35, 309, 'food', 'confirmed', NOW() - INTERVAL '3 days 10 hours', NULL) ON CONFLICT DO NOTHING;
INSERT INTO slot_bookings (id, slot_id, user_id, order_id, booking_type, status, booked_at, cancelled_at) VALUES (310, 131, 30, 310, 'food', 'confirmed', NOW() - INTERVAL '57 days 10 hours', NULL) ON CONFLICT DO NOTHING;
INSERT INTO slot_bookings (id, slot_id, user_id, order_id, booking_type, status, booked_at, cancelled_at) VALUES (311, 162, 28, 311, 'food', 'confirmed', NOW() - INTERVAL '53 days 23 hours', NULL) ON CONFLICT DO NOTHING;
INSERT INTO slot_bookings (id, slot_id, user_id, order_id, booking_type, status, booked_at, cancelled_at) VALUES (312, 13, 9, 312, 'food', 'confirmed', NOW() - INTERVAL '65 days 12 hours', NULL) ON CONFLICT DO NOTHING;
INSERT INTO slot_bookings (id, slot_id, user_id, order_id, booking_type, status, booked_at, cancelled_at) VALUES (313, 44, 23, 313, 'food', 'confirmed', NOW() - INTERVAL '26 days 1 hours', NULL) ON CONFLICT DO NOTHING;
INSERT INTO slot_bookings (id, slot_id, user_id, order_id, booking_type, status, booked_at, cancelled_at) VALUES (314, 75, 7, 314, 'food', 'confirmed', NOW() - INTERVAL '26 days 8 hours', NULL) ON CONFLICT DO NOTHING;
INSERT INTO slot_bookings (id, slot_id, user_id, order_id, booking_type, status, booked_at, cancelled_at) VALUES (315, 106, 31, 315, 'food', 'confirmed', NOW() - INTERVAL '77 days 14 hours', NULL) ON CONFLICT DO NOTHING;
INSERT INTO slot_bookings (id, slot_id, user_id, order_id, booking_type, status, booked_at, cancelled_at) VALUES (316, 137, 45, 316, 'food', 'confirmed', NOW() - INTERVAL '34 days 23 hours', NULL) ON CONFLICT DO NOTHING;
INSERT INTO slot_bookings (id, slot_id, user_id, order_id, booking_type, status, booked_at, cancelled_at) VALUES (317, 168, 28, 317, 'food', 'confirmed', NOW() - INTERVAL '83 days 7 hours', NULL) ON CONFLICT DO NOTHING;
INSERT INTO slot_bookings (id, slot_id, user_id, order_id, booking_type, status, booked_at, cancelled_at) VALUES (318, 19, 17, 318, 'food', 'confirmed', NOW() - INTERVAL '77 days 0 hours', NULL) ON CONFLICT DO NOTHING;
INSERT INTO slot_bookings (id, slot_id, user_id, order_id, booking_type, status, booked_at, cancelled_at) VALUES (319, 50, 36, 319, 'food', 'confirmed', NOW() - INTERVAL '49 days 11 hours', NULL) ON CONFLICT DO NOTHING;
INSERT INTO slot_bookings (id, slot_id, user_id, order_id, booking_type, status, booked_at, cancelled_at) VALUES (320, 81, 51, 320, 'food', 'confirmed', NOW() - INTERVAL '1 days 16 hours', NULL) ON CONFLICT DO NOTHING;
INSERT INTO slot_bookings (id, slot_id, user_id, order_id, booking_type, status, booked_at, cancelled_at) VALUES (321, 112, 44, 321, 'food', 'cancelled', NOW() - INTERVAL '82 days 10 hours', NOW() - INTERVAL '82 days 10 hours' + INTERVAL '5 minutes') ON CONFLICT DO NOTHING;
INSERT INTO slot_bookings (id, slot_id, user_id, order_id, booking_type, status, booked_at, cancelled_at) VALUES (322, 143, 31, 322, 'food', 'confirmed', NOW() - INTERVAL '77 days 12 hours', NULL) ON CONFLICT DO NOTHING;
INSERT INTO slot_bookings (id, slot_id, user_id, order_id, booking_type, status, booked_at, cancelled_at) VALUES (323, 174, 54, 323, 'food', 'confirmed', NOW() - INTERVAL '5 days 18 hours', NULL) ON CONFLICT DO NOTHING;
INSERT INTO slot_bookings (id, slot_id, user_id, order_id, booking_type, status, booked_at, cancelled_at) VALUES (324, 25, 22, 324, 'food', 'confirmed', NOW() - INTERVAL '72 days 5 hours', NULL) ON CONFLICT DO NOTHING;
INSERT INTO slot_bookings (id, slot_id, user_id, order_id, booking_type, status, booked_at, cancelled_at) VALUES (325, 56, 24, 325, 'food', 'confirmed', NOW() - INTERVAL '43 days 20 hours', NULL) ON CONFLICT DO NOTHING;
INSERT INTO slot_bookings (id, slot_id, user_id, order_id, booking_type, status, booked_at, cancelled_at) VALUES (326, 87, 29, 326, 'food', 'confirmed', NOW() - INTERVAL '40 days 13 hours', NULL) ON CONFLICT DO NOTHING;
INSERT INTO slot_bookings (id, slot_id, user_id, order_id, booking_type, status, booked_at, cancelled_at) VALUES (327, 118, 16, 327, 'food', 'confirmed', NOW() - INTERVAL '82 days 18 hours', NULL) ON CONFLICT DO NOTHING;
INSERT INTO slot_bookings (id, slot_id, user_id, order_id, booking_type, status, booked_at, cancelled_at) VALUES (328, 149, 53, 328, 'food', 'confirmed', NOW() - INTERVAL '20 days 4 hours', NULL) ON CONFLICT DO NOTHING;
INSERT INTO slot_bookings (id, slot_id, user_id, order_id, booking_type, status, booked_at, cancelled_at) VALUES (329, 180, 59, 329, 'food', 'confirmed', NOW() - INTERVAL '24 days 2 hours', NULL) ON CONFLICT DO NOTHING;
INSERT INTO slot_bookings (id, slot_id, user_id, order_id, booking_type, status, booked_at, cancelled_at) VALUES (330, 1, 1, 330, 'food', 'confirmed', NOW() - INTERVAL '27 days 5 hours', NULL) ON CONFLICT DO NOTHING;
INSERT INTO slot_bookings (id, slot_id, user_id, order_id, booking_type, status, booked_at, cancelled_at) VALUES (331, 32, 52, 331, 'food', 'confirmed', NOW() - INTERVAL '62 days 12 hours', NULL) ON CONFLICT DO NOTHING;
INSERT INTO slot_bookings (id, slot_id, user_id, order_id, booking_type, status, booked_at, cancelled_at) VALUES (332, 63, 48, 332, 'food', 'cancelled', NOW() - INTERVAL '42 days 16 hours', NOW() - INTERVAL '42 days 16 hours' + INTERVAL '5 minutes') ON CONFLICT DO NOTHING;
INSERT INTO slot_bookings (id, slot_id, user_id, order_id, booking_type, status, booked_at, cancelled_at) VALUES (333, 94, 32, 333, 'food', 'confirmed', NOW() - INTERVAL '45 days 9 hours', NULL) ON CONFLICT DO NOTHING;
INSERT INTO slot_bookings (id, slot_id, user_id, order_id, booking_type, status, booked_at, cancelled_at) VALUES (334, 125, 65, 334, 'food', 'confirmed', NOW() - INTERVAL '22 days 2 hours', NULL) ON CONFLICT DO NOTHING;
INSERT INTO slot_bookings (id, slot_id, user_id, order_id, booking_type, status, booked_at, cancelled_at) VALUES (335, 156, 59, 335, 'food', 'confirmed', NOW() - INTERVAL '77 days 16 hours', NULL) ON CONFLICT DO NOTHING;
INSERT INTO slot_bookings (id, slot_id, user_id, order_id, booking_type, status, booked_at, cancelled_at) VALUES (336, 7, 46, 336, 'food', 'confirmed', NOW() - INTERVAL '22 days 12 hours', NULL) ON CONFLICT DO NOTHING;
INSERT INTO slot_bookings (id, slot_id, user_id, order_id, booking_type, status, booked_at, cancelled_at) VALUES (337, 38, 17, 337, 'food', 'confirmed', NOW() - INTERVAL '3 days 18 hours', NULL) ON CONFLICT DO NOTHING;
INSERT INTO slot_bookings (id, slot_id, user_id, order_id, booking_type, status, booked_at, cancelled_at) VALUES (338, 69, 7, 338, 'food', 'confirmed', NOW() - INTERVAL '7 days 21 hours', NULL) ON CONFLICT DO NOTHING;
INSERT INTO slot_bookings (id, slot_id, user_id, order_id, booking_type, status, booked_at, cancelled_at) VALUES (339, 100, 15, 339, 'food', 'confirmed', NOW() - INTERVAL '49 days 3 hours', NULL) ON CONFLICT DO NOTHING;
INSERT INTO slot_bookings (id, slot_id, user_id, order_id, booking_type, status, booked_at, cancelled_at) VALUES (340, 131, 54, 340, 'food', 'confirmed', NOW() - INTERVAL '85 days 16 hours', NULL) ON CONFLICT DO NOTHING;
INSERT INTO slot_bookings (id, slot_id, user_id, order_id, booking_type, status, booked_at, cancelled_at) VALUES (341, 162, 37, 341, 'food', 'confirmed', NOW() - INTERVAL '14 days 15 hours', NULL) ON CONFLICT DO NOTHING;
INSERT INTO slot_bookings (id, slot_id, user_id, order_id, booking_type, status, booked_at, cancelled_at) VALUES (342, 13, 26, 342, 'food', 'confirmed', NOW() - INTERVAL '53 days 9 hours', NULL) ON CONFLICT DO NOTHING;
INSERT INTO slot_bookings (id, slot_id, user_id, order_id, booking_type, status, booked_at, cancelled_at) VALUES (343, 44, 27, 343, 'food', 'confirmed', NOW() - INTERVAL '62 days 10 hours', NULL) ON CONFLICT DO NOTHING;
INSERT INTO slot_bookings (id, slot_id, user_id, order_id, booking_type, status, booked_at, cancelled_at) VALUES (344, 75, 12, 344, 'food', 'confirmed', NOW() - INTERVAL '74 days 21 hours', NULL) ON CONFLICT DO NOTHING;
INSERT INTO slot_bookings (id, slot_id, user_id, order_id, booking_type, status, booked_at, cancelled_at) VALUES (345, 106, 13, 345, 'food', 'confirmed', NOW() - INTERVAL '83 days 7 hours', NULL) ON CONFLICT DO NOTHING;
INSERT INTO slot_bookings (id, slot_id, user_id, order_id, booking_type, status, booked_at, cancelled_at) VALUES (346, 137, 13, 346, 'food', 'confirmed', NOW() - INTERVAL '6 days 9 hours', NULL) ON CONFLICT DO NOTHING;
INSERT INTO slot_bookings (id, slot_id, user_id, order_id, booking_type, status, booked_at, cancelled_at) VALUES (347, 168, 6, 347, 'food', 'confirmed', NOW() - INTERVAL '18 days 21 hours', NULL) ON CONFLICT DO NOTHING;
INSERT INTO slot_bookings (id, slot_id, user_id, order_id, booking_type, status, booked_at, cancelled_at) VALUES (348, 19, 48, 348, 'food', 'confirmed', NOW() - INTERVAL '24 days 3 hours', NULL) ON CONFLICT DO NOTHING;
INSERT INTO slot_bookings (id, slot_id, user_id, order_id, booking_type, status, booked_at, cancelled_at) VALUES (349, 50, 62, 349, 'food', 'confirmed', NOW() - INTERVAL '84 days 5 hours', NULL) ON CONFLICT DO NOTHING;
INSERT INTO slot_bookings (id, slot_id, user_id, order_id, booking_type, status, booked_at, cancelled_at) VALUES (350, 81, 21, 350, 'food', 'confirmed', NOW() - INTERVAL '76 days 15 hours', NULL) ON CONFLICT DO NOTHING;
INSERT INTO slot_bookings (id, slot_id, user_id, order_id, booking_type, status, booked_at, cancelled_at) VALUES (351, 112, 62, 351, 'food', 'confirmed', NOW() - INTERVAL '15 days 13 hours', NULL) ON CONFLICT DO NOTHING;
INSERT INTO slot_bookings (id, slot_id, user_id, order_id, booking_type, status, booked_at, cancelled_at) VALUES (352, 143, 2, 352, 'food', 'confirmed', NOW() - INTERVAL '68 days 23 hours', NULL) ON CONFLICT DO NOTHING;
INSERT INTO slot_bookings (id, slot_id, user_id, order_id, booking_type, status, booked_at, cancelled_at) VALUES (353, 174, 45, 353, 'food', 'confirmed', NOW() - INTERVAL '83 days 12 hours', NULL) ON CONFLICT DO NOTHING;
INSERT INTO slot_bookings (id, slot_id, user_id, order_id, booking_type, status, booked_at, cancelled_at) VALUES (354, 25, 21, 354, 'food', 'confirmed', NOW() - INTERVAL '61 days 15 hours', NULL) ON CONFLICT DO NOTHING;
INSERT INTO slot_bookings (id, slot_id, user_id, order_id, booking_type, status, booked_at, cancelled_at) VALUES (355, 56, 42, 355, 'food', 'confirmed', NOW() - INTERVAL '36 days 1 hours', NULL) ON CONFLICT DO NOTHING;
INSERT INTO slot_bookings (id, slot_id, user_id, order_id, booking_type, status, booked_at, cancelled_at) VALUES (356, 87, 57, 356, 'food', 'confirmed', NOW() - INTERVAL '58 days 2 hours', NULL) ON CONFLICT DO NOTHING;
INSERT INTO slot_bookings (id, slot_id, user_id, order_id, booking_type, status, booked_at, cancelled_at) VALUES (357, 118, 3, 357, 'food', 'confirmed', NOW() - INTERVAL '53 days 1 hours', NULL) ON CONFLICT DO NOTHING;
INSERT INTO slot_bookings (id, slot_id, user_id, order_id, booking_type, status, booked_at, cancelled_at) VALUES (358, 149, 47, 358, 'food', 'confirmed', NOW() - INTERVAL '29 days 14 hours', NULL) ON CONFLICT DO NOTHING;
INSERT INTO slot_bookings (id, slot_id, user_id, order_id, booking_type, status, booked_at, cancelled_at) VALUES (359, 180, 13, 359, 'food', 'confirmed', NOW() - INTERVAL '29 days 0 hours', NULL) ON CONFLICT DO NOTHING;
INSERT INTO slot_bookings (id, slot_id, user_id, order_id, booking_type, status, booked_at, cancelled_at) VALUES (360, 1, 6, 360, 'food', 'confirmed', NOW() - INTERVAL '64 days 4 hours', NULL) ON CONFLICT DO NOTHING;
INSERT INTO slot_bookings (id, slot_id, user_id, order_id, booking_type, status, booked_at, cancelled_at) VALUES (361, 32, 51, 361, 'food', 'confirmed', NOW() - INTERVAL '25 days 22 hours', NULL) ON CONFLICT DO NOTHING;
INSERT INTO slot_bookings (id, slot_id, user_id, order_id, booking_type, status, booked_at, cancelled_at) VALUES (362, 63, 58, 362, 'food', 'confirmed', NOW() - INTERVAL '76 days 16 hours', NULL) ON CONFLICT DO NOTHING;
INSERT INTO slot_bookings (id, slot_id, user_id, order_id, booking_type, status, booked_at, cancelled_at) VALUES (363, 94, 7, 363, 'food', 'confirmed', NOW() - INTERVAL '56 days 18 hours', NULL) ON CONFLICT DO NOTHING;
INSERT INTO slot_bookings (id, slot_id, user_id, order_id, booking_type, status, booked_at, cancelled_at) VALUES (364, 125, 14, 364, 'food', 'confirmed', NOW() - INTERVAL '77 days 19 hours', NULL) ON CONFLICT DO NOTHING;
INSERT INTO slot_bookings (id, slot_id, user_id, order_id, booking_type, status, booked_at, cancelled_at) VALUES (365, 156, 36, 365, 'food', 'confirmed', NOW() - INTERVAL '44 days 9 hours', NULL) ON CONFLICT DO NOTHING;
INSERT INTO slot_bookings (id, slot_id, user_id, order_id, booking_type, status, booked_at, cancelled_at) VALUES (366, 7, 41, 366, 'food', 'confirmed', NOW() - INTERVAL '71 days 20 hours', NULL) ON CONFLICT DO NOTHING;
INSERT INTO slot_bookings (id, slot_id, user_id, order_id, booking_type, status, booked_at, cancelled_at) VALUES (367, 38, 38, 367, 'food', 'confirmed', NOW() - INTERVAL '17 days 22 hours', NULL) ON CONFLICT DO NOTHING;
INSERT INTO slot_bookings (id, slot_id, user_id, order_id, booking_type, status, booked_at, cancelled_at) VALUES (368, 69, 37, 368, 'food', 'confirmed', NOW() - INTERVAL '55 days 0 hours', NULL) ON CONFLICT DO NOTHING;
INSERT INTO slot_bookings (id, slot_id, user_id, order_id, booking_type, status, booked_at, cancelled_at) VALUES (369, 100, 26, 369, 'food', 'confirmed', NOW() - INTERVAL '21 days 9 hours', NULL) ON CONFLICT DO NOTHING;
INSERT INTO slot_bookings (id, slot_id, user_id, order_id, booking_type, status, booked_at, cancelled_at) VALUES (370, 131, 46, 370, 'food', 'confirmed', NOW() - INTERVAL '14 days 19 hours', NULL) ON CONFLICT DO NOTHING;
INSERT INTO slot_bookings (id, slot_id, user_id, order_id, booking_type, status, booked_at, cancelled_at) VALUES (371, 192, 15, 371, 'stationery', 'confirmed', NOW() - INTERVAL '14 days 21 hours', NULL) ON CONFLICT DO NOTHING;
INSERT INTO slot_bookings (id, slot_id, user_id, order_id, booking_type, status, booked_at, cancelled_at) VALUES (372, 283, 12, 372, 'stationery', 'confirmed', NOW() - INTERVAL '65 days 19 hours', NULL) ON CONFLICT DO NOTHING;
INSERT INTO slot_bookings (id, slot_id, user_id, order_id, booking_type, status, booked_at, cancelled_at) VALUES (373, 224, 4, 373, 'stationery', 'confirmed', NOW() - INTERVAL '29 days 14 hours', NULL) ON CONFLICT DO NOTHING;
INSERT INTO slot_bookings (id, slot_id, user_id, order_id, booking_type, status, booked_at, cancelled_at) VALUES (374, 195, 36, 374, 'stationery', 'confirmed', NOW() - INTERVAL '20 days 6 hours', NULL) ON CONFLICT DO NOTHING;
INSERT INTO slot_bookings (id, slot_id, user_id, order_id, booking_type, status, booked_at, cancelled_at) VALUES (375, 196, 44, 375, 'stationery', 'confirmed', NOW() - INTERVAL '45 days 19 hours', NULL) ON CONFLICT DO NOTHING;
INSERT INTO slot_bookings (id, slot_id, user_id, order_id, booking_type, status, booked_at, cancelled_at) VALUES (376, 197, 34, 376, 'stationery', 'confirmed', NOW() - INTERVAL '49 days 2 hours', NULL) ON CONFLICT DO NOTHING;
INSERT INTO slot_bookings (id, slot_id, user_id, order_id, booking_type, status, booked_at, cancelled_at) VALUES (377, 258, 38, 377, 'stationery', 'confirmed', NOW() - INTERVAL '30 days 9 hours', NULL) ON CONFLICT DO NOTHING;
INSERT INTO slot_bookings (id, slot_id, user_id, order_id, booking_type, status, booked_at, cancelled_at) VALUES (378, 229, 11, 378, 'stationery', 'confirmed', NOW() - INTERVAL '47 days 5 hours', NULL) ON CONFLICT DO NOTHING;
INSERT INTO slot_bookings (id, slot_id, user_id, order_id, booking_type, status, booked_at, cancelled_at) VALUES (379, 260, 48, 379, 'stationery', 'confirmed', NOW() - INTERVAL '10 days 19 hours', NULL) ON CONFLICT DO NOTHING;
INSERT INTO slot_bookings (id, slot_id, user_id, order_id, booking_type, status, booked_at, cancelled_at) VALUES (380, 231, 22, 380, 'stationery', 'confirmed', NOW() - INTERVAL '72 days 7 hours', NULL) ON CONFLICT DO NOTHING;
INSERT INTO slot_bookings (id, slot_id, user_id, order_id, booking_type, status, booked_at, cancelled_at) VALUES (381, 202, 42, 381, 'stationery', 'confirmed', NOW() - INTERVAL '9 days 6 hours', NULL) ON CONFLICT DO NOTHING;
INSERT INTO slot_bookings (id, slot_id, user_id, order_id, booking_type, status, booked_at, cancelled_at) VALUES (382, 233, 41, 382, 'stationery', 'confirmed', NOW() - INTERVAL '59 days 4 hours', NULL) ON CONFLICT DO NOTHING;
INSERT INTO slot_bookings (id, slot_id, user_id, order_id, booking_type, status, booked_at, cancelled_at) VALUES (383, 234, 34, 383, 'stationery', 'confirmed', NOW() - INTERVAL '75 days 13 hours', NULL) ON CONFLICT DO NOTHING;
INSERT INTO slot_bookings (id, slot_id, user_id, order_id, booking_type, status, booked_at, cancelled_at) VALUES (384, 265, 52, 384, 'stationery', 'confirmed', NOW() - INTERVAL '7 days 3 hours', NULL) ON CONFLICT DO NOTHING;
INSERT INTO slot_bookings (id, slot_id, user_id, order_id, booking_type, status, booked_at, cancelled_at) VALUES (385, 236, 20, 385, 'stationery', 'confirmed', NOW() - INTERVAL '49 days 19 hours', NULL) ON CONFLICT DO NOTHING;
INSERT INTO slot_bookings (id, slot_id, user_id, order_id, booking_type, status, booked_at, cancelled_at) VALUES (386, 267, 60, 386, 'stationery', 'confirmed', NOW() - INTERVAL '69 days 8 hours', NULL) ON CONFLICT DO NOTHING;
INSERT INTO slot_bookings (id, slot_id, user_id, order_id, booking_type, status, booked_at, cancelled_at) VALUES (387, 208, 44, 387, 'stationery', 'confirmed', NOW() - INTERVAL '34 days 16 hours', NULL) ON CONFLICT DO NOTHING;
INSERT INTO slot_bookings (id, slot_id, user_id, order_id, booking_type, status, booked_at, cancelled_at) VALUES (388, 209, 23, 388, 'stationery', 'confirmed', NOW() - INTERVAL '26 days 4 hours', NULL) ON CONFLICT DO NOTHING;
INSERT INTO slot_bookings (id, slot_id, user_id, order_id, booking_type, status, booked_at, cancelled_at) VALUES (389, 240, 48, 389, 'stationery', 'confirmed', NOW() - INTERVAL '63 days 0 hours', NULL) ON CONFLICT DO NOTHING;
INSERT INTO slot_bookings (id, slot_id, user_id, order_id, booking_type, status, booked_at, cancelled_at) VALUES (390, 241, 15, 390, 'stationery', 'confirmed', NOW() - INTERVAL '73 days 2 hours', NULL) ON CONFLICT DO NOTHING;
INSERT INTO slot_bookings (id, slot_id, user_id, order_id, booking_type, status, booked_at, cancelled_at) VALUES (391, 272, 11, 391, 'stationery', 'confirmed', NOW() - INTERVAL '61 days 17 hours', NULL) ON CONFLICT DO NOTHING;
INSERT INTO slot_bookings (id, slot_id, user_id, order_id, booking_type, status, booked_at, cancelled_at) VALUES (392, 243, 22, 392, 'stationery', 'confirmed', NOW() - INTERVAL '70 days 23 hours', NULL) ON CONFLICT DO NOTHING;
INSERT INTO slot_bookings (id, slot_id, user_id, order_id, booking_type, status, booked_at, cancelled_at) VALUES (393, 244, 26, 393, 'stationery', 'confirmed', NOW() - INTERVAL '67 days 14 hours', NULL) ON CONFLICT DO NOTHING;
INSERT INTO slot_bookings (id, slot_id, user_id, order_id, booking_type, status, booked_at, cancelled_at) VALUES (394, 215, 16, 394, 'stationery', 'confirmed', NOW() - INTERVAL '71 days 7 hours', NULL) ON CONFLICT DO NOTHING;
INSERT INTO slot_bookings (id, slot_id, user_id, order_id, booking_type, status, booked_at, cancelled_at) VALUES (395, 186, 29, 395, 'stationery', 'confirmed', NOW() - INTERVAL '9 days 1 hours', NULL) ON CONFLICT DO NOTHING;
INSERT INTO slot_bookings (id, slot_id, user_id, order_id, booking_type, status, booked_at, cancelled_at) VALUES (396, 187, 43, 396, 'stationery', 'confirmed', NOW() - INTERVAL '28 days 17 hours', NULL) ON CONFLICT DO NOTHING;
INSERT INTO slot_bookings (id, slot_id, user_id, order_id, booking_type, status, booked_at, cancelled_at) VALUES (397, 278, 17, 397, 'stationery', 'confirmed', NOW() - INTERVAL '13 days 21 hours', NULL) ON CONFLICT DO NOTHING;
INSERT INTO slot_bookings (id, slot_id, user_id, order_id, booking_type, status, booked_at, cancelled_at) VALUES (398, 249, 56, 398, 'stationery', 'confirmed', NOW() - INTERVAL '7 days 21 hours', NULL) ON CONFLICT DO NOTHING;
INSERT INTO slot_bookings (id, slot_id, user_id, order_id, booking_type, status, booked_at, cancelled_at) VALUES (399, 190, 13, 399, 'stationery', 'confirmed', NOW() - INTERVAL '14 days 7 hours', NULL) ON CONFLICT DO NOTHING;
INSERT INTO slot_bookings (id, slot_id, user_id, order_id, booking_type, status, booked_at, cancelled_at) VALUES (400, 221, 25, 400, 'stationery', 'confirmed', NOW() - INTERVAL '36 days 14 hours', NULL) ON CONFLICT DO NOTHING;
INSERT INTO slot_bookings (id, slot_id, user_id, order_id, booking_type, status, booked_at, cancelled_at) VALUES (401, 192, 32, 401, 'stationery', 'confirmed', NOW() - INTERVAL '70 days 0 hours', NULL) ON CONFLICT DO NOTHING;
INSERT INTO slot_bookings (id, slot_id, user_id, order_id, booking_type, status, booked_at, cancelled_at) VALUES (402, 223, 12, 402, 'stationery', 'confirmed', NOW() - INTERVAL '52 days 1 hours', NULL) ON CONFLICT DO NOTHING;
INSERT INTO slot_bookings (id, slot_id, user_id, order_id, booking_type, status, booked_at, cancelled_at) VALUES (403, 284, 22, 403, 'stationery', 'confirmed', NOW() - INTERVAL '59 days 9 hours', NULL) ON CONFLICT DO NOTHING;
INSERT INTO slot_bookings (id, slot_id, user_id, order_id, booking_type, status, booked_at, cancelled_at) VALUES (404, 285, 55, 404, 'stationery', 'confirmed', NOW() - INTERVAL '8 days 18 hours', NULL) ON CONFLICT DO NOTHING;
INSERT INTO slot_bookings (id, slot_id, user_id, order_id, booking_type, status, booked_at, cancelled_at) VALUES (405, 256, 8, 405, 'stationery', 'confirmed', NOW() - INTERVAL '68 days 5 hours', NULL) ON CONFLICT DO NOTHING;
INSERT INTO slot_bookings (id, slot_id, user_id, order_id, booking_type, status, booked_at, cancelled_at) VALUES (406, 197, 8, 406, 'stationery', 'confirmed', NOW() - INTERVAL '31 days 12 hours', NULL) ON CONFLICT DO NOTHING;
INSERT INTO slot_bookings (id, slot_id, user_id, order_id, booking_type, status, booked_at, cancelled_at) VALUES (407, 228, 16, 407, 'stationery', 'confirmed', NOW() - INTERVAL '54 days 21 hours', NULL) ON CONFLICT DO NOTHING;
INSERT INTO slot_bookings (id, slot_id, user_id, order_id, booking_type, status, booked_at, cancelled_at) VALUES (408, 259, 41, 408, 'stationery', 'confirmed', NOW() - INTERVAL '34 days 12 hours', NULL) ON CONFLICT DO NOTHING;
INSERT INTO slot_bookings (id, slot_id, user_id, order_id, booking_type, status, booked_at, cancelled_at) VALUES (409, 260, 17, 409, 'stationery', 'confirmed', NOW() - INTERVAL '80 days 18 hours', NULL) ON CONFLICT DO NOTHING;
INSERT INTO slot_bookings (id, slot_id, user_id, order_id, booking_type, status, booked_at, cancelled_at) VALUES (410, 201, 13, 410, 'stationery', 'confirmed', NOW() - INTERVAL '45 days 2 hours', NULL) ON CONFLICT DO NOTHING;
INSERT INTO slot_bookings (id, slot_id, user_id, order_id, booking_type, status, booked_at, cancelled_at) VALUES (411, 262, 32, 411, 'stationery', 'confirmed', NOW() - INTERVAL '39 days 19 hours', NULL) ON CONFLICT DO NOTHING;
INSERT INTO slot_bookings (id, slot_id, user_id, order_id, booking_type, status, booked_at, cancelled_at) VALUES (412, 263, 2, 412, 'stationery', 'confirmed', NOW() - INTERVAL '14 days 23 hours', NULL) ON CONFLICT DO NOTHING;
INSERT INTO slot_bookings (id, slot_id, user_id, order_id, booking_type, status, booked_at, cancelled_at) VALUES (413, 264, 20, 413, 'stationery', 'confirmed', NOW() - INTERVAL '27 days 21 hours', NULL) ON CONFLICT DO NOTHING;
INSERT INTO slot_bookings (id, slot_id, user_id, order_id, booking_type, status, booked_at, cancelled_at) VALUES (414, 295, 34, 414, 'stationery', 'confirmed', NOW() - INTERVAL '36 days 1 hours', NULL) ON CONFLICT DO NOTHING;
INSERT INTO slot_bookings (id, slot_id, user_id, order_id, booking_type, status, booked_at, cancelled_at) VALUES (415, 266, 1, 415, 'stationery', 'confirmed', NOW() - INTERVAL '21 days 23 hours', NULL) ON CONFLICT DO NOTHING;
INSERT INTO slot_bookings (id, slot_id, user_id, order_id, booking_type, status, booked_at, cancelled_at) VALUES (416, 297, 57, 416, 'stationery', 'confirmed', NOW() - INTERVAL '20 days 17 hours', NULL) ON CONFLICT DO NOTHING;
INSERT INTO slot_bookings (id, slot_id, user_id, order_id, booking_type, status, booked_at, cancelled_at) VALUES (417, 268, 5, 417, 'stationery', 'confirmed', NOW() - INTERVAL '6 days 9 hours', NULL) ON CONFLICT DO NOTHING;
INSERT INTO slot_bookings (id, slot_id, user_id, order_id, booking_type, status, booked_at, cancelled_at) VALUES (418, 209, 47, 418, 'stationery', 'confirmed', NOW() - INTERVAL '14 days 11 hours', NULL) ON CONFLICT DO NOTHING;
INSERT INTO slot_bookings (id, slot_id, user_id, order_id, booking_type, status, booked_at, cancelled_at) VALUES (419, 240, 53, 419, 'stationery', 'confirmed', NOW() - INTERVAL '4 days 5 hours', NULL) ON CONFLICT DO NOTHING;
INSERT INTO slot_bookings (id, slot_id, user_id, order_id, booking_type, status, booked_at, cancelled_at) VALUES (420, 271, 43, 420, 'stationery', 'confirmed', NOW() - INTERVAL '35 days 5 hours', NULL) ON CONFLICT DO NOTHING;
INSERT INTO slot_bookings (id, slot_id, user_id, order_id, booking_type, status, booked_at, cancelled_at) VALUES (421, 272, 14, 421, 'stationery', 'confirmed', NOW() - INTERVAL '59 days 11 hours', NULL) ON CONFLICT DO NOTHING;
INSERT INTO slot_bookings (id, slot_id, user_id, order_id, booking_type, status, booked_at, cancelled_at) VALUES (422, 213, 40, 422, 'stationery', 'confirmed', NOW() - INTERVAL '43 days 8 hours', NULL) ON CONFLICT DO NOTHING;
INSERT INTO slot_bookings (id, slot_id, user_id, order_id, booking_type, status, booked_at, cancelled_at) VALUES (423, 244, 9, 423, 'stationery', 'confirmed', NOW() - INTERVAL '69 days 10 hours', NULL) ON CONFLICT DO NOTHING;
INSERT INTO slot_bookings (id, slot_id, user_id, order_id, booking_type, status, booked_at, cancelled_at) VALUES (424, 185, 4, 424, 'stationery', 'confirmed', NOW() - INTERVAL '34 days 1 hours', NULL) ON CONFLICT DO NOTHING;
INSERT INTO slot_bookings (id, slot_id, user_id, order_id, booking_type, status, booked_at, cancelled_at) VALUES (425, 276, 14, 425, 'stationery', 'confirmed', NOW() - INTERVAL '66 days 3 hours', NULL) ON CONFLICT DO NOTHING;
INSERT INTO slot_bookings (id, slot_id, user_id, order_id, booking_type, status, booked_at, cancelled_at) VALUES (426, 217, 50, 426, 'stationery', 'confirmed', NOW() - INTERVAL '67 days 17 hours', NULL) ON CONFLICT DO NOTHING;
INSERT INTO slot_bookings (id, slot_id, user_id, order_id, booking_type, status, booked_at, cancelled_at) VALUES (427, 248, 26, 427, 'stationery', 'confirmed', NOW() - INTERVAL '80 days 10 hours', NULL) ON CONFLICT DO NOTHING;
INSERT INTO slot_bookings (id, slot_id, user_id, order_id, booking_type, status, booked_at, cancelled_at) VALUES (428, 249, 16, 428, 'stationery', 'confirmed', NOW() - INTERVAL '52 days 22 hours', NULL) ON CONFLICT DO NOTHING;
INSERT INTO slot_bookings (id, slot_id, user_id, order_id, booking_type, status, booked_at, cancelled_at) VALUES (429, 220, 38, 429, 'stationery', 'confirmed', NOW() - INTERVAL '23 days 19 hours', NULL) ON CONFLICT DO NOTHING;
INSERT INTO slot_bookings (id, slot_id, user_id, order_id, booking_type, status, booked_at, cancelled_at) VALUES (430, 281, 39, 430, 'stationery', 'confirmed', NOW() - INTERVAL '56 days 18 hours', NULL) ON CONFLICT DO NOTHING;
INSERT INTO slot_bookings (id, slot_id, user_id, order_id, booking_type, status, booked_at, cancelled_at) VALUES (431, 282, 42, 431, 'stationery', 'confirmed', NOW() - INTERVAL '61 days 23 hours', NULL) ON CONFLICT DO NOTHING;
INSERT INTO slot_bookings (id, slot_id, user_id, order_id, booking_type, status, booked_at, cancelled_at) VALUES (432, 193, 22, 432, 'stationery', 'confirmed', NOW() - INTERVAL '43 days 2 hours', NULL) ON CONFLICT DO NOTHING;
INSERT INTO slot_bookings (id, slot_id, user_id, order_id, booking_type, status, booked_at, cancelled_at) VALUES (433, 254, 31, 433, 'stationery', 'confirmed', NOW() - INTERVAL '32 days 15 hours', NULL) ON CONFLICT DO NOTHING;
INSERT INTO slot_bookings (id, slot_id, user_id, order_id, booking_type, status, booked_at, cancelled_at) VALUES (434, 285, 10, 434, 'stationery', 'confirmed', NOW() - INTERVAL '50 days 15 hours', NULL) ON CONFLICT DO NOTHING;
INSERT INTO slot_bookings (id, slot_id, user_id, order_id, booking_type, status, booked_at, cancelled_at) VALUES (435, 226, 52, 435, 'stationery', 'confirmed', NOW() - INTERVAL '14 days 13 hours', NULL) ON CONFLICT DO NOTHING;
INSERT INTO slot_bookings (id, slot_id, user_id, order_id, booking_type, status, booked_at, cancelled_at) VALUES (436, 227, 29, 436, 'stationery', 'confirmed', NOW() - INTERVAL '32 days 3 hours', NULL) ON CONFLICT DO NOTHING;
INSERT INTO slot_bookings (id, slot_id, user_id, order_id, booking_type, status, booked_at, cancelled_at) VALUES (437, 228, 59, 437, 'stationery', 'confirmed', NOW() - INTERVAL '77 days 10 hours', NULL) ON CONFLICT DO NOTHING;
INSERT INTO slot_bookings (id, slot_id, user_id, order_id, booking_type, status, booked_at, cancelled_at) VALUES (438, 289, 57, 438, 'stationery', 'confirmed', NOW() - INTERVAL '61 days 14 hours', NULL) ON CONFLICT DO NOTHING;
INSERT INTO slot_bookings (id, slot_id, user_id, order_id, booking_type, status, booked_at, cancelled_at) VALUES (439, 230, 34, 439, 'stationery', 'confirmed', NOW() - INTERVAL '31 days 8 hours', NULL) ON CONFLICT DO NOTHING;
INSERT INTO slot_bookings (id, slot_id, user_id, order_id, booking_type, status, booked_at, cancelled_at) VALUES (440, 201, 57, 440, 'stationery', 'confirmed', NOW() - INTERVAL '41 days 17 hours', NULL) ON CONFLICT DO NOTHING;
INSERT INTO slot_bookings (id, slot_id, user_id, order_id, booking_type, status, booked_at, cancelled_at) VALUES (441, 232, 11, 441, 'stationery', 'confirmed', NOW() - INTERVAL '28 days 2 hours', NULL) ON CONFLICT DO NOTHING;
INSERT INTO slot_bookings (id, slot_id, user_id, order_id, booking_type, status, booked_at, cancelled_at) VALUES (442, 293, 54, 442, 'stationery', 'confirmed', NOW() - INTERVAL '27 days 13 hours', NULL) ON CONFLICT DO NOTHING;
INSERT INTO slot_bookings (id, slot_id, user_id, order_id, booking_type, status, booked_at, cancelled_at) VALUES (443, 204, 50, 443, 'stationery', 'confirmed', NOW() - INTERVAL '46 days 9 hours', NULL) ON CONFLICT DO NOTHING;
INSERT INTO slot_bookings (id, slot_id, user_id, order_id, booking_type, status, booked_at, cancelled_at) VALUES (444, 295, 50, 444, 'stationery', 'confirmed', NOW() - INTERVAL '78 days 7 hours', NULL) ON CONFLICT DO NOTHING;
INSERT INTO slot_bookings (id, slot_id, user_id, order_id, booking_type, status, booked_at, cancelled_at) VALUES (445, 236, 63, 445, 'stationery', 'confirmed', NOW() - INTERVAL '44 days 21 hours', NULL) ON CONFLICT DO NOTHING;
INSERT INTO slot_bookings (id, slot_id, user_id, order_id, booking_type, status, booked_at, cancelled_at) VALUES (446, 237, 52, 446, 'stationery', 'confirmed', NOW() - INTERVAL '51 days 18 hours', NULL) ON CONFLICT DO NOTHING;
INSERT INTO slot_bookings (id, slot_id, user_id, order_id, booking_type, status, booked_at, cancelled_at) VALUES (447, 208, 4, 447, 'stationery', 'confirmed', NOW() - INTERVAL '24 days 1 hours', NULL) ON CONFLICT DO NOTHING;
INSERT INTO slot_bookings (id, slot_id, user_id, order_id, booking_type, status, booked_at, cancelled_at) VALUES (448, 299, 34, 448, 'stationery', 'confirmed', NOW() - INTERVAL '49 days 8 hours', NULL) ON CONFLICT DO NOTHING;
INSERT INTO slot_bookings (id, slot_id, user_id, order_id, booking_type, status, booked_at, cancelled_at) VALUES (449, 270, 54, 449, 'stationery', 'confirmed', NOW() - INTERVAL '7 days 11 hours', NULL) ON CONFLICT DO NOTHING;
INSERT INTO slot_bookings (id, slot_id, user_id, order_id, booking_type, status, booked_at, cancelled_at) VALUES (450, 181, 29, 450, 'stationery', 'confirmed', NOW() - INTERVAL '26 days 0 hours', NULL) ON CONFLICT DO NOTHING;
INSERT INTO slot_bookings (id, slot_id, user_id, order_id, booking_type, status, booked_at, cancelled_at) VALUES (451, 212, 20, 451, 'stationery', 'confirmed', NOW() - INTERVAL '28 days 14 hours', NULL) ON CONFLICT DO NOTHING;
INSERT INTO slot_bookings (id, slot_id, user_id, order_id, booking_type, status, booked_at, cancelled_at) VALUES (452, 243, 33, 452, 'stationery', 'confirmed', NOW() - INTERVAL '15 days 5 hours', NULL) ON CONFLICT DO NOTHING;
INSERT INTO slot_bookings (id, slot_id, user_id, order_id, booking_type, status, booked_at, cancelled_at) VALUES (453, 184, 40, 453, 'stationery', 'confirmed', NOW() - INTERVAL '49 days 12 hours', NULL) ON CONFLICT DO NOTHING;
INSERT INTO slot_bookings (id, slot_id, user_id, order_id, booking_type, status, booked_at, cancelled_at) VALUES (454, 185, 26, 454, 'stationery', 'confirmed', NOW() - INTERVAL '39 days 21 hours', NULL) ON CONFLICT DO NOTHING;
INSERT INTO slot_bookings (id, slot_id, user_id, order_id, booking_type, status, booked_at, cancelled_at) VALUES (455, 186, 16, 455, 'stationery', 'confirmed', NOW() - INTERVAL '9 days 16 hours', NULL) ON CONFLICT DO NOTHING;
INSERT INTO slot_bookings (id, slot_id, user_id, order_id, booking_type, status, booked_at, cancelled_at) VALUES (456, 187, 44, 456, 'stationery', 'confirmed', NOW() - INTERVAL '47 days 20 hours', NULL) ON CONFLICT DO NOTHING;
INSERT INTO slot_bookings (id, slot_id, user_id, order_id, booking_type, status, booked_at, cancelled_at) VALUES (457, 218, 59, 457, 'stationery', 'confirmed', NOW() - INTERVAL '35 days 19 hours', NULL) ON CONFLICT DO NOTHING;
INSERT INTO slot_bookings (id, slot_id, user_id, order_id, booking_type, status, booked_at, cancelled_at) VALUES (458, 279, 62, 458, 'stationery', 'confirmed', NOW() - INTERVAL '32 days 2 hours', NULL) ON CONFLICT DO NOTHING;
INSERT INTO slot_bookings (id, slot_id, user_id, order_id, booking_type, status, booked_at, cancelled_at) VALUES (459, 280, 36, 459, 'stationery', 'confirmed', NOW() - INTERVAL '49 days 10 hours', NULL) ON CONFLICT DO NOTHING;
INSERT INTO slot_bookings (id, slot_id, user_id, order_id, booking_type, status, booked_at, cancelled_at) VALUES (460, 281, 4, 460, 'stationery', 'confirmed', NOW() - INTERVAL '34 days 10 hours', NULL) ON CONFLICT DO NOTHING;
INSERT INTO slot_bookings (id, slot_id, user_id, order_id, booking_type, status, booked_at, cancelled_at) VALUES (461, 252, 36, 461, 'stationery', 'confirmed', NOW() - INTERVAL '11 days 7 hours', NULL) ON CONFLICT DO NOTHING;
INSERT INTO slot_bookings (id, slot_id, user_id, order_id, booking_type, status, booked_at, cancelled_at) VALUES (462, 283, 53, 462, 'stationery', 'confirmed', NOW() - INTERVAL '63 days 14 hours', NULL) ON CONFLICT DO NOTHING;
INSERT INTO slot_bookings (id, slot_id, user_id, order_id, booking_type, status, booked_at, cancelled_at) VALUES (463, 194, 3, 463, 'stationery', 'confirmed', NOW() - INTERVAL '40 days 21 hours', NULL) ON CONFLICT DO NOTHING;
INSERT INTO slot_bookings (id, slot_id, user_id, order_id, booking_type, status, booked_at, cancelled_at) VALUES (464, 285, 48, 464, 'stationery', 'confirmed', NOW() - INTERVAL '71 days 10 hours', NULL) ON CONFLICT DO NOTHING;
INSERT INTO slot_bookings (id, slot_id, user_id, order_id, booking_type, status, booked_at, cancelled_at) VALUES (465, 286, 46, 465, 'stationery', 'confirmed', NOW() - INTERVAL '25 days 10 hours', NULL) ON CONFLICT DO NOTHING;
INSERT INTO slot_bookings (id, slot_id, user_id, order_id, booking_type, status, booked_at, cancelled_at) VALUES (466, 227, 16, 466, 'stationery', 'confirmed', NOW() - INTERVAL '76 days 16 hours', NULL) ON CONFLICT DO NOTHING;
INSERT INTO slot_bookings (id, slot_id, user_id, order_id, booking_type, status, booked_at, cancelled_at) VALUES (467, 198, 37, 467, 'stationery', 'confirmed', NOW() - INTERVAL '39 days 0 hours', NULL) ON CONFLICT DO NOTHING;
INSERT INTO slot_bookings (id, slot_id, user_id, order_id, booking_type, status, booked_at, cancelled_at) VALUES (468, 259, 17, 468, 'stationery', 'confirmed', NOW() - INTERVAL '17 days 20 hours', NULL) ON CONFLICT DO NOTHING;
INSERT INTO slot_bookings (id, slot_id, user_id, order_id, booking_type, status, booked_at, cancelled_at) VALUES (469, 200, 63, 469, 'stationery', 'confirmed', NOW() - INTERVAL '57 days 10 hours', NULL) ON CONFLICT DO NOTHING;
INSERT INTO slot_bookings (id, slot_id, user_id, order_id, booking_type, status, booked_at, cancelled_at) VALUES (470, 201, 24, 470, 'stationery', 'confirmed', NOW() - INTERVAL '52 days 15 hours', NULL) ON CONFLICT DO NOTHING;
INSERT INTO slot_bookings (id, slot_id, user_id, order_id, booking_type, status, booked_at, cancelled_at) VALUES (471, 202, 10, 471, 'stationery', 'confirmed', NOW() - INTERVAL '11 days 7 hours', NULL) ON CONFLICT DO NOTHING;
INSERT INTO slot_bookings (id, slot_id, user_id, order_id, booking_type, status, booked_at, cancelled_at) VALUES (472, 293, 16, 472, 'stationery', 'confirmed', NOW() - INTERVAL '67 days 12 hours', NULL) ON CONFLICT DO NOTHING;
INSERT INTO slot_bookings (id, slot_id, user_id, order_id, booking_type, status, booked_at, cancelled_at) VALUES (473, 294, 58, 473, 'stationery', 'confirmed', NOW() - INTERVAL '80 days 1 hours', NULL) ON CONFLICT DO NOTHING;
INSERT INTO slot_bookings (id, slot_id, user_id, order_id, booking_type, status, booked_at, cancelled_at) VALUES (474, 235, 13, 474, 'stationery', 'confirmed', NOW() - INTERVAL '21 days 7 hours', NULL) ON CONFLICT DO NOTHING;
INSERT INTO slot_bookings (id, slot_id, user_id, order_id, booking_type, status, booked_at, cancelled_at) VALUES (475, 206, 23, 475, 'stationery', 'confirmed', NOW() - INTERVAL '77 days 15 hours', NULL) ON CONFLICT DO NOTHING;
INSERT INTO slot_bookings (id, slot_id, user_id, order_id, booking_type, status, booked_at, cancelled_at) VALUES (476, 207, 38, 476, 'stationery', 'confirmed', NOW() - INTERVAL '59 days 2 hours', NULL) ON CONFLICT DO NOTHING;
INSERT INTO slot_bookings (id, slot_id, user_id, order_id, booking_type, status, booked_at, cancelled_at) VALUES (477, 268, 30, 477, 'stationery', 'confirmed', NOW() - INTERVAL '26 days 13 hours', NULL) ON CONFLICT DO NOTHING;
INSERT INTO slot_bookings (id, slot_id, user_id, order_id, booking_type, status, booked_at, cancelled_at) VALUES (478, 239, 15, 478, 'stationery', 'confirmed', NOW() - INTERVAL '10 days 1 hours', NULL) ON CONFLICT DO NOTHING;
INSERT INTO slot_bookings (id, slot_id, user_id, order_id, booking_type, status, booked_at, cancelled_at) VALUES (479, 270, 22, 479, 'stationery', 'confirmed', NOW() - INTERVAL '57 days 3 hours', NULL) ON CONFLICT DO NOTHING;
INSERT INTO slot_bookings (id, slot_id, user_id, order_id, booking_type, status, booked_at, cancelled_at) VALUES (480, 241, 60, 480, 'stationery', 'confirmed', NOW() - INTERVAL '64 days 14 hours', NULL) ON CONFLICT DO NOTHING;
INSERT INTO slot_bookings (id, slot_id, user_id, order_id, booking_type, status, booked_at, cancelled_at) VALUES (481, 182, 11, 481, 'stationery', 'confirmed', NOW() - INTERVAL '4 days 2 hours', NULL) ON CONFLICT DO NOTHING;
INSERT INTO slot_bookings (id, slot_id, user_id, order_id, booking_type, status, booked_at, cancelled_at) VALUES (482, 273, 30, 482, 'stationery', 'confirmed', NOW() - INTERVAL '35 days 18 hours', NULL) ON CONFLICT DO NOTHING;
INSERT INTO slot_bookings (id, slot_id, user_id, order_id, booking_type, status, booked_at, cancelled_at) VALUES (483, 214, 6, 483, 'stationery', 'confirmed', NOW() - INTERVAL '36 days 5 hours', NULL) ON CONFLICT DO NOTHING;
INSERT INTO slot_bookings (id, slot_id, user_id, order_id, booking_type, status, booked_at, cancelled_at) VALUES (484, 275, 56, 484, 'stationery', 'confirmed', NOW() - INTERVAL '43 days 10 hours', NULL) ON CONFLICT DO NOTHING;
INSERT INTO slot_bookings (id, slot_id, user_id, order_id, booking_type, status, booked_at, cancelled_at) VALUES (485, 216, 14, 485, 'stationery', 'confirmed', NOW() - INTERVAL '52 days 17 hours', NULL) ON CONFLICT DO NOTHING;
INSERT INTO slot_bookings (id, slot_id, user_id, order_id, booking_type, status, booked_at, cancelled_at) VALUES (486, 247, 5, 486, 'stationery', 'confirmed', NOW() - INTERVAL '52 days 16 hours', NULL) ON CONFLICT DO NOTHING;
INSERT INTO slot_bookings (id, slot_id, user_id, order_id, booking_type, status, booked_at, cancelled_at) VALUES (487, 278, 1, 487, 'stationery', 'confirmed', NOW() - INTERVAL '67 days 11 hours', NULL) ON CONFLICT DO NOTHING;
INSERT INTO slot_bookings (id, slot_id, user_id, order_id, booking_type, status, booked_at, cancelled_at) VALUES (488, 279, 64, 488, 'stationery', 'confirmed', NOW() - INTERVAL '17 days 9 hours', NULL) ON CONFLICT DO NOTHING;
INSERT INTO slot_bookings (id, slot_id, user_id, order_id, booking_type, status, booked_at, cancelled_at) VALUES (489, 280, 57, 489, 'stationery', 'confirmed', NOW() - INTERVAL '78 days 7 hours', NULL) ON CONFLICT DO NOTHING;
INSERT INTO slot_bookings (id, slot_id, user_id, order_id, booking_type, status, booked_at, cancelled_at) VALUES (490, 251, 21, 490, 'stationery', 'confirmed', NOW() - INTERVAL '29 days 3 hours', NULL) ON CONFLICT DO NOTHING;
INSERT INTO slot_bookings (id, slot_id, user_id, order_id, booking_type, status, booked_at, cancelled_at) VALUES (491, 222, 60, 491, 'stationery', 'confirmed', NOW() - INTERVAL '38 days 16 hours', NULL) ON CONFLICT DO NOTHING;
INSERT INTO slot_bookings (id, slot_id, user_id, order_id, booking_type, status, booked_at, cancelled_at) VALUES (492, 253, 35, 492, 'stationery', 'confirmed', NOW() - INTERVAL '19 days 12 hours', NULL) ON CONFLICT DO NOTHING;
INSERT INTO slot_bookings (id, slot_id, user_id, order_id, booking_type, status, booked_at, cancelled_at) VALUES (493, 284, 25, 493, 'stationery', 'confirmed', NOW() - INTERVAL '36 days 13 hours', NULL) ON CONFLICT DO NOTHING;
INSERT INTO slot_bookings (id, slot_id, user_id, order_id, booking_type, status, booked_at, cancelled_at) VALUES (494, 285, 44, 494, 'stationery', 'confirmed', NOW() - INTERVAL '76 days 18 hours', NULL) ON CONFLICT DO NOTHING;
INSERT INTO slot_bookings (id, slot_id, user_id, order_id, booking_type, status, booked_at, cancelled_at) VALUES (495, 226, 63, 495, 'stationery', 'confirmed', NOW() - INTERVAL '71 days 17 hours', NULL) ON CONFLICT DO NOTHING;
INSERT INTO slot_bookings (id, slot_id, user_id, order_id, booking_type, status, booked_at, cancelled_at) VALUES (496, 257, 49, 496, 'stationery', 'confirmed', NOW() - INTERVAL '50 days 7 hours', NULL) ON CONFLICT DO NOTHING;
INSERT INTO slot_bookings (id, slot_id, user_id, order_id, booking_type, status, booked_at, cancelled_at) VALUES (497, 228, 53, 497, 'stationery', 'confirmed', NOW() - INTERVAL '49 days 12 hours', NULL) ON CONFLICT DO NOTHING;
INSERT INTO slot_bookings (id, slot_id, user_id, order_id, booking_type, status, booked_at, cancelled_at) VALUES (498, 259, 20, 498, 'stationery', 'confirmed', NOW() - INTERVAL '43 days 3 hours', NULL) ON CONFLICT DO NOTHING;
INSERT INTO slot_bookings (id, slot_id, user_id, order_id, booking_type, status, booked_at, cancelled_at) VALUES (499, 200, 57, 499, 'stationery', 'confirmed', NOW() - INTERVAL '53 days 20 hours', NULL) ON CONFLICT DO NOTHING;
INSERT INTO slot_bookings (id, slot_id, user_id, order_id, booking_type, status, booked_at, cancelled_at) VALUES (500, 201, 20, 500, 'stationery', 'confirmed', NOW() - INTERVAL '51 days 20 hours', NULL) ON CONFLICT DO NOTHING;

-- Update slots aggregates based on confirmed bookings
UPDATE slots SET current_orders = (SELECT COUNT(*) FROM slot_bookings WHERE slot_bookings.slot_id = slots.id AND slot_bookings.status = 'confirmed');
UPDATE slots SET congestion_level = LEAST(1.0, current_orders::float / NULLIF(max_orders, 0));

COMMIT;