BEGIN;
TRUNCATE TABLE group_cart_items RESTART IDENTITY CASCADE;
TRUNCATE TABLE group_members RESTART IDENTITY CASCADE;
TRUNCATE TABLE groups RESTART IDENTITY CASCADE;

-- Groups (15 total)
INSERT INTO groups (id, name, owner_id, status, created_at, updated_at) VALUES (1, 'Tech Lunch Group', 1, 'cancelled', NOW() - INTERVAL '7 days', NOW() - INTERVAL '7 days') ON CONFLICT DO NOTHING;
INSERT INTO groups (id, name, owner_id, status, created_at, updated_at) VALUES (2, 'Faculty Coffee Club', 2, 'cancelled', NOW() - INTERVAL '5 days', NOW() - INTERVAL '5 days') ON CONFLICT DO NOTHING;
INSERT INTO groups (id, name, owner_id, status, created_at, updated_at) VALUES (3, 'Hostel 2 Dinner', 3, 'active', NOW() - INTERVAL '9 days', NOW() - INTERVAL '9 days') ON CONFLICT DO NOTHING;
INSERT INTO groups (id, name, owner_id, status, created_at, updated_at) VALUES (4, 'Exam Study Snacks', 4, 'completed', NOW() - INTERVAL '2 days', NOW() - INTERVAL '2 days') ON CONFLICT DO NOTHING;
INSERT INTO groups (id, name, owner_id, status, created_at, updated_at) VALUES (5, 'Lab B Breakfast', 5, 'active', NOW() - INTERVAL '3 days', NOW() - INTERVAL '3 days') ON CONFLICT DO NOTHING;
INSERT INTO groups (id, name, owner_id, status, created_at, updated_at) VALUES (6, 'Project Team Bites', 6, 'cancelled', NOW() - INTERVAL '8 days', NOW() - INTERVAL '8 days') ON CONFLICT DO NOTHING;
INSERT INTO groups (id, name, owner_id, status, created_at, updated_at) VALUES (7, 'Civil Dept Tea', 7, 'ordered', NOW() - INTERVAL '1 days', NOW() - INTERVAL '1 days') ON CONFLICT DO NOTHING;
INSERT INTO groups (id, name, owner_id, status, created_at, updated_at) VALUES (8, 'Coding Marathon Fuel', 8, 'active', NOW() - INTERVAL '5 days', NOW() - INTERVAL '5 days') ON CONFLICT DO NOTHING;
INSERT INTO groups (id, name, owner_id, status, created_at, updated_at) VALUES (9, 'Mess Escape Squad', 9, 'active', NOW() - INTERVAL '5 days', NOW() - INTERVAL '5 days') ON CONFLICT DO NOTHING;
INSERT INTO groups (id, name, owner_id, status, created_at, updated_at) VALUES (10, 'CSE Group Cart', 10, 'ordered', NOW() - INTERVAL '3 days', NOW() - INTERVAL '3 days') ON CONFLICT DO NOTHING;
INSERT INTO groups (id, name, owner_id, status, created_at, updated_at) VALUES (11, 'AIML Brunch', 11, 'completed', NOW() - INTERVAL '10 days', NOW() - INTERVAL '10 days') ON CONFLICT DO NOTHING;
INSERT INTO groups (id, name, owner_id, status, created_at, updated_at) VALUES (12, 'Sports Club Drinks', 12, 'cancelled', NOW() - INTERVAL '6 days', NOW() - INTERVAL '6 days') ON CONFLICT DO NOTHING;
INSERT INTO groups (id, name, owner_id, status, created_at, updated_at) VALUES (13, 'Weekend Foodies', 13, 'completed', NOW() - INTERVAL '9 days', NOW() - INTERVAL '9 days') ON CONFLICT DO NOTHING;
INSERT INTO groups (id, name, owner_id, status, created_at, updated_at) VALUES (14, 'Movie Night Popcorn', 14, 'active', NOW() - INTERVAL '5 days', NOW() - INTERVAL '5 days') ON CONFLICT DO NOTHING;
INSERT INTO groups (id, name, owner_id, status, created_at, updated_at) VALUES (15, 'Placement Prep Tea', 15, 'ordered', NOW() - INTERVAL '10 days', NOW() - INTERVAL '10 days') ON CONFLICT DO NOTHING;

-- Group Members (45 total)
INSERT INTO group_members (id, group_id, user_id, role, joined_at) VALUES (1, 1, 1, 'owner', NOW() - INTERVAL '10 days') ON CONFLICT DO NOTHING;
INSERT INTO group_members (id, group_id, user_id, role, joined_at) VALUES (2, 1, 3, 'member', NOW() - INTERVAL '9 days') ON CONFLICT DO NOTHING;
INSERT INTO group_members (id, group_id, user_id, role, joined_at) VALUES (3, 1, 9, 'member', NOW() - INTERVAL '9 days') ON CONFLICT DO NOTHING;
INSERT INTO group_members (id, group_id, user_id, role, joined_at) VALUES (4, 2, 2, 'owner', NOW() - INTERVAL '10 days') ON CONFLICT DO NOTHING;
INSERT INTO group_members (id, group_id, user_id, role, joined_at) VALUES (5, 2, 41, 'member', NOW() - INTERVAL '9 days') ON CONFLICT DO NOTHING;
INSERT INTO group_members (id, group_id, user_id, role, joined_at) VALUES (6, 2, 34, 'member', NOW() - INTERVAL '9 days') ON CONFLICT DO NOTHING;
INSERT INTO group_members (id, group_id, user_id, role, joined_at) VALUES (7, 3, 3, 'owner', NOW() - INTERVAL '10 days') ON CONFLICT DO NOTHING;
INSERT INTO group_members (id, group_id, user_id, role, joined_at) VALUES (8, 3, 1, 'member', NOW() - INTERVAL '9 days') ON CONFLICT DO NOTHING;
INSERT INTO group_members (id, group_id, user_id, role, joined_at) VALUES (9, 3, 4, 'member', NOW() - INTERVAL '9 days') ON CONFLICT DO NOTHING;
INSERT INTO group_members (id, group_id, user_id, role, joined_at) VALUES (10, 4, 4, 'owner', NOW() - INTERVAL '10 days') ON CONFLICT DO NOTHING;
INSERT INTO group_members (id, group_id, user_id, role, joined_at) VALUES (11, 4, 48, 'member', NOW() - INTERVAL '9 days') ON CONFLICT DO NOTHING;
INSERT INTO group_members (id, group_id, user_id, role, joined_at) VALUES (12, 4, 1, 'member', NOW() - INTERVAL '9 days') ON CONFLICT DO NOTHING;
INSERT INTO group_members (id, group_id, user_id, role, joined_at) VALUES (13, 5, 5, 'owner', NOW() - INTERVAL '10 days') ON CONFLICT DO NOTHING;
INSERT INTO group_members (id, group_id, user_id, role, joined_at) VALUES (14, 5, 12, 'member', NOW() - INTERVAL '9 days') ON CONFLICT DO NOTHING;
INSERT INTO group_members (id, group_id, user_id, role, joined_at) VALUES (15, 5, 3, 'member', NOW() - INTERVAL '9 days') ON CONFLICT DO NOTHING;
INSERT INTO group_members (id, group_id, user_id, role, joined_at) VALUES (16, 6, 6, 'owner', NOW() - INTERVAL '10 days') ON CONFLICT DO NOTHING;
INSERT INTO group_members (id, group_id, user_id, role, joined_at) VALUES (17, 6, 24, 'member', NOW() - INTERVAL '9 days') ON CONFLICT DO NOTHING;
INSERT INTO group_members (id, group_id, user_id, role, joined_at) VALUES (18, 6, 49, 'member', NOW() - INTERVAL '9 days') ON CONFLICT DO NOTHING;
INSERT INTO group_members (id, group_id, user_id, role, joined_at) VALUES (19, 7, 7, 'owner', NOW() - INTERVAL '10 days') ON CONFLICT DO NOTHING;
INSERT INTO group_members (id, group_id, user_id, role, joined_at) VALUES (20, 7, 12, 'member', NOW() - INTERVAL '9 days') ON CONFLICT DO NOTHING;
INSERT INTO group_members (id, group_id, user_id, role, joined_at) VALUES (21, 7, 17, 'member', NOW() - INTERVAL '9 days') ON CONFLICT DO NOTHING;
INSERT INTO group_members (id, group_id, user_id, role, joined_at) VALUES (22, 8, 8, 'owner', NOW() - INTERVAL '10 days') ON CONFLICT DO NOTHING;
INSERT INTO group_members (id, group_id, user_id, role, joined_at) VALUES (23, 8, 30, 'member', NOW() - INTERVAL '9 days') ON CONFLICT DO NOTHING;
INSERT INTO group_members (id, group_id, user_id, role, joined_at) VALUES (24, 8, 32, 'member', NOW() - INTERVAL '9 days') ON CONFLICT DO NOTHING;
INSERT INTO group_members (id, group_id, user_id, role, joined_at) VALUES (25, 9, 9, 'owner', NOW() - INTERVAL '10 days') ON CONFLICT DO NOTHING;
INSERT INTO group_members (id, group_id, user_id, role, joined_at) VALUES (26, 9, 14, 'member', NOW() - INTERVAL '9 days') ON CONFLICT DO NOTHING;
INSERT INTO group_members (id, group_id, user_id, role, joined_at) VALUES (27, 9, 29, 'member', NOW() - INTERVAL '9 days') ON CONFLICT DO NOTHING;
INSERT INTO group_members (id, group_id, user_id, role, joined_at) VALUES (28, 10, 10, 'owner', NOW() - INTERVAL '10 days') ON CONFLICT DO NOTHING;
INSERT INTO group_members (id, group_id, user_id, role, joined_at) VALUES (29, 10, 3, 'member', NOW() - INTERVAL '9 days') ON CONFLICT DO NOTHING;
INSERT INTO group_members (id, group_id, user_id, role, joined_at) VALUES (30, 10, 28, 'member', NOW() - INTERVAL '9 days') ON CONFLICT DO NOTHING;
INSERT INTO group_members (id, group_id, user_id, role, joined_at) VALUES (31, 11, 11, 'owner', NOW() - INTERVAL '10 days') ON CONFLICT DO NOTHING;
INSERT INTO group_members (id, group_id, user_id, role, joined_at) VALUES (32, 11, 28, 'member', NOW() - INTERVAL '9 days') ON CONFLICT DO NOTHING;
INSERT INTO group_members (id, group_id, user_id, role, joined_at) VALUES (33, 11, 24, 'member', NOW() - INTERVAL '9 days') ON CONFLICT DO NOTHING;
INSERT INTO group_members (id, group_id, user_id, role, joined_at) VALUES (34, 12, 12, 'owner', NOW() - INTERVAL '10 days') ON CONFLICT DO NOTHING;
INSERT INTO group_members (id, group_id, user_id, role, joined_at) VALUES (35, 12, 33, 'member', NOW() - INTERVAL '9 days') ON CONFLICT DO NOTHING;
INSERT INTO group_members (id, group_id, user_id, role, joined_at) VALUES (36, 12, 17, 'member', NOW() - INTERVAL '9 days') ON CONFLICT DO NOTHING;
INSERT INTO group_members (id, group_id, user_id, role, joined_at) VALUES (37, 13, 13, 'owner', NOW() - INTERVAL '10 days') ON CONFLICT DO NOTHING;
INSERT INTO group_members (id, group_id, user_id, role, joined_at) VALUES (38, 13, 31, 'member', NOW() - INTERVAL '9 days') ON CONFLICT DO NOTHING;
INSERT INTO group_members (id, group_id, user_id, role, joined_at) VALUES (39, 13, 49, 'member', NOW() - INTERVAL '9 days') ON CONFLICT DO NOTHING;
INSERT INTO group_members (id, group_id, user_id, role, joined_at) VALUES (40, 14, 14, 'owner', NOW() - INTERVAL '10 days') ON CONFLICT DO NOTHING;
INSERT INTO group_members (id, group_id, user_id, role, joined_at) VALUES (41, 14, 8, 'member', NOW() - INTERVAL '9 days') ON CONFLICT DO NOTHING;
INSERT INTO group_members (id, group_id, user_id, role, joined_at) VALUES (42, 14, 46, 'member', NOW() - INTERVAL '9 days') ON CONFLICT DO NOTHING;
INSERT INTO group_members (id, group_id, user_id, role, joined_at) VALUES (43, 15, 15, 'owner', NOW() - INTERVAL '10 days') ON CONFLICT DO NOTHING;
INSERT INTO group_members (id, group_id, user_id, role, joined_at) VALUES (44, 15, 27, 'member', NOW() - INTERVAL '9 days') ON CONFLICT DO NOTHING;
INSERT INTO group_members (id, group_id, user_id, role, joined_at) VALUES (45, 15, 35, 'member', NOW() - INTERVAL '9 days') ON CONFLICT DO NOTHING;

-- Group Cart Items (60 total)
INSERT INTO group_cart_items (id, group_id, menu_item_id, owner_id, quantity, price_at_time, added_at) VALUES (1, 1, 108, 3, 2, 12000, NOW() - INTERVAL '2 days') ON CONFLICT DO NOTHING;
INSERT INTO group_cart_items (id, group_id, menu_item_id, owner_id, quantity, price_at_time, added_at) VALUES (2, 1, 111, 1, 3, 10000, NOW() - INTERVAL '5 days') ON CONFLICT DO NOTHING;
INSERT INTO group_cart_items (id, group_id, menu_item_id, owner_id, quantity, price_at_time, added_at) VALUES (3, 1, 106, 1, 2, 7500, NOW() - INTERVAL '4 days') ON CONFLICT DO NOTHING;
INSERT INTO group_cart_items (id, group_id, menu_item_id, owner_id, quantity, price_at_time, added_at) VALUES (4, 1, 82, 3, 3, 5500, NOW() - INTERVAL '4 days') ON CONFLICT DO NOTHING;
INSERT INTO group_cart_items (id, group_id, menu_item_id, owner_id, quantity, price_at_time, added_at) VALUES (5, 2, 169, 41, 2, 11000, NOW() - INTERVAL '3 days') ON CONFLICT DO NOTHING;
INSERT INTO group_cart_items (id, group_id, menu_item_id, owner_id, quantity, price_at_time, added_at) VALUES (6, 2, 82, 2, 1, 5500, NOW() - INTERVAL '5 days') ON CONFLICT DO NOTHING;
INSERT INTO group_cart_items (id, group_id, menu_item_id, owner_id, quantity, price_at_time, added_at) VALUES (7, 2, 32, 41, 3, 8000, NOW() - INTERVAL '2 days') ON CONFLICT DO NOTHING;
INSERT INTO group_cart_items (id, group_id, menu_item_id, owner_id, quantity, price_at_time, added_at) VALUES (8, 2, 151, 34, 2, 12000, NOW() - INTERVAL '4 days') ON CONFLICT DO NOTHING;
INSERT INTO group_cart_items (id, group_id, menu_item_id, owner_id, quantity, price_at_time, added_at) VALUES (9, 3, 98, 1, 1, 8000, NOW() - INTERVAL '3 days') ON CONFLICT DO NOTHING;
INSERT INTO group_cart_items (id, group_id, menu_item_id, owner_id, quantity, price_at_time, added_at) VALUES (10, 3, 167, 1, 3, 6000, NOW() - INTERVAL '2 days') ON CONFLICT DO NOTHING;
INSERT INTO group_cart_items (id, group_id, menu_item_id, owner_id, quantity, price_at_time, added_at) VALUES (11, 3, 132, 4, 3, 10000, NOW() - INTERVAL '3 days') ON CONFLICT DO NOTHING;
INSERT INTO group_cart_items (id, group_id, menu_item_id, owner_id, quantity, price_at_time, added_at) VALUES (12, 3, 200, 3, 1, 12500, NOW() - INTERVAL '2 days') ON CONFLICT DO NOTHING;
INSERT INTO group_cart_items (id, group_id, menu_item_id, owner_id, quantity, price_at_time, added_at) VALUES (13, 4, 164, 48, 1, 1500, NOW() - INTERVAL '1 days') ON CONFLICT DO NOTHING;
INSERT INTO group_cart_items (id, group_id, menu_item_id, owner_id, quantity, price_at_time, added_at) VALUES (14, 4, 108, 48, 2, 12000, NOW() - INTERVAL '3 days') ON CONFLICT DO NOTHING;
INSERT INTO group_cart_items (id, group_id, menu_item_id, owner_id, quantity, price_at_time, added_at) VALUES (15, 4, 69, 4, 3, 3000, NOW() - INTERVAL '1 days') ON CONFLICT DO NOTHING;
INSERT INTO group_cart_items (id, group_id, menu_item_id, owner_id, quantity, price_at_time, added_at) VALUES (16, 4, 65, 4, 2, 14000, NOW() - INTERVAL '3 days') ON CONFLICT DO NOTHING;
INSERT INTO group_cart_items (id, group_id, menu_item_id, owner_id, quantity, price_at_time, added_at) VALUES (17, 5, 151, 12, 2, 12000, NOW() - INTERVAL '3 days') ON CONFLICT DO NOTHING;
INSERT INTO group_cart_items (id, group_id, menu_item_id, owner_id, quantity, price_at_time, added_at) VALUES (18, 5, 173, 12, 2, 16000, NOW() - INTERVAL '5 days') ON CONFLICT DO NOTHING;
INSERT INTO group_cart_items (id, group_id, menu_item_id, owner_id, quantity, price_at_time, added_at) VALUES (19, 5, 127, 5, 1, 9000, NOW() - INTERVAL '2 days') ON CONFLICT DO NOTHING;
INSERT INTO group_cart_items (id, group_id, menu_item_id, owner_id, quantity, price_at_time, added_at) VALUES (20, 5, 46, 5, 2, 16000, NOW() - INTERVAL '3 days') ON CONFLICT DO NOTHING;
INSERT INTO group_cart_items (id, group_id, menu_item_id, owner_id, quantity, price_at_time, added_at) VALUES (21, 6, 186, 24, 3, 13000, NOW() - INTERVAL '3 days') ON CONFLICT DO NOTHING;
INSERT INTO group_cart_items (id, group_id, menu_item_id, owner_id, quantity, price_at_time, added_at) VALUES (22, 6, 75, 49, 3, 4000, NOW() - INTERVAL '5 days') ON CONFLICT DO NOTHING;
INSERT INTO group_cart_items (id, group_id, menu_item_id, owner_id, quantity, price_at_time, added_at) VALUES (23, 6, 179, 24, 2, 11000, NOW() - INTERVAL '4 days') ON CONFLICT DO NOTHING;
INSERT INTO group_cart_items (id, group_id, menu_item_id, owner_id, quantity, price_at_time, added_at) VALUES (24, 6, 133, 6, 1, 11500, NOW() - INTERVAL '5 days') ON CONFLICT DO NOTHING;
INSERT INTO group_cart_items (id, group_id, menu_item_id, owner_id, quantity, price_at_time, added_at) VALUES (25, 7, 103, 7, 2, 7000, NOW() - INTERVAL '1 days') ON CONFLICT DO NOTHING;
INSERT INTO group_cart_items (id, group_id, menu_item_id, owner_id, quantity, price_at_time, added_at) VALUES (26, 7, 33, 7, 2, 10000, NOW() - INTERVAL '4 days') ON CONFLICT DO NOTHING;
INSERT INTO group_cart_items (id, group_id, menu_item_id, owner_id, quantity, price_at_time, added_at) VALUES (27, 7, 69, 7, 2, 3000, NOW() - INTERVAL '4 days') ON CONFLICT DO NOTHING;
INSERT INTO group_cart_items (id, group_id, menu_item_id, owner_id, quantity, price_at_time, added_at) VALUES (28, 7, 82, 7, 1, 5500, NOW() - INTERVAL '5 days') ON CONFLICT DO NOTHING;
INSERT INTO group_cart_items (id, group_id, menu_item_id, owner_id, quantity, price_at_time, added_at) VALUES (29, 8, 77, 32, 2, 4000, NOW() - INTERVAL '5 days') ON CONFLICT DO NOTHING;
INSERT INTO group_cart_items (id, group_id, menu_item_id, owner_id, quantity, price_at_time, added_at) VALUES (30, 8, 89, 32, 1, 6000, NOW() - INTERVAL '3 days') ON CONFLICT DO NOTHING;
INSERT INTO group_cart_items (id, group_id, menu_item_id, owner_id, quantity, price_at_time, added_at) VALUES (31, 8, 7, 32, 1, 3000, NOW() - INTERVAL '3 days') ON CONFLICT DO NOTHING;
INSERT INTO group_cart_items (id, group_id, menu_item_id, owner_id, quantity, price_at_time, added_at) VALUES (32, 8, 115, 8, 3, 10000, NOW() - INTERVAL '4 days') ON CONFLICT DO NOTHING;
INSERT INTO group_cart_items (id, group_id, menu_item_id, owner_id, quantity, price_at_time, added_at) VALUES (33, 9, 14, 14, 2, 14000, NOW() - INTERVAL '1 days') ON CONFLICT DO NOTHING;
INSERT INTO group_cart_items (id, group_id, menu_item_id, owner_id, quantity, price_at_time, added_at) VALUES (34, 9, 75, 9, 1, 4000, NOW() - INTERVAL '5 days') ON CONFLICT DO NOTHING;
INSERT INTO group_cart_items (id, group_id, menu_item_id, owner_id, quantity, price_at_time, added_at) VALUES (35, 9, 173, 14, 2, 16000, NOW() - INTERVAL '2 days') ON CONFLICT DO NOTHING;
INSERT INTO group_cart_items (id, group_id, menu_item_id, owner_id, quantity, price_at_time, added_at) VALUES (36, 9, 1, 9, 1, 12000, NOW() - INTERVAL '3 days') ON CONFLICT DO NOTHING;
INSERT INTO group_cart_items (id, group_id, menu_item_id, owner_id, quantity, price_at_time, added_at) VALUES (37, 10, 51, 10, 1, 21000, NOW() - INTERVAL '3 days') ON CONFLICT DO NOTHING;
INSERT INTO group_cart_items (id, group_id, menu_item_id, owner_id, quantity, price_at_time, added_at) VALUES (38, 10, 196, 3, 3, 7000, NOW() - INTERVAL '1 days') ON CONFLICT DO NOTHING;
INSERT INTO group_cart_items (id, group_id, menu_item_id, owner_id, quantity, price_at_time, added_at) VALUES (39, 10, 127, 10, 3, 9000, NOW() - INTERVAL '3 days') ON CONFLICT DO NOTHING;
INSERT INTO group_cart_items (id, group_id, menu_item_id, owner_id, quantity, price_at_time, added_at) VALUES (40, 10, 153, 10, 2, 14000, NOW() - INTERVAL '4 days') ON CONFLICT DO NOTHING;
INSERT INTO group_cart_items (id, group_id, menu_item_id, owner_id, quantity, price_at_time, added_at) VALUES (41, 11, 27, 24, 2, 11000, NOW() - INTERVAL '4 days') ON CONFLICT DO NOTHING;
INSERT INTO group_cart_items (id, group_id, menu_item_id, owner_id, quantity, price_at_time, added_at) VALUES (42, 11, 122, 11, 3, 8500, NOW() - INTERVAL '4 days') ON CONFLICT DO NOTHING;
INSERT INTO group_cart_items (id, group_id, menu_item_id, owner_id, quantity, price_at_time, added_at) VALUES (43, 11, 66, 11, 2, 14000, NOW() - INTERVAL '3 days') ON CONFLICT DO NOTHING;
INSERT INTO group_cart_items (id, group_id, menu_item_id, owner_id, quantity, price_at_time, added_at) VALUES (44, 11, 60, 24, 1, 8000, NOW() - INTERVAL '2 days') ON CONFLICT DO NOTHING;
INSERT INTO group_cart_items (id, group_id, menu_item_id, owner_id, quantity, price_at_time, added_at) VALUES (45, 12, 145, 12, 3, 1500, NOW() - INTERVAL '5 days') ON CONFLICT DO NOTHING;
INSERT INTO group_cart_items (id, group_id, menu_item_id, owner_id, quantity, price_at_time, added_at) VALUES (46, 12, 96, 12, 2, 14000, NOW() - INTERVAL '4 days') ON CONFLICT DO NOTHING;
INSERT INTO group_cart_items (id, group_id, menu_item_id, owner_id, quantity, price_at_time, added_at) VALUES (47, 12, 25, 33, 3, 6000, NOW() - INTERVAL '3 days') ON CONFLICT DO NOTHING;
INSERT INTO group_cart_items (id, group_id, menu_item_id, owner_id, quantity, price_at_time, added_at) VALUES (48, 12, 74, 12, 1, 12000, NOW() - INTERVAL '4 days') ON CONFLICT DO NOTHING;
INSERT INTO group_cart_items (id, group_id, menu_item_id, owner_id, quantity, price_at_time, added_at) VALUES (49, 13, 111, 49, 1, 10000, NOW() - INTERVAL '2 days') ON CONFLICT DO NOTHING;
INSERT INTO group_cart_items (id, group_id, menu_item_id, owner_id, quantity, price_at_time, added_at) VALUES (50, 13, 85, 31, 3, 11000, NOW() - INTERVAL '5 days') ON CONFLICT DO NOTHING;
INSERT INTO group_cart_items (id, group_id, menu_item_id, owner_id, quantity, price_at_time, added_at) VALUES (51, 13, 121, 49, 3, 8000, NOW() - INTERVAL '5 days') ON CONFLICT DO NOTHING;
INSERT INTO group_cart_items (id, group_id, menu_item_id, owner_id, quantity, price_at_time, added_at) VALUES (52, 13, 191, 13, 2, 11000, NOW() - INTERVAL '2 days') ON CONFLICT DO NOTHING;
INSERT INTO group_cart_items (id, group_id, menu_item_id, owner_id, quantity, price_at_time, added_at) VALUES (53, 14, 11, 14, 1, 6000, NOW() - INTERVAL '5 days') ON CONFLICT DO NOTHING;
INSERT INTO group_cart_items (id, group_id, menu_item_id, owner_id, quantity, price_at_time, added_at) VALUES (54, 14, 61, 8, 3, 11000, NOW() - INTERVAL '5 days') ON CONFLICT DO NOTHING;
INSERT INTO group_cart_items (id, group_id, menu_item_id, owner_id, quantity, price_at_time, added_at) VALUES (55, 14, 165, 46, 2, 2000, NOW() - INTERVAL '3 days') ON CONFLICT DO NOTHING;
INSERT INTO group_cart_items (id, group_id, menu_item_id, owner_id, quantity, price_at_time, added_at) VALUES (56, 14, 164, 46, 3, 1500, NOW() - INTERVAL '4 days') ON CONFLICT DO NOTHING;
INSERT INTO group_cart_items (id, group_id, menu_item_id, owner_id, quantity, price_at_time, added_at) VALUES (57, 15, 4, 27, 3, 8000, NOW() - INTERVAL '4 days') ON CONFLICT DO NOTHING;
INSERT INTO group_cart_items (id, group_id, menu_item_id, owner_id, quantity, price_at_time, added_at) VALUES (58, 15, 181, 35, 2, 12000, NOW() - INTERVAL '5 days') ON CONFLICT DO NOTHING;
INSERT INTO group_cart_items (id, group_id, menu_item_id, owner_id, quantity, price_at_time, added_at) VALUES (59, 15, 80, 35, 3, 7000, NOW() - INTERVAL '4 days') ON CONFLICT DO NOTHING;
INSERT INTO group_cart_items (id, group_id, menu_item_id, owner_id, quantity, price_at_time, added_at) VALUES (60, 15, 153, 15, 3, 14000, NOW() - INTERVAL '3 days') ON CONFLICT DO NOTHING;

COMMIT;