BEGIN;
TRUNCATE TABLE vendor_offers RESTART IDENTITY CASCADE;
TRUNCATE TABLE discount_campaigns RESTART IDENTITY CASCADE;
TRUNCATE TABLE vendor_settlements RESTART IDENTITY CASCADE;
TRUNCATE TABLE vendor_transactions RESTART IDENTITY CASCADE;

-- Vendor Transactions (300 total)
INSERT INTO vendor_transactions (id, vendor_id, order_id, payment_id, transaction_type, amount, fee, net_amount, description, payment_method, is_online, status, created_at) VALUES (1, 67, 1, 1, 'online_payment', 87000, 1740.0, 85260.0, 'Transaction for order #1', 'UPI', true, 'success', NOW() - INTERVAL '32 days 8 hours') ON CONFLICT DO NOTHING;
INSERT INTO vendor_transactions (id, vendor_id, order_id, payment_id, transaction_type, amount, fee, net_amount, description, payment_method, is_online, status, created_at) VALUES (2, 68, 2, 2, 'online_payment', 27000, 540.0, 26460.0, 'Transaction for order #2', 'UPI', true, 'success', NOW() - INTERVAL '77 days 15 hours') ON CONFLICT DO NOTHING;
INSERT INTO vendor_transactions (id, vendor_id, order_id, payment_id, transaction_type, amount, fee, net_amount, description, payment_method, is_online, status, created_at) VALUES (3, 69, 3, 3, 'online_payment', 29000, 580.0, 28420.0, 'Transaction for order #3', 'UPI', true, 'success', NOW() - INTERVAL '47 days 3 hours') ON CONFLICT DO NOTHING;
INSERT INTO vendor_transactions (id, vendor_id, order_id, payment_id, transaction_type, amount, fee, net_amount, description, payment_method, is_online, status, created_at) VALUES (4, 70, 4, 4, 'online_payment', 3000, 60.0, 2940.0, 'Transaction for order #4', 'UPI', true, 'success', NOW() - INTERVAL '17 days 0 hours') ON CONFLICT DO NOTHING;
INSERT INTO vendor_transactions (id, vendor_id, order_id, payment_id, transaction_type, amount, fee, net_amount, description, payment_method, is_online, status, created_at) VALUES (5, 71, 5, 5, 'online_payment', 21500, 430.0, 21070.0, 'Transaction for order #5', 'UPI', true, 'success', NOW() - INTERVAL '11 days 13 hours') ON CONFLICT DO NOTHING;
INSERT INTO vendor_transactions (id, vendor_id, order_id, payment_id, transaction_type, amount, fee, net_amount, description, payment_method, is_online, status, created_at) VALUES (6, 66, 6, 6, 'online_payment', 24000, 480.0, 23520.0, 'Transaction for order #6', 'UPI', true, 'success', NOW() - INTERVAL '32 days 4 hours') ON CONFLICT DO NOTHING;
INSERT INTO vendor_transactions (id, vendor_id, order_id, payment_id, transaction_type, amount, fee, net_amount, description, payment_method, is_online, status, created_at) VALUES (7, 67, 7, 7, 'online_payment', 30000, 600.0, 29400.0, 'Transaction for order #7', 'UPI', true, 'success', NOW() - INTERVAL '25 days 20 hours') ON CONFLICT DO NOTHING;
INSERT INTO vendor_transactions (id, vendor_id, order_id, payment_id, transaction_type, amount, fee, net_amount, description, payment_method, is_online, status, created_at) VALUES (8, 68, 8, 8, 'online_payment', 24000, 480.0, 23520.0, 'Transaction for order #8', 'UPI', true, 'success', NOW() - INTERVAL '47 days 9 hours') ON CONFLICT DO NOTHING;
INSERT INTO vendor_transactions (id, vendor_id, order_id, payment_id, transaction_type, amount, fee, net_amount, description, payment_method, is_online, status, created_at) VALUES (9, 69, 9, 9, 'online_payment', 46000, 920.0, 45080.0, 'Transaction for order #9', 'UPI', true, 'success', NOW() - INTERVAL '29 days 2 hours') ON CONFLICT DO NOTHING;
INSERT INTO vendor_transactions (id, vendor_id, order_id, payment_id, transaction_type, amount, fee, net_amount, description, payment_method, is_online, status, created_at) VALUES (10, 70, 10, 10, 'online_payment', 27000, 540.0, 26460.0, 'Transaction for order #10', 'UPI', true, 'success', NOW() - INTERVAL '17 days 19 hours') ON CONFLICT DO NOTHING;
INSERT INTO vendor_transactions (id, vendor_id, order_id, payment_id, transaction_type, amount, fee, net_amount, description, payment_method, is_online, status, created_at) VALUES (11, 71, 11, 11, 'online_payment', 11000, 220.0, 10780.0, 'Transaction for order #11', 'UPI', true, 'success', NOW() - INTERVAL '83 days 10 hours') ON CONFLICT DO NOTHING;
INSERT INTO vendor_transactions (id, vendor_id, order_id, payment_id, transaction_type, amount, fee, net_amount, description, payment_method, is_online, status, created_at) VALUES (12, 66, 12, 12, 'refund', -16000, 0.0, -16000, 'Transaction for order #12', 'UPI', true, 'success', NOW() - INTERVAL '7 days 23 hours') ON CONFLICT DO NOTHING;
INSERT INTO vendor_transactions (id, vendor_id, order_id, payment_id, transaction_type, amount, fee, net_amount, description, payment_method, is_online, status, created_at) VALUES (13, 67, 13, 13, 'online_payment', 8000, 160.0, 7840.0, 'Transaction for order #13', 'UPI', true, 'success', NOW() - INTERVAL '3 days 6 hours') ON CONFLICT DO NOTHING;
INSERT INTO vendor_transactions (id, vendor_id, order_id, payment_id, transaction_type, amount, fee, net_amount, description, payment_method, is_online, status, created_at) VALUES (14, 68, 14, 14, 'online_payment', 21000, 420.0, 20580.0, 'Transaction for order #14', 'UPI', true, 'success', NOW() - INTERVAL '12 days 3 hours') ON CONFLICT DO NOTHING;
INSERT INTO vendor_transactions (id, vendor_id, order_id, payment_id, transaction_type, amount, fee, net_amount, description, payment_method, is_online, status, created_at) VALUES (15, 69, 15, 15, 'online_payment', 20000, 400.0, 19600.0, 'Transaction for order #15', 'UPI', true, 'success', NOW() - INTERVAL '22 days 5 hours') ON CONFLICT DO NOTHING;
INSERT INTO vendor_transactions (id, vendor_id, order_id, payment_id, transaction_type, amount, fee, net_amount, description, payment_method, is_online, status, created_at) VALUES (16, 70, 16, 16, 'online_payment', 8000, 160.0, 7840.0, 'Transaction for order #16', 'UPI', true, 'success', NOW() - INTERVAL '83 days 23 hours') ON CONFLICT DO NOTHING;
INSERT INTO vendor_transactions (id, vendor_id, order_id, payment_id, transaction_type, amount, fee, net_amount, description, payment_method, is_online, status, created_at) VALUES (17, 71, 17, 17, 'online_payment', 45500, 910.0, 44590.0, 'Transaction for order #17', 'UPI', true, 'success', NOW() - INTERVAL '11 days 7 hours') ON CONFLICT DO NOTHING;
INSERT INTO vendor_transactions (id, vendor_id, order_id, payment_id, transaction_type, amount, fee, net_amount, description, payment_method, is_online, status, created_at) VALUES (18, 66, 18, 18, 'online_payment', 45000, 900.0, 44100.0, 'Transaction for order #18', 'UPI', true, 'success', NOW() - INTERVAL '48 days 22 hours') ON CONFLICT DO NOTHING;
INSERT INTO vendor_transactions (id, vendor_id, order_id, payment_id, transaction_type, amount, fee, net_amount, description, payment_method, is_online, status, created_at) VALUES (19, 67, 19, 19, 'online_payment', 28000, 560.0, 27440.0, 'Transaction for order #19', 'UPI', true, 'success', NOW() - INTERVAL '29 days 14 hours') ON CONFLICT DO NOTHING;
INSERT INTO vendor_transactions (id, vendor_id, order_id, payment_id, transaction_type, amount, fee, net_amount, description, payment_method, is_online, status, created_at) VALUES (20, 68, 20, 20, 'online_payment', 8500, 170.0, 8330.0, 'Transaction for order #20', 'UPI', true, 'success', NOW() - INTERVAL '71 days 12 hours') ON CONFLICT DO NOTHING;
INSERT INTO vendor_transactions (id, vendor_id, order_id, payment_id, transaction_type, amount, fee, net_amount, description, payment_method, is_online, status, created_at) VALUES (21, 69, 21, 21, 'online_payment', 5000, 100.0, 4900.0, 'Transaction for order #21', 'UPI', true, 'success', NOW() - INTERVAL '84 days 15 hours') ON CONFLICT DO NOTHING;
INSERT INTO vendor_transactions (id, vendor_id, order_id, payment_id, transaction_type, amount, fee, net_amount, description, payment_method, is_online, status, created_at) VALUES (22, 70, 22, 22, 'online_payment', 10000, 200.0, 9800.0, 'Transaction for order #22', 'UPI', true, 'success', NOW() - INTERVAL '36 days 9 hours') ON CONFLICT DO NOTHING;
INSERT INTO vendor_transactions (id, vendor_id, order_id, payment_id, transaction_type, amount, fee, net_amount, description, payment_method, is_online, status, created_at) VALUES (23, 71, 23, 23, 'online_payment', 16000, 320.0, 15680.0, 'Transaction for order #23', 'UPI', true, 'success', NOW() - INTERVAL '49 days 9 hours') ON CONFLICT DO NOTHING;
INSERT INTO vendor_transactions (id, vendor_id, order_id, payment_id, transaction_type, amount, fee, net_amount, description, payment_method, is_online, status, created_at) VALUES (24, 66, 24, 24, 'online_payment', 29000, 580.0, 28420.0, 'Transaction for order #24', 'UPI', true, 'success', NOW() - INTERVAL '57 days 11 hours') ON CONFLICT DO NOTHING;
INSERT INTO vendor_transactions (id, vendor_id, order_id, payment_id, transaction_type, amount, fee, net_amount, description, payment_method, is_online, status, created_at) VALUES (25, 67, 25, 25, 'online_payment', 58000, 1160.0, 56840.0, 'Transaction for order #25', 'UPI', true, 'success', NOW() - INTERVAL '8 days 10 hours') ON CONFLICT DO NOTHING;
INSERT INTO vendor_transactions (id, vendor_id, order_id, payment_id, transaction_type, amount, fee, net_amount, description, payment_method, is_online, status, created_at) VALUES (26, 68, 26, 26, 'online_payment', 24000, 480.0, 23520.0, 'Transaction for order #26', 'UPI', true, 'success', NOW() - INTERVAL '50 days 21 hours') ON CONFLICT DO NOTHING;
INSERT INTO vendor_transactions (id, vendor_id, order_id, payment_id, transaction_type, amount, fee, net_amount, description, payment_method, is_online, status, created_at) VALUES (27, 69, 27, 27, 'online_payment', 36000, 720.0, 35280.0, 'Transaction for order #27', 'UPI', true, 'success', NOW() - INTERVAL '6 days 2 hours') ON CONFLICT DO NOTHING;
INSERT INTO vendor_transactions (id, vendor_id, order_id, payment_id, transaction_type, amount, fee, net_amount, description, payment_method, is_online, status, created_at) VALUES (28, 70, 28, 28, 'online_payment', 42000, 840.0, 41160.0, 'Transaction for order #28', 'UPI', true, 'success', NOW() - INTERVAL '2 days 11 hours') ON CONFLICT DO NOTHING;
INSERT INTO vendor_transactions (id, vendor_id, order_id, payment_id, transaction_type, amount, fee, net_amount, description, payment_method, is_online, status, created_at) VALUES (29, 71, 29, 29, 'online_payment', 29500, 590.0, 28910.0, 'Transaction for order #29', 'UPI', true, 'success', NOW() - INTERVAL '30 days 15 hours') ON CONFLICT DO NOTHING;
INSERT INTO vendor_transactions (id, vendor_id, order_id, payment_id, transaction_type, amount, fee, net_amount, description, payment_method, is_online, status, created_at) VALUES (30, 66, 30, 30, 'online_payment', 33000, 660.0, 32340.0, 'Transaction for order #30', 'UPI', true, 'success', NOW() - INTERVAL '1 days 0 hours') ON CONFLICT DO NOTHING;
INSERT INTO vendor_transactions (id, vendor_id, order_id, payment_id, transaction_type, amount, fee, net_amount, description, payment_method, is_online, status, created_at) VALUES (31, 67, 31, 31, 'online_payment', 51500, 1030.0, 50470.0, 'Transaction for order #31', 'UPI', true, 'success', NOW() - INTERVAL '42 days 4 hours') ON CONFLICT DO NOTHING;
INSERT INTO vendor_transactions (id, vendor_id, order_id, payment_id, transaction_type, amount, fee, net_amount, description, payment_method, is_online, status, created_at) VALUES (32, 68, 32, 32, 'online_payment', 22000, 440.0, 21560.0, 'Transaction for order #32', 'UPI', true, 'success', NOW() - INTERVAL '19 days 3 hours') ON CONFLICT DO NOTHING;
INSERT INTO vendor_transactions (id, vendor_id, order_id, payment_id, transaction_type, amount, fee, net_amount, description, payment_method, is_online, status, created_at) VALUES (33, 69, 33, 33, 'online_payment', 18000, 360.0, 17640.0, 'Transaction for order #33', 'UPI', true, 'success', NOW() - INTERVAL '1 days 1 hours') ON CONFLICT DO NOTHING;
INSERT INTO vendor_transactions (id, vendor_id, order_id, payment_id, transaction_type, amount, fee, net_amount, description, payment_method, is_online, status, created_at) VALUES (34, 70, 34, 34, 'online_payment', 9000, 180.0, 8820.0, 'Transaction for order #34', 'UPI', true, 'success', NOW() - INTERVAL '29 days 3 hours') ON CONFLICT DO NOTHING;
INSERT INTO vendor_transactions (id, vendor_id, order_id, payment_id, transaction_type, amount, fee, net_amount, description, payment_method, is_online, status, created_at) VALUES (35, 71, 35, 35, 'online_payment', 31000, 620.0, 30380.0, 'Transaction for order #35', 'UPI', true, 'success', NOW() - INTERVAL '24 days 16 hours') ON CONFLICT DO NOTHING;
INSERT INTO vendor_transactions (id, vendor_id, order_id, payment_id, transaction_type, amount, fee, net_amount, description, payment_method, is_online, status, created_at) VALUES (36, 66, 36, 36, 'online_payment', 28000, 560.0, 27440.0, 'Transaction for order #36', 'UPI', true, 'success', NOW() - INTERVAL '26 days 7 hours') ON CONFLICT DO NOTHING;
INSERT INTO vendor_transactions (id, vendor_id, order_id, payment_id, transaction_type, amount, fee, net_amount, description, payment_method, is_online, status, created_at) VALUES (37, 67, 37, 37, 'online_payment', 18000, 360.0, 17640.0, 'Transaction for order #37', 'UPI', true, 'success', NOW() - INTERVAL '17 days 20 hours') ON CONFLICT DO NOTHING;
INSERT INTO vendor_transactions (id, vendor_id, order_id, payment_id, transaction_type, amount, fee, net_amount, description, payment_method, is_online, status, created_at) VALUES (38, 68, 38, 38, 'online_payment', 14000, 280.0, 13720.0, 'Transaction for order #38', 'UPI', true, 'success', NOW() - INTERVAL '84 days 21 hours') ON CONFLICT DO NOTHING;
INSERT INTO vendor_transactions (id, vendor_id, order_id, payment_id, transaction_type, amount, fee, net_amount, description, payment_method, is_online, status, created_at) VALUES (39, 69, 39, 39, 'online_payment', 12000, 240.0, 11760.0, 'Transaction for order #39', 'UPI', true, 'success', NOW() - INTERVAL '82 days 5 hours') ON CONFLICT DO NOTHING;
INSERT INTO vendor_transactions (id, vendor_id, order_id, payment_id, transaction_type, amount, fee, net_amount, description, payment_method, is_online, status, created_at) VALUES (40, 70, 40, 40, 'online_payment', 30000, 600.0, 29400.0, 'Transaction for order #40', 'UPI', true, 'success', NOW() - INTERVAL '56 days 2 hours') ON CONFLICT DO NOTHING;
INSERT INTO vendor_transactions (id, vendor_id, order_id, payment_id, transaction_type, amount, fee, net_amount, description, payment_method, is_online, status, created_at) VALUES (41, 71, 41, 41, 'online_payment', 11000, 220.0, 10780.0, 'Transaction for order #41', 'UPI', true, 'success', NOW() - INTERVAL '39 days 0 hours') ON CONFLICT DO NOTHING;
INSERT INTO vendor_transactions (id, vendor_id, order_id, payment_id, transaction_type, amount, fee, net_amount, description, payment_method, is_online, status, created_at) VALUES (42, 66, 42, 42, 'online_payment', 21000, 420.0, 20580.0, 'Transaction for order #42', 'UPI', true, 'success', NOW() - INTERVAL '7 days 23 hours') ON CONFLICT DO NOTHING;
INSERT INTO vendor_transactions (id, vendor_id, order_id, payment_id, transaction_type, amount, fee, net_amount, description, payment_method, is_online, status, created_at) VALUES (43, 67, 43, 43, 'online_payment', 23000, 460.0, 22540.0, 'Transaction for order #43', 'UPI', true, 'success', NOW() - INTERVAL '17 days 4 hours') ON CONFLICT DO NOTHING;
INSERT INTO vendor_transactions (id, vendor_id, order_id, payment_id, transaction_type, amount, fee, net_amount, description, payment_method, is_online, status, created_at) VALUES (44, 68, 44, 44, 'online_payment', 9000, 180.0, 8820.0, 'Transaction for order #44', 'UPI', true, 'success', NOW() - INTERVAL '25 days 11 hours') ON CONFLICT DO NOTHING;
INSERT INTO vendor_transactions (id, vendor_id, order_id, payment_id, transaction_type, amount, fee, net_amount, description, payment_method, is_online, status, created_at) VALUES (45, 69, 45, 45, 'online_payment', 42000, 840.0, 41160.0, 'Transaction for order #45', 'UPI', true, 'success', NOW() - INTERVAL '17 days 1 hours') ON CONFLICT DO NOTHING;
INSERT INTO vendor_transactions (id, vendor_id, order_id, payment_id, transaction_type, amount, fee, net_amount, description, payment_method, is_online, status, created_at) VALUES (46, 70, 46, 46, 'online_payment', 10000, 200.0, 9800.0, 'Transaction for order #46', 'UPI', true, 'success', NOW() - INTERVAL '76 days 2 hours') ON CONFLICT DO NOTHING;
INSERT INTO vendor_transactions (id, vendor_id, order_id, payment_id, transaction_type, amount, fee, net_amount, description, payment_method, is_online, status, created_at) VALUES (47, 71, 47, 47, 'online_payment', 34000, 680.0, 33320.0, 'Transaction for order #47', 'UPI', true, 'success', NOW() - INTERVAL '2 days 10 hours') ON CONFLICT DO NOTHING;
INSERT INTO vendor_transactions (id, vendor_id, order_id, payment_id, transaction_type, amount, fee, net_amount, description, payment_method, is_online, status, created_at) VALUES (48, 66, 48, 48, 'online_payment', 40000, 800.0, 39200.0, 'Transaction for order #48', 'UPI', true, 'success', NOW() - INTERVAL '22 days 19 hours') ON CONFLICT DO NOTHING;
INSERT INTO vendor_transactions (id, vendor_id, order_id, payment_id, transaction_type, amount, fee, net_amount, description, payment_method, is_online, status, created_at) VALUES (49, 67, 49, 49, 'online_payment', 49000, 980.0, 48020.0, 'Transaction for order #49', 'UPI', true, 'success', NOW() - INTERVAL '50 days 1 hours') ON CONFLICT DO NOTHING;
INSERT INTO vendor_transactions (id, vendor_id, order_id, payment_id, transaction_type, amount, fee, net_amount, description, payment_method, is_online, status, created_at) VALUES (50, 68, 50, 50, 'online_payment', 16000, 320.0, 15680.0, 'Transaction for order #50', 'UPI', true, 'success', NOW() - INTERVAL '32 days 5 hours') ON CONFLICT DO NOTHING;
INSERT INTO vendor_transactions (id, vendor_id, order_id, payment_id, transaction_type, amount, fee, net_amount, description, payment_method, is_online, status, created_at) VALUES (51, 69, 51, 51, 'online_payment', 5000, 100.0, 4900.0, 'Transaction for order #51', 'UPI', true, 'success', NOW() - INTERVAL '54 days 2 hours') ON CONFLICT DO NOTHING;
INSERT INTO vendor_transactions (id, vendor_id, order_id, payment_id, transaction_type, amount, fee, net_amount, description, payment_method, is_online, status, created_at) VALUES (52, 70, 52, 52, 'online_payment', 24000, 480.0, 23520.0, 'Transaction for order #52', 'UPI', true, 'success', NOW() - INTERVAL '3 days 15 hours') ON CONFLICT DO NOTHING;
INSERT INTO vendor_transactions (id, vendor_id, order_id, payment_id, transaction_type, amount, fee, net_amount, description, payment_method, is_online, status, created_at) VALUES (53, 71, 53, 53, 'online_payment', 68000, 1360.0, 66640.0, 'Transaction for order #53', 'UPI', true, 'success', NOW() - INTERVAL '7 days 13 hours') ON CONFLICT DO NOTHING;
INSERT INTO vendor_transactions (id, vendor_id, order_id, payment_id, transaction_type, amount, fee, net_amount, description, payment_method, is_online, status, created_at) VALUES (54, 66, 54, 54, 'online_payment', 21000, 420.0, 20580.0, 'Transaction for order #54', 'UPI', true, 'success', NOW() - INTERVAL '66 days 16 hours') ON CONFLICT DO NOTHING;
INSERT INTO vendor_transactions (id, vendor_id, order_id, payment_id, transaction_type, amount, fee, net_amount, description, payment_method, is_online, status, created_at) VALUES (55, 67, 55, 55, 'online_payment', 14000, 280.0, 13720.0, 'Transaction for order #55', 'UPI', true, 'success', NOW() - INTERVAL '72 days 6 hours') ON CONFLICT DO NOTHING;
INSERT INTO vendor_transactions (id, vendor_id, order_id, payment_id, transaction_type, amount, fee, net_amount, description, payment_method, is_online, status, created_at) VALUES (56, 68, 56, 56, 'online_payment', 44500, 890.0, 43610.0, 'Transaction for order #56', 'UPI', true, 'success', NOW() - INTERVAL '34 days 5 hours') ON CONFLICT DO NOTHING;
INSERT INTO vendor_transactions (id, vendor_id, order_id, payment_id, transaction_type, amount, fee, net_amount, description, payment_method, is_online, status, created_at) VALUES (57, 69, 57, 57, 'online_payment', 9000, 180.0, 8820.0, 'Transaction for order #57', 'UPI', true, 'success', NOW() - INTERVAL '21 days 10 hours') ON CONFLICT DO NOTHING;
INSERT INTO vendor_transactions (id, vendor_id, order_id, payment_id, transaction_type, amount, fee, net_amount, description, payment_method, is_online, status, created_at) VALUES (58, 70, 58, 58, 'online_payment', 12000, 240.0, 11760.0, 'Transaction for order #58', 'UPI', true, 'success', NOW() - INTERVAL '85 days 5 hours') ON CONFLICT DO NOTHING;
INSERT INTO vendor_transactions (id, vendor_id, order_id, payment_id, transaction_type, amount, fee, net_amount, description, payment_method, is_online, status, created_at) VALUES (59, 71, 59, 59, 'online_payment', 25000, 500.0, 24500.0, 'Transaction for order #59', 'UPI', true, 'success', NOW() - INTERVAL '70 days 23 hours') ON CONFLICT DO NOTHING;
INSERT INTO vendor_transactions (id, vendor_id, order_id, payment_id, transaction_type, amount, fee, net_amount, description, payment_method, is_online, status, created_at) VALUES (60, 66, 60, 60, 'online_payment', 32500, 650.0, 31850.0, 'Transaction for order #60', 'UPI', true, 'success', NOW() - INTERVAL '77 days 19 hours') ON CONFLICT DO NOTHING;
INSERT INTO vendor_transactions (id, vendor_id, order_id, payment_id, transaction_type, amount, fee, net_amount, description, payment_method, is_online, status, created_at) VALUES (61, 67, 61, 61, 'online_payment', 74500, 1490.0, 73010.0, 'Transaction for order #61', 'UPI', true, 'success', NOW() - INTERVAL '31 days 4 hours') ON CONFLICT DO NOTHING;
INSERT INTO vendor_transactions (id, vendor_id, order_id, payment_id, transaction_type, amount, fee, net_amount, description, payment_method, is_online, status, created_at) VALUES (62, 68, 62, 62, 'online_payment', 21000, 420.0, 20580.0, 'Transaction for order #62', 'UPI', true, 'success', NOW() - INTERVAL '28 days 22 hours') ON CONFLICT DO NOTHING;
INSERT INTO vendor_transactions (id, vendor_id, order_id, payment_id, transaction_type, amount, fee, net_amount, description, payment_method, is_online, status, created_at) VALUES (63, 69, 63, 63, 'online_payment', 35500, 710.0, 34790.0, 'Transaction for order #63', 'UPI', true, 'success', NOW() - INTERVAL '56 days 7 hours') ON CONFLICT DO NOTHING;
INSERT INTO vendor_transactions (id, vendor_id, order_id, payment_id, transaction_type, amount, fee, net_amount, description, payment_method, is_online, status, created_at) VALUES (64, 70, 64, 64, 'online_payment', 13000, 260.0, 12740.0, 'Transaction for order #64', 'UPI', true, 'success', NOW() - INTERVAL '73 days 7 hours') ON CONFLICT DO NOTHING;
INSERT INTO vendor_transactions (id, vendor_id, order_id, payment_id, transaction_type, amount, fee, net_amount, description, payment_method, is_online, status, created_at) VALUES (65, 71, 65, 65, 'online_payment', 19000, 380.0, 18620.0, 'Transaction for order #65', 'UPI', true, 'success', NOW() - INTERVAL '30 days 14 hours') ON CONFLICT DO NOTHING;
INSERT INTO vendor_transactions (id, vendor_id, order_id, payment_id, transaction_type, amount, fee, net_amount, description, payment_method, is_online, status, created_at) VALUES (66, 66, 66, 66, 'online_payment', 15500, 310.0, 15190.0, 'Transaction for order #66', 'UPI', true, 'success', NOW() - INTERVAL '55 days 17 hours') ON CONFLICT DO NOTHING;
INSERT INTO vendor_transactions (id, vendor_id, order_id, payment_id, transaction_type, amount, fee, net_amount, description, payment_method, is_online, status, created_at) VALUES (67, 67, 67, 67, 'online_payment', 28000, 560.0, 27440.0, 'Transaction for order #67', 'UPI', true, 'success', NOW() - INTERVAL '5 days 18 hours') ON CONFLICT DO NOTHING;
INSERT INTO vendor_transactions (id, vendor_id, order_id, payment_id, transaction_type, amount, fee, net_amount, description, payment_method, is_online, status, created_at) VALUES (68, 68, 68, 68, 'online_payment', 10000, 200.0, 9800.0, 'Transaction for order #68', 'UPI', true, 'success', NOW() - INTERVAL '48 days 2 hours') ON CONFLICT DO NOTHING;
INSERT INTO vendor_transactions (id, vendor_id, order_id, payment_id, transaction_type, amount, fee, net_amount, description, payment_method, is_online, status, created_at) VALUES (69, 69, 69, 69, 'online_payment', 8000, 160.0, 7840.0, 'Transaction for order #69', 'UPI', true, 'success', NOW() - INTERVAL '20 days 3 hours') ON CONFLICT DO NOTHING;
INSERT INTO vendor_transactions (id, vendor_id, order_id, payment_id, transaction_type, amount, fee, net_amount, description, payment_method, is_online, status, created_at) VALUES (70, 70, 70, 70, 'online_payment', 37000, 740.0, 36260.0, 'Transaction for order #70', 'UPI', true, 'success', NOW() - INTERVAL '57 days 22 hours') ON CONFLICT DO NOTHING;
INSERT INTO vendor_transactions (id, vendor_id, order_id, payment_id, transaction_type, amount, fee, net_amount, description, payment_method, is_online, status, created_at) VALUES (71, 71, 71, 71, 'online_payment', 40500, 810.0, 39690.0, 'Transaction for order #71', 'UPI', true, 'success', NOW() - INTERVAL '3 days 1 hours') ON CONFLICT DO NOTHING;
INSERT INTO vendor_transactions (id, vendor_id, order_id, payment_id, transaction_type, amount, fee, net_amount, description, payment_method, is_online, status, created_at) VALUES (72, 66, 72, 72, 'online_payment', 28500, 570.0, 27930.0, 'Transaction for order #72', 'UPI', true, 'success', NOW() - INTERVAL '43 days 7 hours') ON CONFLICT DO NOTHING;
INSERT INTO vendor_transactions (id, vendor_id, order_id, payment_id, transaction_type, amount, fee, net_amount, description, payment_method, is_online, status, created_at) VALUES (73, 67, 73, 73, 'online_payment', 71000, 1420.0, 69580.0, 'Transaction for order #73', 'UPI', true, 'success', NOW() - INTERVAL '25 days 12 hours') ON CONFLICT DO NOTHING;
INSERT INTO vendor_transactions (id, vendor_id, order_id, payment_id, transaction_type, amount, fee, net_amount, description, payment_method, is_online, status, created_at) VALUES (74, 68, 74, 74, 'online_payment', 14000, 280.0, 13720.0, 'Transaction for order #74', 'UPI', true, 'success', NOW() - INTERVAL '70 days 13 hours') ON CONFLICT DO NOTHING;
INSERT INTO vendor_transactions (id, vendor_id, order_id, payment_id, transaction_type, amount, fee, net_amount, description, payment_method, is_online, status, created_at) VALUES (75, 69, 75, 75, 'online_payment', 17500, 350.0, 17150.0, 'Transaction for order #75', 'UPI', true, 'success', NOW() - INTERVAL '14 days 23 hours') ON CONFLICT DO NOTHING;
INSERT INTO vendor_transactions (id, vendor_id, order_id, payment_id, transaction_type, amount, fee, net_amount, description, payment_method, is_online, status, created_at) VALUES (76, 70, 76, 76, 'online_payment', 5500, 110.0, 5390.0, 'Transaction for order #76', 'UPI', true, 'success', NOW() - INTERVAL '67 days 8 hours') ON CONFLICT DO NOTHING;
INSERT INTO vendor_transactions (id, vendor_id, order_id, payment_id, transaction_type, amount, fee, net_amount, description, payment_method, is_online, status, created_at) VALUES (77, 71, 77, 77, 'refund', -14500, 0.0, -14500, 'Transaction for order #77', 'UPI', true, 'success', NOW() - INTERVAL '38 days 22 hours') ON CONFLICT DO NOTHING;
INSERT INTO vendor_transactions (id, vendor_id, order_id, payment_id, transaction_type, amount, fee, net_amount, description, payment_method, is_online, status, created_at) VALUES (78, 66, 78, 78, 'online_payment', 50500, 1010.0, 49490.0, 'Transaction for order #78', 'UPI', true, 'success', NOW() - INTERVAL '76 days 6 hours') ON CONFLICT DO NOTHING;
INSERT INTO vendor_transactions (id, vendor_id, order_id, payment_id, transaction_type, amount, fee, net_amount, description, payment_method, is_online, status, created_at) VALUES (79, 67, 79, 79, 'online_payment', 20000, 400.0, 19600.0, 'Transaction for order #79', 'UPI', true, 'success', NOW() - INTERVAL '4 days 20 hours') ON CONFLICT DO NOTHING;
INSERT INTO vendor_transactions (id, vendor_id, order_id, payment_id, transaction_type, amount, fee, net_amount, description, payment_method, is_online, status, created_at) VALUES (80, 68, 80, 80, 'online_payment', 39000, 780.0, 38220.0, 'Transaction for order #80', 'UPI', true, 'success', NOW() - INTERVAL '2 days 19 hours') ON CONFLICT DO NOTHING;
INSERT INTO vendor_transactions (id, vendor_id, order_id, payment_id, transaction_type, amount, fee, net_amount, description, payment_method, is_online, status, created_at) VALUES (81, 69, 81, 81, 'online_payment', 37000, 740.0, 36260.0, 'Transaction for order #81', 'UPI', true, 'success', NOW() - INTERVAL '83 days 11 hours') ON CONFLICT DO NOTHING;
INSERT INTO vendor_transactions (id, vendor_id, order_id, payment_id, transaction_type, amount, fee, net_amount, description, payment_method, is_online, status, created_at) VALUES (82, 70, 82, 82, 'online_payment', 3500, 70.0, 3430.0, 'Transaction for order #82', 'UPI', true, 'success', NOW() - INTERVAL '81 days 2 hours') ON CONFLICT DO NOTHING;
INSERT INTO vendor_transactions (id, vendor_id, order_id, payment_id, transaction_type, amount, fee, net_amount, description, payment_method, is_online, status, created_at) VALUES (83, 71, 83, 83, 'online_payment', 61000, 1220.0, 59780.0, 'Transaction for order #83', 'UPI', true, 'success', NOW() - INTERVAL '35 days 13 hours') ON CONFLICT DO NOTHING;
INSERT INTO vendor_transactions (id, vendor_id, order_id, payment_id, transaction_type, amount, fee, net_amount, description, payment_method, is_online, status, created_at) VALUES (84, 66, 84, 84, 'online_payment', 15000, 300.0, 14700.0, 'Transaction for order #84', 'UPI', true, 'success', NOW() - INTERVAL '42 days 20 hours') ON CONFLICT DO NOTHING;
INSERT INTO vendor_transactions (id, vendor_id, order_id, payment_id, transaction_type, amount, fee, net_amount, description, payment_method, is_online, status, created_at) VALUES (85, 67, 85, 85, 'refund', -32000, 0.0, -32000, 'Transaction for order #85', 'UPI', true, 'success', NOW() - INTERVAL '22 days 20 hours') ON CONFLICT DO NOTHING;
INSERT INTO vendor_transactions (id, vendor_id, order_id, payment_id, transaction_type, amount, fee, net_amount, description, payment_method, is_online, status, created_at) VALUES (86, 68, 86, 86, 'online_payment', 16500, 330.0, 16170.0, 'Transaction for order #86', 'UPI', true, 'success', NOW() - INTERVAL '73 days 19 hours') ON CONFLICT DO NOTHING;
INSERT INTO vendor_transactions (id, vendor_id, order_id, payment_id, transaction_type, amount, fee, net_amount, description, payment_method, is_online, status, created_at) VALUES (87, 69, 87, 87, 'online_payment', 30500, 610.0, 29890.0, 'Transaction for order #87', 'UPI', true, 'success', NOW() - INTERVAL '33 days 12 hours') ON CONFLICT DO NOTHING;
INSERT INTO vendor_transactions (id, vendor_id, order_id, payment_id, transaction_type, amount, fee, net_amount, description, payment_method, is_online, status, created_at) VALUES (88, 70, 88, 88, 'online_payment', 30000, 600.0, 29400.0, 'Transaction for order #88', 'UPI', true, 'success', NOW() - INTERVAL '20 days 7 hours') ON CONFLICT DO NOTHING;
INSERT INTO vendor_transactions (id, vendor_id, order_id, payment_id, transaction_type, amount, fee, net_amount, description, payment_method, is_online, status, created_at) VALUES (89, 71, 89, 89, 'online_payment', 63000, 1260.0, 61740.0, 'Transaction for order #89', 'UPI', true, 'success', NOW() - INTERVAL '49 days 19 hours') ON CONFLICT DO NOTHING;
INSERT INTO vendor_transactions (id, vendor_id, order_id, payment_id, transaction_type, amount, fee, net_amount, description, payment_method, is_online, status, created_at) VALUES (90, 66, 90, 90, 'online_payment', 13500, 270.0, 13230.0, 'Transaction for order #90', 'UPI', true, 'success', NOW() - INTERVAL '11 days 4 hours') ON CONFLICT DO NOTHING;
INSERT INTO vendor_transactions (id, vendor_id, order_id, payment_id, transaction_type, amount, fee, net_amount, description, payment_method, is_online, status, created_at) VALUES (91, 67, 91, 91, 'online_payment', 61000, 1220.0, 59780.0, 'Transaction for order #91', 'UPI', true, 'success', NOW() - INTERVAL '74 days 14 hours') ON CONFLICT DO NOTHING;
INSERT INTO vendor_transactions (id, vendor_id, order_id, payment_id, transaction_type, amount, fee, net_amount, description, payment_method, is_online, status, created_at) VALUES (92, 68, 92, 92, 'online_payment', 16000, 320.0, 15680.0, 'Transaction for order #92', 'UPI', true, 'success', NOW() - INTERVAL '53 days 1 hours') ON CONFLICT DO NOTHING;
INSERT INTO vendor_transactions (id, vendor_id, order_id, payment_id, transaction_type, amount, fee, net_amount, description, payment_method, is_online, status, created_at) VALUES (93, 69, 93, 93, 'online_payment', 40000, 800.0, 39200.0, 'Transaction for order #93', 'UPI', true, 'success', NOW() - INTERVAL '25 days 7 hours') ON CONFLICT DO NOTHING;
INSERT INTO vendor_transactions (id, vendor_id, order_id, payment_id, transaction_type, amount, fee, net_amount, description, payment_method, is_online, status, created_at) VALUES (94, 70, 94, 94, 'online_payment', 3000, 60.0, 2940.0, 'Transaction for order #94', 'UPI', true, 'success', NOW() - INTERVAL '12 days 22 hours') ON CONFLICT DO NOTHING;
INSERT INTO vendor_transactions (id, vendor_id, order_id, payment_id, transaction_type, amount, fee, net_amount, description, payment_method, is_online, status, created_at) VALUES (95, 71, 95, 95, 'online_payment', 46000, 920.0, 45080.0, 'Transaction for order #95', 'UPI', true, 'success', NOW() - INTERVAL '47 days 2 hours') ON CONFLICT DO NOTHING;
INSERT INTO vendor_transactions (id, vendor_id, order_id, payment_id, transaction_type, amount, fee, net_amount, description, payment_method, is_online, status, created_at) VALUES (96, 66, 96, 96, 'online_payment', 30000, 600.0, 29400.0, 'Transaction for order #96', 'UPI', true, 'success', NOW() - INTERVAL '46 days 8 hours') ON CONFLICT DO NOTHING;
INSERT INTO vendor_transactions (id, vendor_id, order_id, payment_id, transaction_type, amount, fee, net_amount, description, payment_method, is_online, status, created_at) VALUES (97, 67, 97, 97, 'online_payment', 5000, 100.0, 4900.0, 'Transaction for order #97', 'UPI', true, 'success', NOW() - INTERVAL '30 days 15 hours') ON CONFLICT DO NOTHING;
INSERT INTO vendor_transactions (id, vendor_id, order_id, payment_id, transaction_type, amount, fee, net_amount, description, payment_method, is_online, status, created_at) VALUES (98, 68, 98, 98, 'online_payment', 35000, 700.0, 34300.0, 'Transaction for order #98', 'UPI', true, 'success', NOW() - INTERVAL '30 days 23 hours') ON CONFLICT DO NOTHING;
INSERT INTO vendor_transactions (id, vendor_id, order_id, payment_id, transaction_type, amount, fee, net_amount, description, payment_method, is_online, status, created_at) VALUES (99, 69, 99, 99, 'online_payment', 14500, 290.0, 14210.0, 'Transaction for order #99', 'UPI', true, 'success', NOW() - INTERVAL '20 days 10 hours') ON CONFLICT DO NOTHING;
INSERT INTO vendor_transactions (id, vendor_id, order_id, payment_id, transaction_type, amount, fee, net_amount, description, payment_method, is_online, status, created_at) VALUES (100, 70, 100, 100, 'online_payment', 22000, 440.0, 21560.0, 'Transaction for order #100', 'UPI', true, 'success', NOW() - INTERVAL '23 days 11 hours') ON CONFLICT DO NOTHING;
INSERT INTO vendor_transactions (id, vendor_id, order_id, payment_id, transaction_type, amount, fee, net_amount, description, payment_method, is_online, status, created_at) VALUES (101, 71, 101, 101, 'online_payment', 9000, 180.0, 8820.0, 'Transaction for order #101', 'UPI', true, 'success', NOW() - INTERVAL '54 days 11 hours') ON CONFLICT DO NOTHING;
INSERT INTO vendor_transactions (id, vendor_id, order_id, payment_id, transaction_type, amount, fee, net_amount, description, payment_method, is_online, status, created_at) VALUES (102, 66, 102, 102, 'online_payment', 43000, 860.0, 42140.0, 'Transaction for order #102', 'UPI', true, 'success', NOW() - INTERVAL '72 days 23 hours') ON CONFLICT DO NOTHING;
INSERT INTO vendor_transactions (id, vendor_id, order_id, payment_id, transaction_type, amount, fee, net_amount, description, payment_method, is_online, status, created_at) VALUES (103, 67, 103, 103, 'online_payment', 91000, 1820.0, 89180.0, 'Transaction for order #103', 'UPI', true, 'success', NOW() - INTERVAL '46 days 23 hours') ON CONFLICT DO NOTHING;
INSERT INTO vendor_transactions (id, vendor_id, order_id, payment_id, transaction_type, amount, fee, net_amount, description, payment_method, is_online, status, created_at) VALUES (104, 68, 104, 104, 'online_payment', 31000, 620.0, 30380.0, 'Transaction for order #104', 'UPI', true, 'success', NOW() - INTERVAL '45 days 1 hours') ON CONFLICT DO NOTHING;
INSERT INTO vendor_transactions (id, vendor_id, order_id, payment_id, transaction_type, amount, fee, net_amount, description, payment_method, is_online, status, created_at) VALUES (105, 69, 105, 105, 'online_payment', 18000, 360.0, 17640.0, 'Transaction for order #105', 'UPI', true, 'success', NOW() - INTERVAL '22 days 3 hours') ON CONFLICT DO NOTHING;
INSERT INTO vendor_transactions (id, vendor_id, order_id, payment_id, transaction_type, amount, fee, net_amount, description, payment_method, is_online, status, created_at) VALUES (106, 70, 106, 106, 'online_payment', 18500, 370.0, 18130.0, 'Transaction for order #106', 'UPI', true, 'success', NOW() - INTERVAL '60 days 0 hours') ON CONFLICT DO NOTHING;
INSERT INTO vendor_transactions (id, vendor_id, order_id, payment_id, transaction_type, amount, fee, net_amount, description, payment_method, is_online, status, created_at) VALUES (107, 71, 107, 107, 'online_payment', 35000, 700.0, 34300.0, 'Transaction for order #107', 'UPI', true, 'success', NOW() - INTERVAL '43 days 20 hours') ON CONFLICT DO NOTHING;
INSERT INTO vendor_transactions (id, vendor_id, order_id, payment_id, transaction_type, amount, fee, net_amount, description, payment_method, is_online, status, created_at) VALUES (108, 66, 108, 108, 'online_payment', 17500, 350.0, 17150.0, 'Transaction for order #108', 'UPI', true, 'success', NOW() - INTERVAL '16 days 12 hours') ON CONFLICT DO NOTHING;
INSERT INTO vendor_transactions (id, vendor_id, order_id, payment_id, transaction_type, amount, fee, net_amount, description, payment_method, is_online, status, created_at) VALUES (109, 67, 109, 109, 'online_payment', 30000, 600.0, 29400.0, 'Transaction for order #109', 'UPI', true, 'success', NOW() - INTERVAL '67 days 19 hours') ON CONFLICT DO NOTHING;
INSERT INTO vendor_transactions (id, vendor_id, order_id, payment_id, transaction_type, amount, fee, net_amount, description, payment_method, is_online, status, created_at) VALUES (110, 68, 110, 110, 'online_payment', 14000, 280.0, 13720.0, 'Transaction for order #110', 'UPI', true, 'success', NOW() - INTERVAL '15 days 11 hours') ON CONFLICT DO NOTHING;
INSERT INTO vendor_transactions (id, vendor_id, order_id, payment_id, transaction_type, amount, fee, net_amount, description, payment_method, is_online, status, created_at) VALUES (111, 69, 111, 111, 'online_payment', 18500, 370.0, 18130.0, 'Transaction for order #111', 'UPI', true, 'success', NOW() - INTERVAL '6 days 23 hours') ON CONFLICT DO NOTHING;
INSERT INTO vendor_transactions (id, vendor_id, order_id, payment_id, transaction_type, amount, fee, net_amount, description, payment_method, is_online, status, created_at) VALUES (112, 70, 112, 112, 'online_payment', 26000, 520.0, 25480.0, 'Transaction for order #112', 'UPI', true, 'success', NOW() - INTERVAL '5 days 8 hours') ON CONFLICT DO NOTHING;
INSERT INTO vendor_transactions (id, vendor_id, order_id, payment_id, transaction_type, amount, fee, net_amount, description, payment_method, is_online, status, created_at) VALUES (113, 71, 113, 113, 'online_payment', 14000, 280.0, 13720.0, 'Transaction for order #113', 'UPI', true, 'success', NOW() - INTERVAL '42 days 1 hours') ON CONFLICT DO NOTHING;
INSERT INTO vendor_transactions (id, vendor_id, order_id, payment_id, transaction_type, amount, fee, net_amount, description, payment_method, is_online, status, created_at) VALUES (114, 66, 114, 114, 'online_payment', 11000, 220.0, 10780.0, 'Transaction for order #114', 'UPI', true, 'success', NOW() - INTERVAL '47 days 6 hours') ON CONFLICT DO NOTHING;
INSERT INTO vendor_transactions (id, vendor_id, order_id, payment_id, transaction_type, amount, fee, net_amount, description, payment_method, is_online, status, created_at) VALUES (115, 67, 115, 115, 'online_payment', 79000, 1580.0, 77420.0, 'Transaction for order #115', 'UPI', true, 'success', NOW() - INTERVAL '2 days 16 hours') ON CONFLICT DO NOTHING;
INSERT INTO vendor_transactions (id, vendor_id, order_id, payment_id, transaction_type, amount, fee, net_amount, description, payment_method, is_online, status, created_at) VALUES (116, 68, 116, 116, 'online_payment', 20000, 400.0, 19600.0, 'Transaction for order #116', 'UPI', true, 'success', NOW() - INTERVAL '19 days 22 hours') ON CONFLICT DO NOTHING;
INSERT INTO vendor_transactions (id, vendor_id, order_id, payment_id, transaction_type, amount, fee, net_amount, description, payment_method, is_online, status, created_at) VALUES (117, 69, 117, 117, 'refund', -16000, 0.0, -16000, 'Transaction for order #117', 'UPI', true, 'success', NOW() - INTERVAL '24 days 18 hours') ON CONFLICT DO NOTHING;
INSERT INTO vendor_transactions (id, vendor_id, order_id, payment_id, transaction_type, amount, fee, net_amount, description, payment_method, is_online, status, created_at) VALUES (118, 70, 118, 118, 'online_payment', 8000, 160.0, 7840.0, 'Transaction for order #118', 'UPI', true, 'success', NOW() - INTERVAL '2 days 19 hours') ON CONFLICT DO NOTHING;
INSERT INTO vendor_transactions (id, vendor_id, order_id, payment_id, transaction_type, amount, fee, net_amount, description, payment_method, is_online, status, created_at) VALUES (119, 71, 119, 119, 'online_payment', 18500, 370.0, 18130.0, 'Transaction for order #119', 'UPI', true, 'success', NOW() - INTERVAL '15 days 21 hours') ON CONFLICT DO NOTHING;
INSERT INTO vendor_transactions (id, vendor_id, order_id, payment_id, transaction_type, amount, fee, net_amount, description, payment_method, is_online, status, created_at) VALUES (120, 66, 120, 120, 'online_payment', 45000, 900.0, 44100.0, 'Transaction for order #120', 'UPI', true, 'success', NOW() - INTERVAL '66 days 2 hours') ON CONFLICT DO NOTHING;
INSERT INTO vendor_transactions (id, vendor_id, order_id, payment_id, transaction_type, amount, fee, net_amount, description, payment_method, is_online, status, created_at) VALUES (121, 67, 121, 121, 'online_payment', 42000, 840.0, 41160.0, 'Transaction for order #121', 'UPI', true, 'success', NOW() - INTERVAL '26 days 22 hours') ON CONFLICT DO NOTHING;
INSERT INTO vendor_transactions (id, vendor_id, order_id, payment_id, transaction_type, amount, fee, net_amount, description, payment_method, is_online, status, created_at) VALUES (122, 68, 122, 122, 'online_payment', 5000, 100.0, 4900.0, 'Transaction for order #122', 'UPI', true, 'success', NOW() - INTERVAL '65 days 23 hours') ON CONFLICT DO NOTHING;
INSERT INTO vendor_transactions (id, vendor_id, order_id, payment_id, transaction_type, amount, fee, net_amount, description, payment_method, is_online, status, created_at) VALUES (123, 69, 123, 123, 'online_payment', 18000, 360.0, 17640.0, 'Transaction for order #123', 'UPI', true, 'success', NOW() - INTERVAL '55 days 20 hours') ON CONFLICT DO NOTHING;
INSERT INTO vendor_transactions (id, vendor_id, order_id, payment_id, transaction_type, amount, fee, net_amount, description, payment_method, is_online, status, created_at) VALUES (124, 70, 124, 124, 'online_payment', 8000, 160.0, 7840.0, 'Transaction for order #124', 'UPI', true, 'success', NOW() - INTERVAL '19 days 16 hours') ON CONFLICT DO NOTHING;
INSERT INTO vendor_transactions (id, vendor_id, order_id, payment_id, transaction_type, amount, fee, net_amount, description, payment_method, is_online, status, created_at) VALUES (125, 71, 125, 125, 'online_payment', 13000, 260.0, 12740.0, 'Transaction for order #125', 'UPI', true, 'success', NOW() - INTERVAL '54 days 2 hours') ON CONFLICT DO NOTHING;
INSERT INTO vendor_transactions (id, vendor_id, order_id, payment_id, transaction_type, amount, fee, net_amount, description, payment_method, is_online, status, created_at) VALUES (126, 66, 126, 126, 'online_payment', 24000, 480.0, 23520.0, 'Transaction for order #126', 'UPI', true, 'success', NOW() - INTERVAL '2 days 4 hours') ON CONFLICT DO NOTHING;
INSERT INTO vendor_transactions (id, vendor_id, order_id, payment_id, transaction_type, amount, fee, net_amount, description, payment_method, is_online, status, created_at) VALUES (127, 67, 127, 127, 'online_payment', 100000, 2000.0, 98000.0, 'Transaction for order #127', 'UPI', true, 'success', NOW() - INTERVAL '83 days 22 hours') ON CONFLICT DO NOTHING;
INSERT INTO vendor_transactions (id, vendor_id, order_id, payment_id, transaction_type, amount, fee, net_amount, description, payment_method, is_online, status, created_at) VALUES (128, 68, 128, 128, 'online_payment', 31000, 620.0, 30380.0, 'Transaction for order #128', 'UPI', true, 'success', NOW() - INTERVAL '57 days 1 hours') ON CONFLICT DO NOTHING;
INSERT INTO vendor_transactions (id, vendor_id, order_id, payment_id, transaction_type, amount, fee, net_amount, description, payment_method, is_online, status, created_at) VALUES (129, 69, 129, 129, 'online_payment', 34000, 680.0, 33320.0, 'Transaction for order #129', 'UPI', true, 'success', NOW() - INTERVAL '59 days 19 hours') ON CONFLICT DO NOTHING;
INSERT INTO vendor_transactions (id, vendor_id, order_id, payment_id, transaction_type, amount, fee, net_amount, description, payment_method, is_online, status, created_at) VALUES (130, 70, 130, 130, 'online_payment', 44000, 880.0, 43120.0, 'Transaction for order #130', 'UPI', true, 'success', NOW() - INTERVAL '84 days 23 hours') ON CONFLICT DO NOTHING;
INSERT INTO vendor_transactions (id, vendor_id, order_id, payment_id, transaction_type, amount, fee, net_amount, description, payment_method, is_online, status, created_at) VALUES (131, 71, 131, 131, 'online_payment', 24000, 480.0, 23520.0, 'Transaction for order #131', 'UPI', true, 'success', NOW() - INTERVAL '33 days 15 hours') ON CONFLICT DO NOTHING;
INSERT INTO vendor_transactions (id, vendor_id, order_id, payment_id, transaction_type, amount, fee, net_amount, description, payment_method, is_online, status, created_at) VALUES (132, 66, 132, 132, 'online_payment', 35500, 710.0, 34790.0, 'Transaction for order #132', 'UPI', true, 'success', NOW() - INTERVAL '34 days 6 hours') ON CONFLICT DO NOTHING;
INSERT INTO vendor_transactions (id, vendor_id, order_id, payment_id, transaction_type, amount, fee, net_amount, description, payment_method, is_online, status, created_at) VALUES (133, 67, 133, 133, 'online_payment', 16000, 320.0, 15680.0, 'Transaction for order #133', 'UPI', true, 'success', NOW() - INTERVAL '62 days 22 hours') ON CONFLICT DO NOTHING;
INSERT INTO vendor_transactions (id, vendor_id, order_id, payment_id, transaction_type, amount, fee, net_amount, description, payment_method, is_online, status, created_at) VALUES (134, 68, 134, 134, 'online_payment', 12000, 240.0, 11760.0, 'Transaction for order #134', 'UPI', true, 'success', NOW() - INTERVAL '20 days 7 hours') ON CONFLICT DO NOTHING;
INSERT INTO vendor_transactions (id, vendor_id, order_id, payment_id, transaction_type, amount, fee, net_amount, description, payment_method, is_online, status, created_at) VALUES (135, 69, 135, 135, 'online_payment', 37000, 740.0, 36260.0, 'Transaction for order #135', 'UPI', true, 'success', NOW() - INTERVAL '70 days 3 hours') ON CONFLICT DO NOTHING;
INSERT INTO vendor_transactions (id, vendor_id, order_id, payment_id, transaction_type, amount, fee, net_amount, description, payment_method, is_online, status, created_at) VALUES (136, 70, 136, 136, 'online_payment', 10000, 200.0, 9800.0, 'Transaction for order #136', 'UPI', true, 'success', NOW() - INTERVAL '73 days 12 hours') ON CONFLICT DO NOTHING;
INSERT INTO vendor_transactions (id, vendor_id, order_id, payment_id, transaction_type, amount, fee, net_amount, description, payment_method, is_online, status, created_at) VALUES (137, 71, 137, 137, 'online_payment', 47000, 940.0, 46060.0, 'Transaction for order #137', 'UPI', true, 'success', NOW() - INTERVAL '50 days 3 hours') ON CONFLICT DO NOTHING;
INSERT INTO vendor_transactions (id, vendor_id, order_id, payment_id, transaction_type, amount, fee, net_amount, description, payment_method, is_online, status, created_at) VALUES (138, 66, 138, 138, 'online_payment', 30000, 600.0, 29400.0, 'Transaction for order #138', 'UPI', true, 'success', NOW() - INTERVAL '4 days 17 hours') ON CONFLICT DO NOTHING;
INSERT INTO vendor_transactions (id, vendor_id, order_id, payment_id, transaction_type, amount, fee, net_amount, description, payment_method, is_online, status, created_at) VALUES (139, 67, 139, 139, 'online_payment', 52000, 1040.0, 50960.0, 'Transaction for order #139', 'UPI', true, 'success', NOW() - INTERVAL '73 days 2 hours') ON CONFLICT DO NOTHING;
INSERT INTO vendor_transactions (id, vendor_id, order_id, payment_id, transaction_type, amount, fee, net_amount, description, payment_method, is_online, status, created_at) VALUES (140, 68, 140, 140, 'online_payment', 22000, 440.0, 21560.0, 'Transaction for order #140', 'UPI', true, 'success', NOW() - INTERVAL '67 days 10 hours') ON CONFLICT DO NOTHING;
INSERT INTO vendor_transactions (id, vendor_id, order_id, payment_id, transaction_type, amount, fee, net_amount, description, payment_method, is_online, status, created_at) VALUES (141, 69, 141, 141, 'online_payment', 32500, 650.0, 31850.0, 'Transaction for order #141', 'UPI', true, 'success', NOW() - INTERVAL '44 days 11 hours') ON CONFLICT DO NOTHING;
INSERT INTO vendor_transactions (id, vendor_id, order_id, payment_id, transaction_type, amount, fee, net_amount, description, payment_method, is_online, status, created_at) VALUES (142, 70, 142, 142, 'online_payment', 15500, 310.0, 15190.0, 'Transaction for order #142', 'UPI', true, 'success', NOW() - INTERVAL '83 days 13 hours') ON CONFLICT DO NOTHING;
INSERT INTO vendor_transactions (id, vendor_id, order_id, payment_id, transaction_type, amount, fee, net_amount, description, payment_method, is_online, status, created_at) VALUES (143, 71, 143, 143, 'online_payment', 35000, 700.0, 34300.0, 'Transaction for order #143', 'UPI', true, 'success', NOW() - INTERVAL '81 days 3 hours') ON CONFLICT DO NOTHING;
INSERT INTO vendor_transactions (id, vendor_id, order_id, payment_id, transaction_type, amount, fee, net_amount, description, payment_method, is_online, status, created_at) VALUES (144, 66, 144, 144, 'online_payment', 43000, 860.0, 42140.0, 'Transaction for order #144', 'UPI', true, 'success', NOW() - INTERVAL '46 days 17 hours') ON CONFLICT DO NOTHING;
INSERT INTO vendor_transactions (id, vendor_id, order_id, payment_id, transaction_type, amount, fee, net_amount, description, payment_method, is_online, status, created_at) VALUES (145, 67, 145, 145, 'online_payment', 81000, 1620.0, 79380.0, 'Transaction for order #145', 'UPI', true, 'success', NOW() - INTERVAL '53 days 12 hours') ON CONFLICT DO NOTHING;
INSERT INTO vendor_transactions (id, vendor_id, order_id, payment_id, transaction_type, amount, fee, net_amount, description, payment_method, is_online, status, created_at) VALUES (146, 68, 146, 146, 'online_payment', 22000, 440.0, 21560.0, 'Transaction for order #146', 'UPI', true, 'success', NOW() - INTERVAL '5 days 22 hours') ON CONFLICT DO NOTHING;
INSERT INTO vendor_transactions (id, vendor_id, order_id, payment_id, transaction_type, amount, fee, net_amount, description, payment_method, is_online, status, created_at) VALUES (147, 69, 147, 147, 'online_payment', 23000, 460.0, 22540.0, 'Transaction for order #147', 'UPI', true, 'success', NOW() - INTERVAL '43 days 14 hours') ON CONFLICT DO NOTHING;
INSERT INTO vendor_transactions (id, vendor_id, order_id, payment_id, transaction_type, amount, fee, net_amount, description, payment_method, is_online, status, created_at) VALUES (148, 70, 148, 148, 'online_payment', 19000, 380.0, 18620.0, 'Transaction for order #148', 'UPI', true, 'success', NOW() - INTERVAL '83 days 3 hours') ON CONFLICT DO NOTHING;
INSERT INTO vendor_transactions (id, vendor_id, order_id, payment_id, transaction_type, amount, fee, net_amount, description, payment_method, is_online, status, created_at) VALUES (149, 71, 149, 149, 'online_payment', 47500, 950.0, 46550.0, 'Transaction for order #149', 'UPI', true, 'success', NOW() - INTERVAL '66 days 11 hours') ON CONFLICT DO NOTHING;
INSERT INTO vendor_transactions (id, vendor_id, order_id, payment_id, transaction_type, amount, fee, net_amount, description, payment_method, is_online, status, created_at) VALUES (150, 66, 150, 150, 'online_payment', 22000, 440.0, 21560.0, 'Transaction for order #150', 'UPI', true, 'success', NOW() - INTERVAL '17 days 6 hours') ON CONFLICT DO NOTHING;
INSERT INTO vendor_transactions (id, vendor_id, order_id, payment_id, transaction_type, amount, fee, net_amount, description, payment_method, is_online, status, created_at) VALUES (151, 67, 151, 151, 'online_payment', 54000, 1080.0, 52920.0, 'Transaction for order #151', 'UPI', true, 'success', NOW() - INTERVAL '17 days 16 hours') ON CONFLICT DO NOTHING;
INSERT INTO vendor_transactions (id, vendor_id, order_id, payment_id, transaction_type, amount, fee, net_amount, description, payment_method, is_online, status, created_at) VALUES (152, 68, 152, 152, 'online_payment', 25000, 500.0, 24500.0, 'Transaction for order #152', 'UPI', true, 'success', NOW() - INTERVAL '51 days 5 hours') ON CONFLICT DO NOTHING;
INSERT INTO vendor_transactions (id, vendor_id, order_id, payment_id, transaction_type, amount, fee, net_amount, description, payment_method, is_online, status, created_at) VALUES (153, 69, 153, 153, 'online_payment', 5500, 110.0, 5390.0, 'Transaction for order #153', 'UPI', true, 'success', NOW() - INTERVAL '18 days 10 hours') ON CONFLICT DO NOTHING;
INSERT INTO vendor_transactions (id, vendor_id, order_id, payment_id, transaction_type, amount, fee, net_amount, description, payment_method, is_online, status, created_at) VALUES (154, 70, 154, 154, 'online_payment', 10000, 200.0, 9800.0, 'Transaction for order #154', 'UPI', true, 'success', NOW() - INTERVAL '20 days 1 hours') ON CONFLICT DO NOTHING;
INSERT INTO vendor_transactions (id, vendor_id, order_id, payment_id, transaction_type, amount, fee, net_amount, description, payment_method, is_online, status, created_at) VALUES (155, 71, 155, 155, 'online_payment', 55500, 1110.0, 54390.0, 'Transaction for order #155', 'UPI', true, 'success', NOW() - INTERVAL '72 days 13 hours') ON CONFLICT DO NOTHING;
INSERT INTO vendor_transactions (id, vendor_id, order_id, payment_id, transaction_type, amount, fee, net_amount, description, payment_method, is_online, status, created_at) VALUES (156, 66, 156, 156, 'online_payment', 29000, 580.0, 28420.0, 'Transaction for order #156', 'UPI', true, 'success', NOW() - INTERVAL '72 days 16 hours') ON CONFLICT DO NOTHING;
INSERT INTO vendor_transactions (id, vendor_id, order_id, payment_id, transaction_type, amount, fee, net_amount, description, payment_method, is_online, status, created_at) VALUES (157, 67, 157, 157, 'online_payment', 88500, 1770.0, 86730.0, 'Transaction for order #157', 'UPI', true, 'success', NOW() - INTERVAL '55 days 7 hours') ON CONFLICT DO NOTHING;
INSERT INTO vendor_transactions (id, vendor_id, order_id, payment_id, transaction_type, amount, fee, net_amount, description, payment_method, is_online, status, created_at) VALUES (158, 68, 158, 158, 'online_payment', 16000, 320.0, 15680.0, 'Transaction for order #158', 'UPI', true, 'success', NOW() - INTERVAL '20 days 4 hours') ON CONFLICT DO NOTHING;
INSERT INTO vendor_transactions (id, vendor_id, order_id, payment_id, transaction_type, amount, fee, net_amount, description, payment_method, is_online, status, created_at) VALUES (159, 69, 159, 159, 'online_payment', 11000, 220.0, 10780.0, 'Transaction for order #159', 'UPI', true, 'success', NOW() - INTERVAL '7 days 9 hours') ON CONFLICT DO NOTHING;
INSERT INTO vendor_transactions (id, vendor_id, order_id, payment_id, transaction_type, amount, fee, net_amount, description, payment_method, is_online, status, created_at) VALUES (160, 70, 160, 160, 'online_payment', 10000, 200.0, 9800.0, 'Transaction for order #160', 'UPI', true, 'success', NOW() - INTERVAL '41 days 17 hours') ON CONFLICT DO NOTHING;
INSERT INTO vendor_transactions (id, vendor_id, order_id, payment_id, transaction_type, amount, fee, net_amount, description, payment_method, is_online, status, created_at) VALUES (161, 71, 161, 161, 'online_payment', 25000, 500.0, 24500.0, 'Transaction for order #161', 'UPI', true, 'success', NOW() - INTERVAL '40 days 17 hours') ON CONFLICT DO NOTHING;
INSERT INTO vendor_transactions (id, vendor_id, order_id, payment_id, transaction_type, amount, fee, net_amount, description, payment_method, is_online, status, created_at) VALUES (162, 66, 162, 162, 'online_payment', 14000, 280.0, 13720.0, 'Transaction for order #162', 'UPI', true, 'success', NOW() - INTERVAL '82 days 10 hours') ON CONFLICT DO NOTHING;
INSERT INTO vendor_transactions (id, vendor_id, order_id, payment_id, transaction_type, amount, fee, net_amount, description, payment_method, is_online, status, created_at) VALUES (163, 67, 163, 163, 'online_payment', 20000, 400.0, 19600.0, 'Transaction for order #163', 'UPI', true, 'success', NOW() - INTERVAL '55 days 5 hours') ON CONFLICT DO NOTHING;
INSERT INTO vendor_transactions (id, vendor_id, order_id, payment_id, transaction_type, amount, fee, net_amount, description, payment_method, is_online, status, created_at) VALUES (164, 68, 164, 164, 'online_payment', 26000, 520.0, 25480.0, 'Transaction for order #164', 'UPI', true, 'success', NOW() - INTERVAL '53 days 15 hours') ON CONFLICT DO NOTHING;
INSERT INTO vendor_transactions (id, vendor_id, order_id, payment_id, transaction_type, amount, fee, net_amount, description, payment_method, is_online, status, created_at) VALUES (165, 69, 165, 165, 'online_payment', 18000, 360.0, 17640.0, 'Transaction for order #165', 'UPI', true, 'success', NOW() - INTERVAL '17 days 23 hours') ON CONFLICT DO NOTHING;
INSERT INTO vendor_transactions (id, vendor_id, order_id, payment_id, transaction_type, amount, fee, net_amount, description, payment_method, is_online, status, created_at) VALUES (166, 70, 166, 166, 'online_payment', 2000, 40.0, 1960.0, 'Transaction for order #166', 'UPI', true, 'success', NOW() - INTERVAL '41 days 0 hours') ON CONFLICT DO NOTHING;
INSERT INTO vendor_transactions (id, vendor_id, order_id, payment_id, transaction_type, amount, fee, net_amount, description, payment_method, is_online, status, created_at) VALUES (167, 71, 167, 167, 'online_payment', 31000, 620.0, 30380.0, 'Transaction for order #167', 'UPI', true, 'success', NOW() - INTERVAL '47 days 4 hours') ON CONFLICT DO NOTHING;
INSERT INTO vendor_transactions (id, vendor_id, order_id, payment_id, transaction_type, amount, fee, net_amount, description, payment_method, is_online, status, created_at) VALUES (168, 66, 168, 168, 'online_payment', 17000, 340.0, 16660.0, 'Transaction for order #168', 'UPI', true, 'success', NOW() - INTERVAL '7 days 10 hours') ON CONFLICT DO NOTHING;
INSERT INTO vendor_transactions (id, vendor_id, order_id, payment_id, transaction_type, amount, fee, net_amount, description, payment_method, is_online, status, created_at) VALUES (169, 67, 169, 169, 'online_payment', 64000, 1280.0, 62720.0, 'Transaction for order #169', 'UPI', true, 'success', NOW() - INTERVAL '54 days 18 hours') ON CONFLICT DO NOTHING;
INSERT INTO vendor_transactions (id, vendor_id, order_id, payment_id, transaction_type, amount, fee, net_amount, description, payment_method, is_online, status, created_at) VALUES (170, 68, 170, 170, 'online_payment', 9000, 180.0, 8820.0, 'Transaction for order #170', 'UPI', true, 'success', NOW() - INTERVAL '78 days 20 hours') ON CONFLICT DO NOTHING;
INSERT INTO vendor_transactions (id, vendor_id, order_id, payment_id, transaction_type, amount, fee, net_amount, description, payment_method, is_online, status, created_at) VALUES (171, 69, 171, 171, 'online_payment', 21000, 420.0, 20580.0, 'Transaction for order #171', 'UPI', true, 'success', NOW() - INTERVAL '11 days 18 hours') ON CONFLICT DO NOTHING;
INSERT INTO vendor_transactions (id, vendor_id, order_id, payment_id, transaction_type, amount, fee, net_amount, description, payment_method, is_online, status, created_at) VALUES (172, 70, 172, 172, 'online_payment', 3000, 60.0, 2940.0, 'Transaction for order #172', 'UPI', true, 'success', NOW() - INTERVAL '43 days 12 hours') ON CONFLICT DO NOTHING;
INSERT INTO vendor_transactions (id, vendor_id, order_id, payment_id, transaction_type, amount, fee, net_amount, description, payment_method, is_online, status, created_at) VALUES (173, 71, 173, 173, 'online_payment', 54000, 1080.0, 52920.0, 'Transaction for order #173', 'UPI', true, 'success', NOW() - INTERVAL '12 days 14 hours') ON CONFLICT DO NOTHING;
INSERT INTO vendor_transactions (id, vendor_id, order_id, payment_id, transaction_type, amount, fee, net_amount, description, payment_method, is_online, status, created_at) VALUES (174, 66, 174, 174, 'online_payment', 5000, 100.0, 4900.0, 'Transaction for order #174', 'UPI', true, 'success', NOW() - INTERVAL '38 days 4 hours') ON CONFLICT DO NOTHING;
INSERT INTO vendor_transactions (id, vendor_id, order_id, payment_id, transaction_type, amount, fee, net_amount, description, payment_method, is_online, status, created_at) VALUES (175, 67, 175, 175, 'online_payment', 9000, 180.0, 8820.0, 'Transaction for order #175', 'UPI', true, 'success', NOW() - INTERVAL '71 days 15 hours') ON CONFLICT DO NOTHING;
INSERT INTO vendor_transactions (id, vendor_id, order_id, payment_id, transaction_type, amount, fee, net_amount, description, payment_method, is_online, status, created_at) VALUES (176, 68, 176, 176, 'online_payment', 55000, 1100.0, 53900.0, 'Transaction for order #176', 'UPI', true, 'success', NOW() - INTERVAL '52 days 19 hours') ON CONFLICT DO NOTHING;
INSERT INTO vendor_transactions (id, vendor_id, order_id, payment_id, transaction_type, amount, fee, net_amount, description, payment_method, is_online, status, created_at) VALUES (177, 69, 177, 177, 'online_payment', 50000, 1000.0, 49000.0, 'Transaction for order #177', 'UPI', true, 'success', NOW() - INTERVAL '37 days 17 hours') ON CONFLICT DO NOTHING;
INSERT INTO vendor_transactions (id, vendor_id, order_id, payment_id, transaction_type, amount, fee, net_amount, description, payment_method, is_online, status, created_at) VALUES (178, 70, 178, 178, 'refund', -13000, 0.0, -13000, 'Transaction for order #178', 'UPI', true, 'success', NOW() - INTERVAL '77 days 7 hours') ON CONFLICT DO NOTHING;
INSERT INTO vendor_transactions (id, vendor_id, order_id, payment_id, transaction_type, amount, fee, net_amount, description, payment_method, is_online, status, created_at) VALUES (179, 71, 179, 179, 'online_payment', 26000, 520.0, 25480.0, 'Transaction for order #179', 'UPI', true, 'success', NOW() - INTERVAL '16 days 15 hours') ON CONFLICT DO NOTHING;
INSERT INTO vendor_transactions (id, vendor_id, order_id, payment_id, transaction_type, amount, fee, net_amount, description, payment_method, is_online, status, created_at) VALUES (180, 66, 180, 180, 'online_payment', 43500, 870.0, 42630.0, 'Transaction for order #180', 'UPI', true, 'success', NOW() - INTERVAL '18 days 22 hours') ON CONFLICT DO NOTHING;
INSERT INTO vendor_transactions (id, vendor_id, order_id, payment_id, transaction_type, amount, fee, net_amount, description, payment_method, is_online, status, created_at) VALUES (181, 67, 181, 181, 'refund', -60000, 0.0, -60000, 'Transaction for order #181', 'UPI', true, 'success', NOW() - INTERVAL '26 days 3 hours') ON CONFLICT DO NOTHING;
INSERT INTO vendor_transactions (id, vendor_id, order_id, payment_id, transaction_type, amount, fee, net_amount, description, payment_method, is_online, status, created_at) VALUES (182, 68, 182, 182, 'online_payment', 16500, 330.0, 16170.0, 'Transaction for order #182', 'UPI', true, 'success', NOW() - INTERVAL '17 days 6 hours') ON CONFLICT DO NOTHING;
INSERT INTO vendor_transactions (id, vendor_id, order_id, payment_id, transaction_type, amount, fee, net_amount, description, payment_method, is_online, status, created_at) VALUES (183, 69, 183, 183, 'online_payment', 30000, 600.0, 29400.0, 'Transaction for order #183', 'UPI', true, 'success', NOW() - INTERVAL '72 days 13 hours') ON CONFLICT DO NOTHING;
INSERT INTO vendor_transactions (id, vendor_id, order_id, payment_id, transaction_type, amount, fee, net_amount, description, payment_method, is_online, status, created_at) VALUES (184, 70, 184, 184, 'online_payment', 52000, 1040.0, 50960.0, 'Transaction for order #184', 'UPI', true, 'success', NOW() - INTERVAL '62 days 17 hours') ON CONFLICT DO NOTHING;
INSERT INTO vendor_transactions (id, vendor_id, order_id, payment_id, transaction_type, amount, fee, net_amount, description, payment_method, is_online, status, created_at) VALUES (185, 71, 185, 185, 'online_payment', 77000, 1540.0, 75460.0, 'Transaction for order #185', 'UPI', true, 'success', NOW() - INTERVAL '43 days 1 hours') ON CONFLICT DO NOTHING;
INSERT INTO vendor_transactions (id, vendor_id, order_id, payment_id, transaction_type, amount, fee, net_amount, description, payment_method, is_online, status, created_at) VALUES (186, 66, 186, 186, 'online_payment', 37500, 750.0, 36750.0, 'Transaction for order #186', 'UPI', true, 'success', NOW() - INTERVAL '46 days 3 hours') ON CONFLICT DO NOTHING;
INSERT INTO vendor_transactions (id, vendor_id, order_id, payment_id, transaction_type, amount, fee, net_amount, description, payment_method, is_online, status, created_at) VALUES (187, 67, 187, 187, 'online_payment', 6000, 120.0, 5880.0, 'Transaction for order #187', 'UPI', true, 'success', NOW() - INTERVAL '79 days 14 hours') ON CONFLICT DO NOTHING;
INSERT INTO vendor_transactions (id, vendor_id, order_id, payment_id, transaction_type, amount, fee, net_amount, description, payment_method, is_online, status, created_at) VALUES (188, 68, 188, 188, 'online_payment', 50000, 1000.0, 49000.0, 'Transaction for order #188', 'UPI', true, 'success', NOW() - INTERVAL '61 days 14 hours') ON CONFLICT DO NOTHING;
INSERT INTO vendor_transactions (id, vendor_id, order_id, payment_id, transaction_type, amount, fee, net_amount, description, payment_method, is_online, status, created_at) VALUES (189, 69, 189, 189, 'online_payment', 27500, 550.0, 26950.0, 'Transaction for order #189', 'UPI', true, 'success', NOW() - INTERVAL '13 days 15 hours') ON CONFLICT DO NOTHING;
INSERT INTO vendor_transactions (id, vendor_id, order_id, payment_id, transaction_type, amount, fee, net_amount, description, payment_method, is_online, status, created_at) VALUES (190, 70, 190, 190, 'online_payment', 7500, 150.0, 7350.0, 'Transaction for order #190', 'UPI', true, 'success', NOW() - INTERVAL '19 days 22 hours') ON CONFLICT DO NOTHING;
INSERT INTO vendor_transactions (id, vendor_id, order_id, payment_id, transaction_type, amount, fee, net_amount, description, payment_method, is_online, status, created_at) VALUES (191, 71, 191, 191, 'online_payment', 21000, 420.0, 20580.0, 'Transaction for order #191', 'UPI', true, 'success', NOW() - INTERVAL '4 days 0 hours') ON CONFLICT DO NOTHING;
INSERT INTO vendor_transactions (id, vendor_id, order_id, payment_id, transaction_type, amount, fee, net_amount, description, payment_method, is_online, status, created_at) VALUES (192, 66, 192, 192, 'online_payment', 54000, 1080.0, 52920.0, 'Transaction for order #192', 'UPI', true, 'success', NOW() - INTERVAL '55 days 3 hours') ON CONFLICT DO NOTHING;
INSERT INTO vendor_transactions (id, vendor_id, order_id, payment_id, transaction_type, amount, fee, net_amount, description, payment_method, is_online, status, created_at) VALUES (193, 67, 193, 193, 'online_payment', 73000, 1460.0, 71540.0, 'Transaction for order #193', 'UPI', true, 'success', NOW() - INTERVAL '58 days 6 hours') ON CONFLICT DO NOTHING;
INSERT INTO vendor_transactions (id, vendor_id, order_id, payment_id, transaction_type, amount, fee, net_amount, description, payment_method, is_online, status, created_at) VALUES (194, 68, 194, 194, 'online_payment', 12500, 250.0, 12250.0, 'Transaction for order #194', 'UPI', true, 'success', NOW() - INTERVAL '2 days 3 hours') ON CONFLICT DO NOTHING;
INSERT INTO vendor_transactions (id, vendor_id, order_id, payment_id, transaction_type, amount, fee, net_amount, description, payment_method, is_online, status, created_at) VALUES (195, 69, 195, 195, 'online_payment', 24000, 480.0, 23520.0, 'Transaction for order #195', 'UPI', true, 'success', NOW() - INTERVAL '41 days 14 hours') ON CONFLICT DO NOTHING;
INSERT INTO vendor_transactions (id, vendor_id, order_id, payment_id, transaction_type, amount, fee, net_amount, description, payment_method, is_online, status, created_at) VALUES (196, 70, 196, 196, 'online_payment', 36000, 720.0, 35280.0, 'Transaction for order #196', 'UPI', true, 'success', NOW() - INTERVAL '85 days 0 hours') ON CONFLICT DO NOTHING;
INSERT INTO vendor_transactions (id, vendor_id, order_id, payment_id, transaction_type, amount, fee, net_amount, description, payment_method, is_online, status, created_at) VALUES (197, 71, 197, 197, 'online_payment', 42500, 850.0, 41650.0, 'Transaction for order #197', 'UPI', true, 'success', NOW() - INTERVAL '27 days 17 hours') ON CONFLICT DO NOTHING;
INSERT INTO vendor_transactions (id, vendor_id, order_id, payment_id, transaction_type, amount, fee, net_amount, description, payment_method, is_online, status, created_at) VALUES (198, 66, 198, 198, 'online_payment', 3000, 60.0, 2940.0, 'Transaction for order #198', 'UPI', true, 'success', NOW() - INTERVAL '17 days 9 hours') ON CONFLICT DO NOTHING;
INSERT INTO vendor_transactions (id, vendor_id, order_id, payment_id, transaction_type, amount, fee, net_amount, description, payment_method, is_online, status, created_at) VALUES (199, 67, 199, 199, 'online_payment', 27000, 540.0, 26460.0, 'Transaction for order #199', 'UPI', true, 'success', NOW() - INTERVAL '23 days 16 hours') ON CONFLICT DO NOTHING;
INSERT INTO vendor_transactions (id, vendor_id, order_id, payment_id, transaction_type, amount, fee, net_amount, description, payment_method, is_online, status, created_at) VALUES (200, 68, 200, 200, 'online_payment', 16000, 320.0, 15680.0, 'Transaction for order #200', 'UPI', true, 'success', NOW() - INTERVAL '20 days 14 hours') ON CONFLICT DO NOTHING;
INSERT INTO vendor_transactions (id, vendor_id, order_id, payment_id, transaction_type, amount, fee, net_amount, description, payment_method, is_online, status, created_at) VALUES (201, 69, 201, 201, 'online_payment', 50000, 1000.0, 49000.0, 'Transaction for order #201', 'UPI', true, 'success', NOW() - INTERVAL '62 days 2 hours') ON CONFLICT DO NOTHING;
INSERT INTO vendor_transactions (id, vendor_id, order_id, payment_id, transaction_type, amount, fee, net_amount, description, payment_method, is_online, status, created_at) VALUES (202, 70, 202, 202, 'online_payment', 36000, 720.0, 35280.0, 'Transaction for order #202', 'UPI', true, 'success', NOW() - INTERVAL '72 days 16 hours') ON CONFLICT DO NOTHING;
INSERT INTO vendor_transactions (id, vendor_id, order_id, payment_id, transaction_type, amount, fee, net_amount, description, payment_method, is_online, status, created_at) VALUES (203, 71, 203, 203, 'online_payment', 34500, 690.0, 33810.0, 'Transaction for order #203', 'UPI', true, 'success', NOW() - INTERVAL '60 days 5 hours') ON CONFLICT DO NOTHING;
INSERT INTO vendor_transactions (id, vendor_id, order_id, payment_id, transaction_type, amount, fee, net_amount, description, payment_method, is_online, status, created_at) VALUES (204, 66, 204, 204, 'online_payment', 20000, 400.0, 19600.0, 'Transaction for order #204', 'UPI', true, 'success', NOW() - INTERVAL '31 days 12 hours') ON CONFLICT DO NOTHING;
INSERT INTO vendor_transactions (id, vendor_id, order_id, payment_id, transaction_type, amount, fee, net_amount, description, payment_method, is_online, status, created_at) VALUES (205, 67, 205, 205, 'online_payment', 64500, 1290.0, 63210.0, 'Transaction for order #205', 'UPI', true, 'success', NOW() - INTERVAL '73 days 16 hours') ON CONFLICT DO NOTHING;
INSERT INTO vendor_transactions (id, vendor_id, order_id, payment_id, transaction_type, amount, fee, net_amount, description, payment_method, is_online, status, created_at) VALUES (206, 68, 206, 206, 'online_payment', 31000, 620.0, 30380.0, 'Transaction for order #206', 'UPI', true, 'success', NOW() - INTERVAL '29 days 5 hours') ON CONFLICT DO NOTHING;
INSERT INTO vendor_transactions (id, vendor_id, order_id, payment_id, transaction_type, amount, fee, net_amount, description, payment_method, is_online, status, created_at) VALUES (207, 69, 207, 207, 'online_payment', 55500, 1110.0, 54390.0, 'Transaction for order #207', 'UPI', true, 'success', NOW() - INTERVAL '61 days 1 hours') ON CONFLICT DO NOTHING;
INSERT INTO vendor_transactions (id, vendor_id, order_id, payment_id, transaction_type, amount, fee, net_amount, description, payment_method, is_online, status, created_at) VALUES (208, 70, 208, 208, 'online_payment', 5000, 100.0, 4900.0, 'Transaction for order #208', 'UPI', true, 'success', NOW() - INTERVAL '52 days 10 hours') ON CONFLICT DO NOTHING;
INSERT INTO vendor_transactions (id, vendor_id, order_id, payment_id, transaction_type, amount, fee, net_amount, description, payment_method, is_online, status, created_at) VALUES (209, 71, 209, 209, 'online_payment', 35000, 700.0, 34300.0, 'Transaction for order #209', 'UPI', true, 'success', NOW() - INTERVAL '21 days 9 hours') ON CONFLICT DO NOTHING;
INSERT INTO vendor_transactions (id, vendor_id, order_id, payment_id, transaction_type, amount, fee, net_amount, description, payment_method, is_online, status, created_at) VALUES (210, 66, 210, 210, 'online_payment', 39000, 780.0, 38220.0, 'Transaction for order #210', 'UPI', true, 'success', NOW() - INTERVAL '62 days 21 hours') ON CONFLICT DO NOTHING;
INSERT INTO vendor_transactions (id, vendor_id, order_id, payment_id, transaction_type, amount, fee, net_amount, description, payment_method, is_online, status, created_at) VALUES (211, 67, 211, 211, 'online_payment', 44000, 880.0, 43120.0, 'Transaction for order #211', 'UPI', true, 'success', NOW() - INTERVAL '14 days 6 hours') ON CONFLICT DO NOTHING;
INSERT INTO vendor_transactions (id, vendor_id, order_id, payment_id, transaction_type, amount, fee, net_amount, description, payment_method, is_online, status, created_at) VALUES (212, 68, 212, 212, 'online_payment', 30500, 610.0, 29890.0, 'Transaction for order #212', 'UPI', true, 'success', NOW() - INTERVAL '10 days 22 hours') ON CONFLICT DO NOTHING;
INSERT INTO vendor_transactions (id, vendor_id, order_id, payment_id, transaction_type, amount, fee, net_amount, description, payment_method, is_online, status, created_at) VALUES (213, 69, 213, 213, 'online_payment', 9000, 180.0, 8820.0, 'Transaction for order #213', 'UPI', true, 'success', NOW() - INTERVAL '43 days 2 hours') ON CONFLICT DO NOTHING;
INSERT INTO vendor_transactions (id, vendor_id, order_id, payment_id, transaction_type, amount, fee, net_amount, description, payment_method, is_online, status, created_at) VALUES (214, 70, 214, 214, 'online_payment', 52000, 1040.0, 50960.0, 'Transaction for order #214', 'UPI', true, 'success', NOW() - INTERVAL '82 days 19 hours') ON CONFLICT DO NOTHING;
INSERT INTO vendor_transactions (id, vendor_id, order_id, payment_id, transaction_type, amount, fee, net_amount, description, payment_method, is_online, status, created_at) VALUES (215, 71, 215, 215, 'online_payment', 19500, 390.0, 19110.0, 'Transaction for order #215', 'UPI', true, 'success', NOW() - INTERVAL '74 days 13 hours') ON CONFLICT DO NOTHING;
INSERT INTO vendor_transactions (id, vendor_id, order_id, payment_id, transaction_type, amount, fee, net_amount, description, payment_method, is_online, status, created_at) VALUES (216, 66, 216, 216, 'online_payment', 31000, 620.0, 30380.0, 'Transaction for order #216', 'UPI', true, 'success', NOW() - INTERVAL '72 days 0 hours') ON CONFLICT DO NOTHING;
INSERT INTO vendor_transactions (id, vendor_id, order_id, payment_id, transaction_type, amount, fee, net_amount, description, payment_method, is_online, status, created_at) VALUES (217, 67, 217, 217, 'online_payment', 29000, 580.0, 28420.0, 'Transaction for order #217', 'UPI', true, 'success', NOW() - INTERVAL '28 days 0 hours') ON CONFLICT DO NOTHING;
INSERT INTO vendor_transactions (id, vendor_id, order_id, payment_id, transaction_type, amount, fee, net_amount, description, payment_method, is_online, status, created_at) VALUES (218, 68, 218, 218, 'refund', -14000, 0.0, -14000, 'Transaction for order #218', 'UPI', true, 'success', NOW() - INTERVAL '74 days 0 hours') ON CONFLICT DO NOTHING;
INSERT INTO vendor_transactions (id, vendor_id, order_id, payment_id, transaction_type, amount, fee, net_amount, description, payment_method, is_online, status, created_at) VALUES (219, 69, 219, 219, 'online_payment', 9000, 180.0, 8820.0, 'Transaction for order #219', 'UPI', true, 'success', NOW() - INTERVAL '8 days 0 hours') ON CONFLICT DO NOTHING;
INSERT INTO vendor_transactions (id, vendor_id, order_id, payment_id, transaction_type, amount, fee, net_amount, description, payment_method, is_online, status, created_at) VALUES (220, 70, 220, 220, 'online_payment', 21000, 420.0, 20580.0, 'Transaction for order #220', 'UPI', true, 'success', NOW() - INTERVAL '43 days 22 hours') ON CONFLICT DO NOTHING;
INSERT INTO vendor_transactions (id, vendor_id, order_id, payment_id, transaction_type, amount, fee, net_amount, description, payment_method, is_online, status, created_at) VALUES (221, 71, 221, 221, 'online_payment', 5500, 110.0, 5390.0, 'Transaction for order #221', 'UPI', true, 'success', NOW() - INTERVAL '11 days 7 hours') ON CONFLICT DO NOTHING;
INSERT INTO vendor_transactions (id, vendor_id, order_id, payment_id, transaction_type, amount, fee, net_amount, description, payment_method, is_online, status, created_at) VALUES (222, 66, 222, 222, 'online_payment', 32000, 640.0, 31360.0, 'Transaction for order #222', 'UPI', true, 'success', NOW() - INTERVAL '78 days 9 hours') ON CONFLICT DO NOTHING;
INSERT INTO vendor_transactions (id, vendor_id, order_id, payment_id, transaction_type, amount, fee, net_amount, description, payment_method, is_online, status, created_at) VALUES (223, 67, 223, 223, 'online_payment', 67000, 1340.0, 65660.0, 'Transaction for order #223', 'UPI', true, 'success', NOW() - INTERVAL '2 days 12 hours') ON CONFLICT DO NOTHING;
INSERT INTO vendor_transactions (id, vendor_id, order_id, payment_id, transaction_type, amount, fee, net_amount, description, payment_method, is_online, status, created_at) VALUES (224, 68, 224, 224, 'online_payment', 19000, 380.0, 18620.0, 'Transaction for order #224', 'UPI', true, 'success', NOW() - INTERVAL '25 days 5 hours') ON CONFLICT DO NOTHING;
INSERT INTO vendor_transactions (id, vendor_id, order_id, payment_id, transaction_type, amount, fee, net_amount, description, payment_method, is_online, status, created_at) VALUES (225, 69, 225, 225, 'online_payment', 42000, 840.0, 41160.0, 'Transaction for order #225', 'UPI', true, 'success', NOW() - INTERVAL '78 days 17 hours') ON CONFLICT DO NOTHING;
INSERT INTO vendor_transactions (id, vendor_id, order_id, payment_id, transaction_type, amount, fee, net_amount, description, payment_method, is_online, status, created_at) VALUES (226, 70, 226, 226, 'online_payment', 25000, 500.0, 24500.0, 'Transaction for order #226', 'UPI', true, 'success', NOW() - INTERVAL '16 days 3 hours') ON CONFLICT DO NOTHING;
INSERT INTO vendor_transactions (id, vendor_id, order_id, payment_id, transaction_type, amount, fee, net_amount, description, payment_method, is_online, status, created_at) VALUES (227, 71, 227, 227, 'online_payment', 50000, 1000.0, 49000.0, 'Transaction for order #227', 'UPI', true, 'success', NOW() - INTERVAL '1 days 18 hours') ON CONFLICT DO NOTHING;
INSERT INTO vendor_transactions (id, vendor_id, order_id, payment_id, transaction_type, amount, fee, net_amount, description, payment_method, is_online, status, created_at) VALUES (228, 66, 228, 228, 'online_payment', 31500, 630.0, 30870.0, 'Transaction for order #228', 'UPI', true, 'success', NOW() - INTERVAL '53 days 18 hours') ON CONFLICT DO NOTHING;
INSERT INTO vendor_transactions (id, vendor_id, order_id, payment_id, transaction_type, amount, fee, net_amount, description, payment_method, is_online, status, created_at) VALUES (229, 67, 229, 229, 'online_payment', 106000, 2120.0, 103880.0, 'Transaction for order #229', 'UPI', true, 'success', NOW() - INTERVAL '30 days 15 hours') ON CONFLICT DO NOTHING;
INSERT INTO vendor_transactions (id, vendor_id, order_id, payment_id, transaction_type, amount, fee, net_amount, description, payment_method, is_online, status, created_at) VALUES (230, 68, 230, 230, 'online_payment', 24500, 490.0, 24010.0, 'Transaction for order #230', 'UPI', true, 'success', NOW() - INTERVAL '74 days 18 hours') ON CONFLICT DO NOTHING;
INSERT INTO vendor_transactions (id, vendor_id, order_id, payment_id, transaction_type, amount, fee, net_amount, description, payment_method, is_online, status, created_at) VALUES (231, 69, 231, 231, 'online_payment', 29500, 590.0, 28910.0, 'Transaction for order #231', 'UPI', true, 'success', NOW() - INTERVAL '22 days 21 hours') ON CONFLICT DO NOTHING;
INSERT INTO vendor_transactions (id, vendor_id, order_id, payment_id, transaction_type, amount, fee, net_amount, description, payment_method, is_online, status, created_at) VALUES (232, 70, 232, 232, 'online_payment', 14000, 280.0, 13720.0, 'Transaction for order #232', 'UPI', true, 'success', NOW() - INTERVAL '74 days 4 hours') ON CONFLICT DO NOTHING;
INSERT INTO vendor_transactions (id, vendor_id, order_id, payment_id, transaction_type, amount, fee, net_amount, description, payment_method, is_online, status, created_at) VALUES (233, 71, 233, 233, 'online_payment', 39000, 780.0, 38220.0, 'Transaction for order #233', 'UPI', true, 'success', NOW() - INTERVAL '44 days 22 hours') ON CONFLICT DO NOTHING;
INSERT INTO vendor_transactions (id, vendor_id, order_id, payment_id, transaction_type, amount, fee, net_amount, description, payment_method, is_online, status, created_at) VALUES (234, 66, 234, 234, 'refund', -21000, 0.0, -21000, 'Transaction for order #234', 'UPI', true, 'success', NOW() - INTERVAL '1 days 19 hours') ON CONFLICT DO NOTHING;
INSERT INTO vendor_transactions (id, vendor_id, order_id, payment_id, transaction_type, amount, fee, net_amount, description, payment_method, is_online, status, created_at) VALUES (235, 67, 235, 235, 'online_payment', 78000, 1560.0, 76440.0, 'Transaction for order #235', 'UPI', true, 'success', NOW() - INTERVAL '43 days 0 hours') ON CONFLICT DO NOTHING;
INSERT INTO vendor_transactions (id, vendor_id, order_id, payment_id, transaction_type, amount, fee, net_amount, description, payment_method, is_online, status, created_at) VALUES (236, 68, 236, 236, 'online_payment', 36000, 720.0, 35280.0, 'Transaction for order #236', 'UPI', true, 'success', NOW() - INTERVAL '55 days 0 hours') ON CONFLICT DO NOTHING;
INSERT INTO vendor_transactions (id, vendor_id, order_id, payment_id, transaction_type, amount, fee, net_amount, description, payment_method, is_online, status, created_at) VALUES (237, 69, 237, 237, 'online_payment', 15500, 310.0, 15190.0, 'Transaction for order #237', 'UPI', true, 'success', NOW() - INTERVAL '18 days 7 hours') ON CONFLICT DO NOTHING;
INSERT INTO vendor_transactions (id, vendor_id, order_id, payment_id, transaction_type, amount, fee, net_amount, description, payment_method, is_online, status, created_at) VALUES (238, 70, 238, 238, 'online_payment', 16500, 330.0, 16170.0, 'Transaction for order #238', 'UPI', true, 'success', NOW() - INTERVAL '6 days 15 hours') ON CONFLICT DO NOTHING;
INSERT INTO vendor_transactions (id, vendor_id, order_id, payment_id, transaction_type, amount, fee, net_amount, description, payment_method, is_online, status, created_at) VALUES (239, 71, 239, 239, 'online_payment', 37000, 740.0, 36260.0, 'Transaction for order #239', 'UPI', true, 'success', NOW() - INTERVAL '18 days 5 hours') ON CONFLICT DO NOTHING;
INSERT INTO vendor_transactions (id, vendor_id, order_id, payment_id, transaction_type, amount, fee, net_amount, description, payment_method, is_online, status, created_at) VALUES (240, 66, 240, 240, 'online_payment', 8000, 160.0, 7840.0, 'Transaction for order #240', 'UPI', true, 'success', NOW() - INTERVAL '38 days 9 hours') ON CONFLICT DO NOTHING;
INSERT INTO vendor_transactions (id, vendor_id, order_id, payment_id, transaction_type, amount, fee, net_amount, description, payment_method, is_online, status, created_at) VALUES (241, 67, 241, 241, 'online_payment', 55000, 1100.0, 53900.0, 'Transaction for order #241', 'UPI', true, 'success', NOW() - INTERVAL '11 days 17 hours') ON CONFLICT DO NOTHING;
INSERT INTO vendor_transactions (id, vendor_id, order_id, payment_id, transaction_type, amount, fee, net_amount, description, payment_method, is_online, status, created_at) VALUES (242, 68, 242, 242, 'online_payment', 36000, 720.0, 35280.0, 'Transaction for order #242', 'UPI', true, 'success', NOW() - INTERVAL '73 days 5 hours') ON CONFLICT DO NOTHING;
INSERT INTO vendor_transactions (id, vendor_id, order_id, payment_id, transaction_type, amount, fee, net_amount, description, payment_method, is_online, status, created_at) VALUES (243, 69, 243, 243, 'online_payment', 36000, 720.0, 35280.0, 'Transaction for order #243', 'UPI', true, 'success', NOW() - INTERVAL '16 days 5 hours') ON CONFLICT DO NOTHING;
INSERT INTO vendor_transactions (id, vendor_id, order_id, payment_id, transaction_type, amount, fee, net_amount, description, payment_method, is_online, status, created_at) VALUES (244, 70, 244, 244, 'online_payment', 14000, 280.0, 13720.0, 'Transaction for order #244', 'UPI', true, 'success', NOW() - INTERVAL '58 days 20 hours') ON CONFLICT DO NOTHING;
INSERT INTO vendor_transactions (id, vendor_id, order_id, payment_id, transaction_type, amount, fee, net_amount, description, payment_method, is_online, status, created_at) VALUES (245, 71, 245, 245, 'online_payment', 22000, 440.0, 21560.0, 'Transaction for order #245', 'UPI', true, 'success', NOW() - INTERVAL '47 days 9 hours') ON CONFLICT DO NOTHING;
INSERT INTO vendor_transactions (id, vendor_id, order_id, payment_id, transaction_type, amount, fee, net_amount, description, payment_method, is_online, status, created_at) VALUES (246, 66, 246, 246, 'online_payment', 18000, 360.0, 17640.0, 'Transaction for order #246', 'UPI', true, 'success', NOW() - INTERVAL '20 days 0 hours') ON CONFLICT DO NOTHING;
INSERT INTO vendor_transactions (id, vendor_id, order_id, payment_id, transaction_type, amount, fee, net_amount, description, payment_method, is_online, status, created_at) VALUES (247, 67, 247, 247, 'online_payment', 106000, 2120.0, 103880.0, 'Transaction for order #247', 'UPI', true, 'success', NOW() - INTERVAL '53 days 16 hours') ON CONFLICT DO NOTHING;
INSERT INTO vendor_transactions (id, vendor_id, order_id, payment_id, transaction_type, amount, fee, net_amount, description, payment_method, is_online, status, created_at) VALUES (248, 68, 248, 248, 'online_payment', 9000, 180.0, 8820.0, 'Transaction for order #248', 'UPI', true, 'success', NOW() - INTERVAL '82 days 11 hours') ON CONFLICT DO NOTHING;
INSERT INTO vendor_transactions (id, vendor_id, order_id, payment_id, transaction_type, amount, fee, net_amount, description, payment_method, is_online, status, created_at) VALUES (249, 69, 249, 249, 'online_payment', 23000, 460.0, 22540.0, 'Transaction for order #249', 'UPI', true, 'success', NOW() - INTERVAL '1 days 8 hours') ON CONFLICT DO NOTHING;
INSERT INTO vendor_transactions (id, vendor_id, order_id, payment_id, transaction_type, amount, fee, net_amount, description, payment_method, is_online, status, created_at) VALUES (250, 70, 250, 250, 'online_payment', 1500, 30.0, 1470.0, 'Transaction for order #250', 'UPI', true, 'success', NOW() - INTERVAL '69 days 2 hours') ON CONFLICT DO NOTHING;
INSERT INTO vendor_transactions (id, vendor_id, order_id, payment_id, transaction_type, amount, fee, net_amount, description, payment_method, is_online, status, created_at) VALUES (251, 71, 251, 251, 'online_payment', 52000, 1040.0, 50960.0, 'Transaction for order #251', 'UPI', true, 'success', NOW() - INTERVAL '32 days 0 hours') ON CONFLICT DO NOTHING;
INSERT INTO vendor_transactions (id, vendor_id, order_id, payment_id, transaction_type, amount, fee, net_amount, description, payment_method, is_online, status, created_at) VALUES (252, 66, 252, 252, 'online_payment', 9000, 180.0, 8820.0, 'Transaction for order #252', 'UPI', true, 'success', NOW() - INTERVAL '73 days 13 hours') ON CONFLICT DO NOTHING;
INSERT INTO vendor_transactions (id, vendor_id, order_id, payment_id, transaction_type, amount, fee, net_amount, description, payment_method, is_online, status, created_at) VALUES (253, 67, 253, 253, 'online_payment', 44000, 880.0, 43120.0, 'Transaction for order #253', 'UPI', true, 'success', NOW() - INTERVAL '8 days 14 hours') ON CONFLICT DO NOTHING;
INSERT INTO vendor_transactions (id, vendor_id, order_id, payment_id, transaction_type, amount, fee, net_amount, description, payment_method, is_online, status, created_at) VALUES (254, 68, 254, 254, 'online_payment', 19000, 380.0, 18620.0, 'Transaction for order #254', 'UPI', true, 'success', NOW() - INTERVAL '27 days 16 hours') ON CONFLICT DO NOTHING;
INSERT INTO vendor_transactions (id, vendor_id, order_id, payment_id, transaction_type, amount, fee, net_amount, description, payment_method, is_online, status, created_at) VALUES (255, 69, 255, 255, 'refund', -22500, 0.0, -22500, 'Transaction for order #255', 'UPI', true, 'success', NOW() - INTERVAL '33 days 23 hours') ON CONFLICT DO NOTHING;
INSERT INTO vendor_transactions (id, vendor_id, order_id, payment_id, transaction_type, amount, fee, net_amount, description, payment_method, is_online, status, created_at) VALUES (256, 70, 256, 256, 'online_payment', 26000, 520.0, 25480.0, 'Transaction for order #256', 'UPI', true, 'success', NOW() - INTERVAL '38 days 20 hours') ON CONFLICT DO NOTHING;
INSERT INTO vendor_transactions (id, vendor_id, order_id, payment_id, transaction_type, amount, fee, net_amount, description, payment_method, is_online, status, created_at) VALUES (257, 71, 257, 257, 'online_payment', 19000, 380.0, 18620.0, 'Transaction for order #257', 'UPI', true, 'success', NOW() - INTERVAL '10 days 11 hours') ON CONFLICT DO NOTHING;
INSERT INTO vendor_transactions (id, vendor_id, order_id, payment_id, transaction_type, amount, fee, net_amount, description, payment_method, is_online, status, created_at) VALUES (258, 66, 258, 258, 'online_payment', 20500, 410.0, 20090.0, 'Transaction for order #258', 'UPI', true, 'success', NOW() - INTERVAL '12 days 22 hours') ON CONFLICT DO NOTHING;
INSERT INTO vendor_transactions (id, vendor_id, order_id, payment_id, transaction_type, amount, fee, net_amount, description, payment_method, is_online, status, created_at) VALUES (259, 67, 259, 259, 'online_payment', 60000, 1200.0, 58800.0, 'Transaction for order #259', 'UPI', true, 'success', NOW() - INTERVAL '26 days 1 hours') ON CONFLICT DO NOTHING;
INSERT INTO vendor_transactions (id, vendor_id, order_id, payment_id, transaction_type, amount, fee, net_amount, description, payment_method, is_online, status, created_at) VALUES (260, 68, 260, 260, 'online_payment', 22000, 440.0, 21560.0, 'Transaction for order #260', 'UPI', true, 'success', NOW() - INTERVAL '7 days 21 hours') ON CONFLICT DO NOTHING;
INSERT INTO vendor_transactions (id, vendor_id, order_id, payment_id, transaction_type, amount, fee, net_amount, description, payment_method, is_online, status, created_at) VALUES (261, 69, 261, 261, 'online_payment', 39500, 790.0, 38710.0, 'Transaction for order #261', 'UPI', true, 'success', NOW() - INTERVAL '56 days 10 hours') ON CONFLICT DO NOTHING;
INSERT INTO vendor_transactions (id, vendor_id, order_id, payment_id, transaction_type, amount, fee, net_amount, description, payment_method, is_online, status, created_at) VALUES (262, 70, 262, 262, 'refund', -33000, 0.0, -33000, 'Transaction for order #262', 'UPI', true, 'success', NOW() - INTERVAL '69 days 23 hours') ON CONFLICT DO NOTHING;
INSERT INTO vendor_transactions (id, vendor_id, order_id, payment_id, transaction_type, amount, fee, net_amount, description, payment_method, is_online, status, created_at) VALUES (263, 71, 263, 263, 'online_payment', 67000, 1340.0, 65660.0, 'Transaction for order #263', 'UPI', true, 'success', NOW() - INTERVAL '80 days 18 hours') ON CONFLICT DO NOTHING;
INSERT INTO vendor_transactions (id, vendor_id, order_id, payment_id, transaction_type, amount, fee, net_amount, description, payment_method, is_online, status, created_at) VALUES (264, 66, 264, 264, 'online_payment', 18000, 360.0, 17640.0, 'Transaction for order #264', 'UPI', true, 'success', NOW() - INTERVAL '80 days 5 hours') ON CONFLICT DO NOTHING;
INSERT INTO vendor_transactions (id, vendor_id, order_id, payment_id, transaction_type, amount, fee, net_amount, description, payment_method, is_online, status, created_at) VALUES (265, 67, 265, 265, 'online_payment', 41000, 820.0, 40180.0, 'Transaction for order #265', 'UPI', true, 'success', NOW() - INTERVAL '57 days 16 hours') ON CONFLICT DO NOTHING;
INSERT INTO vendor_transactions (id, vendor_id, order_id, payment_id, transaction_type, amount, fee, net_amount, description, payment_method, is_online, status, created_at) VALUES (266, 68, 266, 266, 'online_payment', 8000, 160.0, 7840.0, 'Transaction for order #266', 'UPI', true, 'success', NOW() - INTERVAL '15 days 3 hours') ON CONFLICT DO NOTHING;
INSERT INTO vendor_transactions (id, vendor_id, order_id, payment_id, transaction_type, amount, fee, net_amount, description, payment_method, is_online, status, created_at) VALUES (267, 69, 267, 267, 'online_payment', 25000, 500.0, 24500.0, 'Transaction for order #267', 'UPI', true, 'success', NOW() - INTERVAL '5 days 20 hours') ON CONFLICT DO NOTHING;
INSERT INTO vendor_transactions (id, vendor_id, order_id, payment_id, transaction_type, amount, fee, net_amount, description, payment_method, is_online, status, created_at) VALUES (268, 70, 268, 268, 'refund', -42000, 0.0, -42000, 'Transaction for order #268', 'UPI', true, 'success', NOW() - INTERVAL '81 days 19 hours') ON CONFLICT DO NOTHING;
INSERT INTO vendor_transactions (id, vendor_id, order_id, payment_id, transaction_type, amount, fee, net_amount, description, payment_method, is_online, status, created_at) VALUES (269, 71, 269, 269, 'online_payment', 38500, 770.0, 37730.0, 'Transaction for order #269', 'UPI', true, 'success', NOW() - INTERVAL '72 days 11 hours') ON CONFLICT DO NOTHING;
INSERT INTO vendor_transactions (id, vendor_id, order_id, payment_id, transaction_type, amount, fee, net_amount, description, payment_method, is_online, status, created_at) VALUES (270, 66, 270, 270, 'online_payment', 36000, 720.0, 35280.0, 'Transaction for order #270', 'UPI', true, 'success', NOW() - INTERVAL '20 days 10 hours') ON CONFLICT DO NOTHING;
INSERT INTO vendor_transactions (id, vendor_id, order_id, payment_id, transaction_type, amount, fee, net_amount, description, payment_method, is_online, status, created_at) VALUES (271, 67, 271, 271, 'online_payment', 56000, 1120.0, 54880.0, 'Transaction for order #271', 'UPI', true, 'success', NOW() - INTERVAL '1 days 21 hours') ON CONFLICT DO NOTHING;
INSERT INTO vendor_transactions (id, vendor_id, order_id, payment_id, transaction_type, amount, fee, net_amount, description, payment_method, is_online, status, created_at) VALUES (272, 68, 272, 272, 'online_payment', 28000, 560.0, 27440.0, 'Transaction for order #272', 'UPI', true, 'success', NOW() - INTERVAL '23 days 20 hours') ON CONFLICT DO NOTHING;
INSERT INTO vendor_transactions (id, vendor_id, order_id, payment_id, transaction_type, amount, fee, net_amount, description, payment_method, is_online, status, created_at) VALUES (273, 69, 273, 273, 'online_payment', 37000, 740.0, 36260.0, 'Transaction for order #273', 'UPI', true, 'success', NOW() - INTERVAL '38 days 7 hours') ON CONFLICT DO NOTHING;
INSERT INTO vendor_transactions (id, vendor_id, order_id, payment_id, transaction_type, amount, fee, net_amount, description, payment_method, is_online, status, created_at) VALUES (274, 70, 274, 274, 'online_payment', 20000, 400.0, 19600.0, 'Transaction for order #274', 'UPI', true, 'success', NOW() - INTERVAL '77 days 11 hours') ON CONFLICT DO NOTHING;
INSERT INTO vendor_transactions (id, vendor_id, order_id, payment_id, transaction_type, amount, fee, net_amount, description, payment_method, is_online, status, created_at) VALUES (275, 71, 275, 275, 'online_payment', 32000, 640.0, 31360.0, 'Transaction for order #275', 'UPI', true, 'success', NOW() - INTERVAL '53 days 3 hours') ON CONFLICT DO NOTHING;
INSERT INTO vendor_transactions (id, vendor_id, order_id, payment_id, transaction_type, amount, fee, net_amount, description, payment_method, is_online, status, created_at) VALUES (276, 66, 276, 276, 'online_payment', 20000, 400.0, 19600.0, 'Transaction for order #276', 'UPI', true, 'success', NOW() - INTERVAL '18 days 0 hours') ON CONFLICT DO NOTHING;
INSERT INTO vendor_transactions (id, vendor_id, order_id, payment_id, transaction_type, amount, fee, net_amount, description, payment_method, is_online, status, created_at) VALUES (277, 67, 277, 277, 'online_payment', 78500, 1570.0, 76930.0, 'Transaction for order #277', 'UPI', true, 'success', NOW() - INTERVAL '59 days 6 hours') ON CONFLICT DO NOTHING;
INSERT INTO vendor_transactions (id, vendor_id, order_id, payment_id, transaction_type, amount, fee, net_amount, description, payment_method, is_online, status, created_at) VALUES (278, 68, 278, 278, 'online_payment', 17500, 350.0, 17150.0, 'Transaction for order #278', 'UPI', true, 'success', NOW() - INTERVAL '74 days 13 hours') ON CONFLICT DO NOTHING;
INSERT INTO vendor_transactions (id, vendor_id, order_id, payment_id, transaction_type, amount, fee, net_amount, description, payment_method, is_online, status, created_at) VALUES (279, 69, 279, 279, 'online_payment', 21500, 430.0, 21070.0, 'Transaction for order #279', 'UPI', true, 'success', NOW() - INTERVAL '26 days 15 hours') ON CONFLICT DO NOTHING;
INSERT INTO vendor_transactions (id, vendor_id, order_id, payment_id, transaction_type, amount, fee, net_amount, description, payment_method, is_online, status, created_at) VALUES (280, 70, 280, 280, 'online_payment', 22000, 440.0, 21560.0, 'Transaction for order #280', 'UPI', true, 'success', NOW() - INTERVAL '10 days 6 hours') ON CONFLICT DO NOTHING;
INSERT INTO vendor_transactions (id, vendor_id, order_id, payment_id, transaction_type, amount, fee, net_amount, description, payment_method, is_online, status, created_at) VALUES (281, 71, 281, 281, 'online_payment', 24000, 480.0, 23520.0, 'Transaction for order #281', 'UPI', true, 'success', NOW() - INTERVAL '54 days 20 hours') ON CONFLICT DO NOTHING;
INSERT INTO vendor_transactions (id, vendor_id, order_id, payment_id, transaction_type, amount, fee, net_amount, description, payment_method, is_online, status, created_at) VALUES (282, 66, 282, 282, 'online_payment', 29000, 580.0, 28420.0, 'Transaction for order #282', 'UPI', true, 'success', NOW() - INTERVAL '35 days 2 hours') ON CONFLICT DO NOTHING;
INSERT INTO vendor_transactions (id, vendor_id, order_id, payment_id, transaction_type, amount, fee, net_amount, description, payment_method, is_online, status, created_at) VALUES (283, 67, 283, 283, 'online_payment', 55000, 1100.0, 53900.0, 'Transaction for order #283', 'UPI', true, 'success', NOW() - INTERVAL '4 days 11 hours') ON CONFLICT DO NOTHING;
INSERT INTO vendor_transactions (id, vendor_id, order_id, payment_id, transaction_type, amount, fee, net_amount, description, payment_method, is_online, status, created_at) VALUES (284, 68, 284, 284, 'online_payment', 11000, 220.0, 10780.0, 'Transaction for order #284', 'UPI', true, 'success', NOW() - INTERVAL '46 days 0 hours') ON CONFLICT DO NOTHING;
INSERT INTO vendor_transactions (id, vendor_id, order_id, payment_id, transaction_type, amount, fee, net_amount, description, payment_method, is_online, status, created_at) VALUES (285, 69, 285, 285, 'online_payment', 13500, 270.0, 13230.0, 'Transaction for order #285', 'UPI', true, 'success', NOW() - INTERVAL '79 days 4 hours') ON CONFLICT DO NOTHING;
INSERT INTO vendor_transactions (id, vendor_id, order_id, payment_id, transaction_type, amount, fee, net_amount, description, payment_method, is_online, status, created_at) VALUES (286, 70, 286, 286, 'refund', -29000, 0.0, -29000, 'Transaction for order #286', 'UPI', true, 'success', NOW() - INTERVAL '84 days 3 hours') ON CONFLICT DO NOTHING;
INSERT INTO vendor_transactions (id, vendor_id, order_id, payment_id, transaction_type, amount, fee, net_amount, description, payment_method, is_online, status, created_at) VALUES (287, 71, 287, 287, 'online_payment', 66500, 1330.0, 65170.0, 'Transaction for order #287', 'UPI', true, 'success', NOW() - INTERVAL '61 days 2 hours') ON CONFLICT DO NOTHING;
INSERT INTO vendor_transactions (id, vendor_id, order_id, payment_id, transaction_type, amount, fee, net_amount, description, payment_method, is_online, status, created_at) VALUES (288, 66, 288, 288, 'online_payment', 52000, 1040.0, 50960.0, 'Transaction for order #288', 'UPI', true, 'success', NOW() - INTERVAL '34 days 1 hours') ON CONFLICT DO NOTHING;
INSERT INTO vendor_transactions (id, vendor_id, order_id, payment_id, transaction_type, amount, fee, net_amount, description, payment_method, is_online, status, created_at) VALUES (289, 67, 289, 289, 'online_payment', 10000, 200.0, 9800.0, 'Transaction for order #289', 'UPI', true, 'success', NOW() - INTERVAL '10 days 12 hours') ON CONFLICT DO NOTHING;
INSERT INTO vendor_transactions (id, vendor_id, order_id, payment_id, transaction_type, amount, fee, net_amount, description, payment_method, is_online, status, created_at) VALUES (290, 68, 290, 290, 'online_payment', 27000, 540.0, 26460.0, 'Transaction for order #290', 'UPI', true, 'success', NOW() - INTERVAL '65 days 0 hours') ON CONFLICT DO NOTHING;
INSERT INTO vendor_transactions (id, vendor_id, order_id, payment_id, transaction_type, amount, fee, net_amount, description, payment_method, is_online, status, created_at) VALUES (291, 69, 291, 291, 'refund', -35000, 0.0, -35000, 'Transaction for order #291', 'UPI', true, 'success', NOW() - INTERVAL '83 days 14 hours') ON CONFLICT DO NOTHING;
INSERT INTO vendor_transactions (id, vendor_id, order_id, payment_id, transaction_type, amount, fee, net_amount, description, payment_method, is_online, status, created_at) VALUES (292, 70, 292, 292, 'online_payment', 6000, 120.0, 5880.0, 'Transaction for order #292', 'UPI', true, 'success', NOW() - INTERVAL '45 days 19 hours') ON CONFLICT DO NOTHING;
INSERT INTO vendor_transactions (id, vendor_id, order_id, payment_id, transaction_type, amount, fee, net_amount, description, payment_method, is_online, status, created_at) VALUES (293, 71, 293, 293, 'online_payment', 35000, 700.0, 34300.0, 'Transaction for order #293', 'UPI', true, 'success', NOW() - INTERVAL '17 days 8 hours') ON CONFLICT DO NOTHING;
INSERT INTO vendor_transactions (id, vendor_id, order_id, payment_id, transaction_type, amount, fee, net_amount, description, payment_method, is_online, status, created_at) VALUES (294, 66, 294, 294, 'online_payment', 72000, 1440.0, 70560.0, 'Transaction for order #294', 'UPI', true, 'success', NOW() - INTERVAL '58 days 16 hours') ON CONFLICT DO NOTHING;
INSERT INTO vendor_transactions (id, vendor_id, order_id, payment_id, transaction_type, amount, fee, net_amount, description, payment_method, is_online, status, created_at) VALUES (295, 67, 295, 295, 'online_payment', 44000, 880.0, 43120.0, 'Transaction for order #295', 'UPI', true, 'success', NOW() - INTERVAL '50 days 15 hours') ON CONFLICT DO NOTHING;
INSERT INTO vendor_transactions (id, vendor_id, order_id, payment_id, transaction_type, amount, fee, net_amount, description, payment_method, is_online, status, created_at) VALUES (296, 68, 296, 296, 'online_payment', 23500, 470.0, 23030.0, 'Transaction for order #296', 'UPI', true, 'success', NOW() - INTERVAL '40 days 7 hours') ON CONFLICT DO NOTHING;
INSERT INTO vendor_transactions (id, vendor_id, order_id, payment_id, transaction_type, amount, fee, net_amount, description, payment_method, is_online, status, created_at) VALUES (297, 69, 297, 297, 'online_payment', 16000, 320.0, 15680.0, 'Transaction for order #297', 'UPI', true, 'success', NOW() - INTERVAL '54 days 3 hours') ON CONFLICT DO NOTHING;
INSERT INTO vendor_transactions (id, vendor_id, order_id, payment_id, transaction_type, amount, fee, net_amount, description, payment_method, is_online, status, created_at) VALUES (298, 70, 298, 298, 'online_payment', 10000, 200.0, 9800.0, 'Transaction for order #298', 'UPI', true, 'success', NOW() - INTERVAL '45 days 18 hours') ON CONFLICT DO NOTHING;
INSERT INTO vendor_transactions (id, vendor_id, order_id, payment_id, transaction_type, amount, fee, net_amount, description, payment_method, is_online, status, created_at) VALUES (299, 71, 299, 299, 'online_payment', 29000, 580.0, 28420.0, 'Transaction for order #299', 'UPI', true, 'success', NOW() - INTERVAL '7 days 9 hours') ON CONFLICT DO NOTHING;
INSERT INTO vendor_transactions (id, vendor_id, order_id, payment_id, transaction_type, amount, fee, net_amount, description, payment_method, is_online, status, created_at) VALUES (300, 66, 300, 300, 'online_payment', 3000, 60.0, 2940.0, 'Transaction for order #300', 'UPI', true, 'success', NOW() - INTERVAL '36 days 12 hours') ON CONFLICT DO NOTHING;

-- Vendor Settlements (20 total)
INSERT INTO vendor_settlements (id, vendor_id, period_start, period_end, total_amount, total_fees, net_amount, order_count, online_payments, cash_orders, refunds, status, settled_at, created_at, updated_at) VALUES (1, 66, NOW() - INTERVAL '55 days', NOW() - INTERVAL '40 days', 200000.0, 4000.0, 196000.0, 12, 200000.0, 0, 0, 'completed', NOW() - INTERVAL '40 days', NOW() - INTERVAL '40 days', NOW() - INTERVAL '40 days') ON CONFLICT DO NOTHING;
INSERT INTO vendor_settlements (id, vendor_id, period_start, period_end, total_amount, total_fees, net_amount, order_count, online_payments, cash_orders, refunds, status, settled_at, created_at, updated_at) VALUES (2, 66, NOW() - INTERVAL '35 days', NOW() - INTERVAL '20 days', 200000.0, 4000.0, 196000.0, 12, 200000.0, 0, 0, 'completed', NOW() - INTERVAL '20 days', NOW() - INTERVAL '20 days', NOW() - INTERVAL '20 days') ON CONFLICT DO NOTHING;
INSERT INTO vendor_settlements (id, vendor_id, period_start, period_end, total_amount, total_fees, net_amount, order_count, online_payments, cash_orders, refunds, status, settled_at, created_at, updated_at) VALUES (3, 67, NOW() - INTERVAL '55 days', NOW() - INTERVAL '40 days', 200000.0, 4000.0, 196000.0, 12, 200000.0, 0, 0, 'completed', NOW() - INTERVAL '40 days', NOW() - INTERVAL '40 days', NOW() - INTERVAL '40 days') ON CONFLICT DO NOTHING;
INSERT INTO vendor_settlements (id, vendor_id, period_start, period_end, total_amount, total_fees, net_amount, order_count, online_payments, cash_orders, refunds, status, settled_at, created_at, updated_at) VALUES (4, 67, NOW() - INTERVAL '35 days', NOW() - INTERVAL '20 days', 200000.0, 4000.0, 196000.0, 12, 200000.0, 0, 0, 'completed', NOW() - INTERVAL '20 days', NOW() - INTERVAL '20 days', NOW() - INTERVAL '20 days') ON CONFLICT DO NOTHING;
INSERT INTO vendor_settlements (id, vendor_id, period_start, period_end, total_amount, total_fees, net_amount, order_count, online_payments, cash_orders, refunds, status, settled_at, created_at, updated_at) VALUES (5, 68, NOW() - INTERVAL '55 days', NOW() - INTERVAL '40 days', 200000.0, 4000.0, 196000.0, 12, 200000.0, 0, 0, 'completed', NOW() - INTERVAL '40 days', NOW() - INTERVAL '40 days', NOW() - INTERVAL '40 days') ON CONFLICT DO NOTHING;
INSERT INTO vendor_settlements (id, vendor_id, period_start, period_end, total_amount, total_fees, net_amount, order_count, online_payments, cash_orders, refunds, status, settled_at, created_at, updated_at) VALUES (6, 68, NOW() - INTERVAL '35 days', NOW() - INTERVAL '20 days', 200000.0, 4000.0, 196000.0, 12, 200000.0, 0, 0, 'completed', NOW() - INTERVAL '20 days', NOW() - INTERVAL '20 days', NOW() - INTERVAL '20 days') ON CONFLICT DO NOTHING;
INSERT INTO vendor_settlements (id, vendor_id, period_start, period_end, total_amount, total_fees, net_amount, order_count, online_payments, cash_orders, refunds, status, settled_at, created_at, updated_at) VALUES (7, 69, NOW() - INTERVAL '55 days', NOW() - INTERVAL '40 days', 200000.0, 4000.0, 196000.0, 12, 200000.0, 0, 0, 'completed', NOW() - INTERVAL '40 days', NOW() - INTERVAL '40 days', NOW() - INTERVAL '40 days') ON CONFLICT DO NOTHING;
INSERT INTO vendor_settlements (id, vendor_id, period_start, period_end, total_amount, total_fees, net_amount, order_count, online_payments, cash_orders, refunds, status, settled_at, created_at, updated_at) VALUES (8, 69, NOW() - INTERVAL '35 days', NOW() - INTERVAL '20 days', 200000.0, 4000.0, 196000.0, 12, 200000.0, 0, 0, 'completed', NOW() - INTERVAL '20 days', NOW() - INTERVAL '20 days', NOW() - INTERVAL '20 days') ON CONFLICT DO NOTHING;
INSERT INTO vendor_settlements (id, vendor_id, period_start, period_end, total_amount, total_fees, net_amount, order_count, online_payments, cash_orders, refunds, status, settled_at, created_at, updated_at) VALUES (9, 70, NOW() - INTERVAL '55 days', NOW() - INTERVAL '40 days', 200000.0, 4000.0, 196000.0, 12, 200000.0, 0, 0, 'completed', NOW() - INTERVAL '40 days', NOW() - INTERVAL '40 days', NOW() - INTERVAL '40 days') ON CONFLICT DO NOTHING;
INSERT INTO vendor_settlements (id, vendor_id, period_start, period_end, total_amount, total_fees, net_amount, order_count, online_payments, cash_orders, refunds, status, settled_at, created_at, updated_at) VALUES (10, 70, NOW() - INTERVAL '35 days', NOW() - INTERVAL '20 days', 200000.0, 4000.0, 196000.0, 12, 200000.0, 0, 0, 'completed', NOW() - INTERVAL '20 days', NOW() - INTERVAL '20 days', NOW() - INTERVAL '20 days') ON CONFLICT DO NOTHING;
INSERT INTO vendor_settlements (id, vendor_id, period_start, period_end, total_amount, total_fees, net_amount, order_count, online_payments, cash_orders, refunds, status, settled_at, created_at, updated_at) VALUES (11, 71, NOW() - INTERVAL '55 days', NOW() - INTERVAL '40 days', 200000.0, 4000.0, 196000.0, 12, 200000.0, 0, 0, 'completed', NOW() - INTERVAL '40 days', NOW() - INTERVAL '40 days', NOW() - INTERVAL '40 days') ON CONFLICT DO NOTHING;
INSERT INTO vendor_settlements (id, vendor_id, period_start, period_end, total_amount, total_fees, net_amount, order_count, online_payments, cash_orders, refunds, status, settled_at, created_at, updated_at) VALUES (12, 71, NOW() - INTERVAL '35 days', NOW() - INTERVAL '20 days', 200000.0, 4000.0, 196000.0, 12, 200000.0, 0, 0, 'completed', NOW() - INTERVAL '20 days', NOW() - INTERVAL '20 days', NOW() - INTERVAL '20 days') ON CONFLICT DO NOTHING;
INSERT INTO vendor_settlements (id, vendor_id, period_start, period_end, total_amount, total_fees, net_amount, order_count, online_payments, cash_orders, refunds, status, settled_at, created_at, updated_at) VALUES (13, 72, NOW() - INTERVAL '55 days', NOW() - INTERVAL '40 days', 200000.0, 4000.0, 196000.0, 12, 200000.0, 0, 0, 'completed', NOW() - INTERVAL '40 days', NOW() - INTERVAL '40 days', NOW() - INTERVAL '40 days') ON CONFLICT DO NOTHING;
INSERT INTO vendor_settlements (id, vendor_id, period_start, period_end, total_amount, total_fees, net_amount, order_count, online_payments, cash_orders, refunds, status, settled_at, created_at, updated_at) VALUES (14, 72, NOW() - INTERVAL '35 days', NOW() - INTERVAL '20 days', 200000.0, 4000.0, 196000.0, 12, 200000.0, 0, 0, 'completed', NOW() - INTERVAL '20 days', NOW() - INTERVAL '20 days', NOW() - INTERVAL '20 days') ON CONFLICT DO NOTHING;
INSERT INTO vendor_settlements (id, vendor_id, period_start, period_end, total_amount, total_fees, net_amount, order_count, online_payments, cash_orders, refunds, status, settled_at, created_at, updated_at) VALUES (15, 73, NOW() - INTERVAL '55 days', NOW() - INTERVAL '40 days', 200000.0, 4000.0, 196000.0, 12, 200000.0, 0, 0, 'completed', NOW() - INTERVAL '40 days', NOW() - INTERVAL '40 days', NOW() - INTERVAL '40 days') ON CONFLICT DO NOTHING;
INSERT INTO vendor_settlements (id, vendor_id, period_start, period_end, total_amount, total_fees, net_amount, order_count, online_payments, cash_orders, refunds, status, settled_at, created_at, updated_at) VALUES (16, 73, NOW() - INTERVAL '35 days', NOW() - INTERVAL '20 days', 200000.0, 4000.0, 196000.0, 12, 200000.0, 0, 0, 'completed', NOW() - INTERVAL '20 days', NOW() - INTERVAL '20 days', NOW() - INTERVAL '20 days') ON CONFLICT DO NOTHING;
INSERT INTO vendor_settlements (id, vendor_id, period_start, period_end, total_amount, total_fees, net_amount, order_count, online_payments, cash_orders, refunds, status, settled_at, created_at, updated_at) VALUES (17, 74, NOW() - INTERVAL '55 days', NOW() - INTERVAL '40 days', 200000.0, 4000.0, 196000.0, 12, 200000.0, 0, 0, 'completed', NOW() - INTERVAL '40 days', NOW() - INTERVAL '40 days', NOW() - INTERVAL '40 days') ON CONFLICT DO NOTHING;
INSERT INTO vendor_settlements (id, vendor_id, period_start, period_end, total_amount, total_fees, net_amount, order_count, online_payments, cash_orders, refunds, status, settled_at, created_at, updated_at) VALUES (18, 74, NOW() - INTERVAL '35 days', NOW() - INTERVAL '20 days', 200000.0, 4000.0, 196000.0, 12, 200000.0, 0, 0, 'completed', NOW() - INTERVAL '20 days', NOW() - INTERVAL '20 days', NOW() - INTERVAL '20 days') ON CONFLICT DO NOTHING;
INSERT INTO vendor_settlements (id, vendor_id, period_start, period_end, total_amount, total_fees, net_amount, order_count, online_payments, cash_orders, refunds, status, settled_at, created_at, updated_at) VALUES (19, 75, NOW() - INTERVAL '55 days', NOW() - INTERVAL '40 days', 200000.0, 4000.0, 196000.0, 12, 200000.0, 0, 0, 'completed', NOW() - INTERVAL '40 days', NOW() - INTERVAL '40 days', NOW() - INTERVAL '40 days') ON CONFLICT DO NOTHING;
INSERT INTO vendor_settlements (id, vendor_id, period_start, period_end, total_amount, total_fees, net_amount, order_count, online_payments, cash_orders, refunds, status, settled_at, created_at, updated_at) VALUES (20, 75, NOW() - INTERVAL '35 days', NOW() - INTERVAL '20 days', 200000.0, 4000.0, 196000.0, 12, 200000.0, 0, 0, 'completed', NOW() - INTERVAL '20 days', NOW() - INTERVAL '20 days', NOW() - INTERVAL '20 days') ON CONFLICT DO NOTHING;

-- Discount Campaigns (20 total)
INSERT INTO discount_campaigns (id, vendor_id, name, description, offer_type, discount_value, min_order_amount, max_discount_amount, is_combo, is_off_peak, start_date, end_date, usage_limit, times_used, is_active, status, created_at, updated_at) VALUES (1, 66, 'Campaign 1 - Vendor 66', 'Get special discounts during Campaign 1.', 'discount_fixed', 1500.0, 5000.0, 3000.0, false, false, NOW() - INTERVAL '30 days', NOW() + INTERVAL '30 days', 500, 12, true, 'active', NOW() - INTERVAL '30 days', NOW() - INTERVAL '30 days') ON CONFLICT DO NOTHING;
INSERT INTO discount_campaigns (id, vendor_id, name, description, offer_type, discount_value, min_order_amount, max_discount_amount, is_combo, is_off_peak, start_date, end_date, usage_limit, times_used, is_active, status, created_at, updated_at) VALUES (2, 66, 'Campaign 2 - Vendor 66', 'Get special discounts during Campaign 2.', 'discount_fixed', 1500.0, 5000.0, 3000.0, false, true, NOW() - INTERVAL '30 days', NOW() + INTERVAL '30 days', 500, 12, true, 'active', NOW() - INTERVAL '30 days', NOW() - INTERVAL '30 days') ON CONFLICT DO NOTHING;
INSERT INTO discount_campaigns (id, vendor_id, name, description, offer_type, discount_value, min_order_amount, max_discount_amount, is_combo, is_off_peak, start_date, end_date, usage_limit, times_used, is_active, status, created_at, updated_at) VALUES (3, 67, 'Campaign 3 - Vendor 67', 'Get special discounts during Campaign 3.', 'discount_fixed', 1500.0, 5000.0, 3000.0, false, false, NOW() - INTERVAL '30 days', NOW() + INTERVAL '30 days', 500, 12, true, 'active', NOW() - INTERVAL '30 days', NOW() - INTERVAL '30 days') ON CONFLICT DO NOTHING;
INSERT INTO discount_campaigns (id, vendor_id, name, description, offer_type, discount_value, min_order_amount, max_discount_amount, is_combo, is_off_peak, start_date, end_date, usage_limit, times_used, is_active, status, created_at, updated_at) VALUES (4, 67, 'Campaign 4 - Vendor 67', 'Get special discounts during Campaign 4.', 'discount_fixed', 1500.0, 5000.0, 3000.0, false, true, NOW() - INTERVAL '30 days', NOW() + INTERVAL '30 days', 500, 12, true, 'active', NOW() - INTERVAL '30 days', NOW() - INTERVAL '30 days') ON CONFLICT DO NOTHING;
INSERT INTO discount_campaigns (id, vendor_id, name, description, offer_type, discount_value, min_order_amount, max_discount_amount, is_combo, is_off_peak, start_date, end_date, usage_limit, times_used, is_active, status, created_at, updated_at) VALUES (5, 68, 'Campaign 5 - Vendor 68', 'Get special discounts during Campaign 5.', 'discount_fixed', 1500.0, 5000.0, 3000.0, false, false, NOW() - INTERVAL '30 days', NOW() + INTERVAL '30 days', 500, 12, true, 'active', NOW() - INTERVAL '30 days', NOW() - INTERVAL '30 days') ON CONFLICT DO NOTHING;
INSERT INTO discount_campaigns (id, vendor_id, name, description, offer_type, discount_value, min_order_amount, max_discount_amount, is_combo, is_off_peak, start_date, end_date, usage_limit, times_used, is_active, status, created_at, updated_at) VALUES (6, 68, 'Campaign 6 - Vendor 68', 'Get special discounts during Campaign 6.', 'discount_fixed', 1500.0, 5000.0, 3000.0, false, true, NOW() - INTERVAL '30 days', NOW() + INTERVAL '30 days', 500, 12, true, 'active', NOW() - INTERVAL '30 days', NOW() - INTERVAL '30 days') ON CONFLICT DO NOTHING;
INSERT INTO discount_campaigns (id, vendor_id, name, description, offer_type, discount_value, min_order_amount, max_discount_amount, is_combo, is_off_peak, start_date, end_date, usage_limit, times_used, is_active, status, created_at, updated_at) VALUES (7, 69, 'Campaign 7 - Vendor 69', 'Get special discounts during Campaign 7.', 'discount_fixed', 1500.0, 5000.0, 3000.0, false, false, NOW() - INTERVAL '30 days', NOW() + INTERVAL '30 days', 500, 12, true, 'active', NOW() - INTERVAL '30 days', NOW() - INTERVAL '30 days') ON CONFLICT DO NOTHING;
INSERT INTO discount_campaigns (id, vendor_id, name, description, offer_type, discount_value, min_order_amount, max_discount_amount, is_combo, is_off_peak, start_date, end_date, usage_limit, times_used, is_active, status, created_at, updated_at) VALUES (8, 69, 'Campaign 8 - Vendor 69', 'Get special discounts during Campaign 8.', 'discount_fixed', 1500.0, 5000.0, 3000.0, false, true, NOW() - INTERVAL '30 days', NOW() + INTERVAL '30 days', 500, 12, true, 'active', NOW() - INTERVAL '30 days', NOW() - INTERVAL '30 days') ON CONFLICT DO NOTHING;
INSERT INTO discount_campaigns (id, vendor_id, name, description, offer_type, discount_value, min_order_amount, max_discount_amount, is_combo, is_off_peak, start_date, end_date, usage_limit, times_used, is_active, status, created_at, updated_at) VALUES (9, 70, 'Campaign 9 - Vendor 70', 'Get special discounts during Campaign 9.', 'discount_fixed', 1500.0, 5000.0, 3000.0, false, false, NOW() - INTERVAL '30 days', NOW() + INTERVAL '30 days', 500, 12, true, 'active', NOW() - INTERVAL '30 days', NOW() - INTERVAL '30 days') ON CONFLICT DO NOTHING;
INSERT INTO discount_campaigns (id, vendor_id, name, description, offer_type, discount_value, min_order_amount, max_discount_amount, is_combo, is_off_peak, start_date, end_date, usage_limit, times_used, is_active, status, created_at, updated_at) VALUES (10, 70, 'Campaign 10 - Vendor 70', 'Get special discounts during Campaign 10.', 'discount_fixed', 1500.0, 5000.0, 3000.0, false, true, NOW() - INTERVAL '30 days', NOW() + INTERVAL '30 days', 500, 12, true, 'active', NOW() - INTERVAL '30 days', NOW() - INTERVAL '30 days') ON CONFLICT DO NOTHING;
INSERT INTO discount_campaigns (id, vendor_id, name, description, offer_type, discount_value, min_order_amount, max_discount_amount, is_combo, is_off_peak, start_date, end_date, usage_limit, times_used, is_active, status, created_at, updated_at) VALUES (11, 71, 'Campaign 11 - Vendor 71', 'Get special discounts during Campaign 11.', 'discount_fixed', 1500.0, 5000.0, 3000.0, false, false, NOW() - INTERVAL '30 days', NOW() + INTERVAL '30 days', 500, 12, true, 'active', NOW() - INTERVAL '30 days', NOW() - INTERVAL '30 days') ON CONFLICT DO NOTHING;
INSERT INTO discount_campaigns (id, vendor_id, name, description, offer_type, discount_value, min_order_amount, max_discount_amount, is_combo, is_off_peak, start_date, end_date, usage_limit, times_used, is_active, status, created_at, updated_at) VALUES (12, 71, 'Campaign 12 - Vendor 71', 'Get special discounts during Campaign 12.', 'discount_fixed', 1500.0, 5000.0, 3000.0, false, true, NOW() - INTERVAL '30 days', NOW() + INTERVAL '30 days', 500, 12, true, 'active', NOW() - INTERVAL '30 days', NOW() - INTERVAL '30 days') ON CONFLICT DO NOTHING;
INSERT INTO discount_campaigns (id, vendor_id, name, description, offer_type, discount_value, min_order_amount, max_discount_amount, is_combo, is_off_peak, start_date, end_date, usage_limit, times_used, is_active, status, created_at, updated_at) VALUES (13, 72, 'Campaign 13 - Vendor 72', 'Get special discounts during Campaign 13.', 'discount_fixed', 1500.0, 5000.0, 3000.0, false, false, NOW() - INTERVAL '30 days', NOW() + INTERVAL '30 days', 500, 12, true, 'active', NOW() - INTERVAL '30 days', NOW() - INTERVAL '30 days') ON CONFLICT DO NOTHING;
INSERT INTO discount_campaigns (id, vendor_id, name, description, offer_type, discount_value, min_order_amount, max_discount_amount, is_combo, is_off_peak, start_date, end_date, usage_limit, times_used, is_active, status, created_at, updated_at) VALUES (14, 72, 'Campaign 14 - Vendor 72', 'Get special discounts during Campaign 14.', 'discount_fixed', 1500.0, 5000.0, 3000.0, false, true, NOW() - INTERVAL '30 days', NOW() + INTERVAL '30 days', 500, 12, true, 'active', NOW() - INTERVAL '30 days', NOW() - INTERVAL '30 days') ON CONFLICT DO NOTHING;
INSERT INTO discount_campaigns (id, vendor_id, name, description, offer_type, discount_value, min_order_amount, max_discount_amount, is_combo, is_off_peak, start_date, end_date, usage_limit, times_used, is_active, status, created_at, updated_at) VALUES (15, 73, 'Campaign 15 - Vendor 73', 'Get special discounts during Campaign 15.', 'discount_fixed', 1500.0, 5000.0, 3000.0, false, false, NOW() - INTERVAL '30 days', NOW() + INTERVAL '30 days', 500, 12, true, 'active', NOW() - INTERVAL '30 days', NOW() - INTERVAL '30 days') ON CONFLICT DO NOTHING;
INSERT INTO discount_campaigns (id, vendor_id, name, description, offer_type, discount_value, min_order_amount, max_discount_amount, is_combo, is_off_peak, start_date, end_date, usage_limit, times_used, is_active, status, created_at, updated_at) VALUES (16, 73, 'Campaign 16 - Vendor 73', 'Get special discounts during Campaign 16.', 'discount_fixed', 1500.0, 5000.0, 3000.0, false, true, NOW() - INTERVAL '30 days', NOW() + INTERVAL '30 days', 500, 12, true, 'active', NOW() - INTERVAL '30 days', NOW() - INTERVAL '30 days') ON CONFLICT DO NOTHING;
INSERT INTO discount_campaigns (id, vendor_id, name, description, offer_type, discount_value, min_order_amount, max_discount_amount, is_combo, is_off_peak, start_date, end_date, usage_limit, times_used, is_active, status, created_at, updated_at) VALUES (17, 74, 'Campaign 17 - Vendor 74', 'Get special discounts during Campaign 17.', 'discount_fixed', 1500.0, 5000.0, 3000.0, false, false, NOW() - INTERVAL '30 days', NOW() + INTERVAL '30 days', 500, 12, true, 'active', NOW() - INTERVAL '30 days', NOW() - INTERVAL '30 days') ON CONFLICT DO NOTHING;
INSERT INTO discount_campaigns (id, vendor_id, name, description, offer_type, discount_value, min_order_amount, max_discount_amount, is_combo, is_off_peak, start_date, end_date, usage_limit, times_used, is_active, status, created_at, updated_at) VALUES (18, 74, 'Campaign 18 - Vendor 74', 'Get special discounts during Campaign 18.', 'discount_fixed', 1500.0, 5000.0, 3000.0, false, true, NOW() - INTERVAL '30 days', NOW() + INTERVAL '30 days', 500, 12, true, 'active', NOW() - INTERVAL '30 days', NOW() - INTERVAL '30 days') ON CONFLICT DO NOTHING;
INSERT INTO discount_campaigns (id, vendor_id, name, description, offer_type, discount_value, min_order_amount, max_discount_amount, is_combo, is_off_peak, start_date, end_date, usage_limit, times_used, is_active, status, created_at, updated_at) VALUES (19, 75, 'Campaign 19 - Vendor 75', 'Get special discounts during Campaign 19.', 'discount_fixed', 1500.0, 5000.0, 3000.0, false, false, NOW() - INTERVAL '30 days', NOW() + INTERVAL '30 days', 500, 12, true, 'active', NOW() - INTERVAL '30 days', NOW() - INTERVAL '30 days') ON CONFLICT DO NOTHING;
INSERT INTO discount_campaigns (id, vendor_id, name, description, offer_type, discount_value, min_order_amount, max_discount_amount, is_combo, is_off_peak, start_date, end_date, usage_limit, times_used, is_active, status, created_at, updated_at) VALUES (20, 75, 'Campaign 20 - Vendor 75', 'Get special discounts during Campaign 20.', 'discount_fixed', 1500.0, 5000.0, 3000.0, false, true, NOW() - INTERVAL '30 days', NOW() + INTERVAL '30 days', 500, 12, true, 'active', NOW() - INTERVAL '30 days', NOW() - INTERVAL '30 days') ON CONFLICT DO NOTHING;

-- Vendor Offers (30 total)
INSERT INTO vendor_offers (id, vendor_id, campaign_id, target_user_id, title, description, discount_type, discount_value, min_order_amount, max_discount_amount, is_dynamic, ai_confidence, expires_at, is_active, times_redeemed, created_at, updated_at) VALUES (1, 66, 2, NULL, 'Offer 1 - Vendor 66', 'Get special discounts during Offer 1.', 'discount_fixed', 1000.0, 4000.0, 2000.0, false, 0.95, NOW() + INTERVAL '10 days', true, 5, NOW() - INTERVAL '20 days', NOW() - INTERVAL '20 days') ON CONFLICT DO NOTHING;
INSERT INTO vendor_offers (id, vendor_id, campaign_id, target_user_id, title, description, discount_type, discount_value, min_order_amount, max_discount_amount, is_dynamic, ai_confidence, expires_at, is_active, times_redeemed, created_at, updated_at) VALUES (2, 66, 1, NULL, 'Offer 2 - Vendor 66', 'Get special discounts during Offer 2.', 'discount_fixed', 1000.0, 4000.0, 2000.0, false, 0.95, NOW() + INTERVAL '10 days', true, 5, NOW() - INTERVAL '20 days', NOW() - INTERVAL '20 days') ON CONFLICT DO NOTHING;
INSERT INTO vendor_offers (id, vendor_id, campaign_id, target_user_id, title, description, discount_type, discount_value, min_order_amount, max_discount_amount, is_dynamic, ai_confidence, expires_at, is_active, times_redeemed, created_at, updated_at) VALUES (3, 66, 2, NULL, 'Offer 3 - Vendor 66', 'Get special discounts during Offer 3.', 'discount_fixed', 1000.0, 4000.0, 2000.0, false, 0.95, NOW() + INTERVAL '10 days', true, 5, NOW() - INTERVAL '20 days', NOW() - INTERVAL '20 days') ON CONFLICT DO NOTHING;
INSERT INTO vendor_offers (id, vendor_id, campaign_id, target_user_id, title, description, discount_type, discount_value, min_order_amount, max_discount_amount, is_dynamic, ai_confidence, expires_at, is_active, times_redeemed, created_at, updated_at) VALUES (4, 67, 4, NULL, 'Offer 4 - Vendor 67', 'Get special discounts during Offer 4.', 'discount_fixed', 1000.0, 4000.0, 2000.0, false, 0.95, NOW() + INTERVAL '10 days', true, 5, NOW() - INTERVAL '20 days', NOW() - INTERVAL '20 days') ON CONFLICT DO NOTHING;
INSERT INTO vendor_offers (id, vendor_id, campaign_id, target_user_id, title, description, discount_type, discount_value, min_order_amount, max_discount_amount, is_dynamic, ai_confidence, expires_at, is_active, times_redeemed, created_at, updated_at) VALUES (5, 67, 3, NULL, 'Offer 5 - Vendor 67', 'Get special discounts during Offer 5.', 'discount_fixed', 1000.0, 4000.0, 2000.0, false, 0.95, NOW() + INTERVAL '10 days', true, 5, NOW() - INTERVAL '20 days', NOW() - INTERVAL '20 days') ON CONFLICT DO NOTHING;
INSERT INTO vendor_offers (id, vendor_id, campaign_id, target_user_id, title, description, discount_type, discount_value, min_order_amount, max_discount_amount, is_dynamic, ai_confidence, expires_at, is_active, times_redeemed, created_at, updated_at) VALUES (6, 67, 4, NULL, 'Offer 6 - Vendor 67', 'Get special discounts during Offer 6.', 'discount_fixed', 1000.0, 4000.0, 2000.0, false, 0.95, NOW() + INTERVAL '10 days', true, 5, NOW() - INTERVAL '20 days', NOW() - INTERVAL '20 days') ON CONFLICT DO NOTHING;
INSERT INTO vendor_offers (id, vendor_id, campaign_id, target_user_id, title, description, discount_type, discount_value, min_order_amount, max_discount_amount, is_dynamic, ai_confidence, expires_at, is_active, times_redeemed, created_at, updated_at) VALUES (7, 68, 6, NULL, 'Offer 7 - Vendor 68', 'Get special discounts during Offer 7.', 'discount_fixed', 1000.0, 4000.0, 2000.0, false, 0.95, NOW() + INTERVAL '10 days', true, 5, NOW() - INTERVAL '20 days', NOW() - INTERVAL '20 days') ON CONFLICT DO NOTHING;
INSERT INTO vendor_offers (id, vendor_id, campaign_id, target_user_id, title, description, discount_type, discount_value, min_order_amount, max_discount_amount, is_dynamic, ai_confidence, expires_at, is_active, times_redeemed, created_at, updated_at) VALUES (8, 68, 5, NULL, 'Offer 8 - Vendor 68', 'Get special discounts during Offer 8.', 'discount_fixed', 1000.0, 4000.0, 2000.0, false, 0.95, NOW() + INTERVAL '10 days', true, 5, NOW() - INTERVAL '20 days', NOW() - INTERVAL '20 days') ON CONFLICT DO NOTHING;
INSERT INTO vendor_offers (id, vendor_id, campaign_id, target_user_id, title, description, discount_type, discount_value, min_order_amount, max_discount_amount, is_dynamic, ai_confidence, expires_at, is_active, times_redeemed, created_at, updated_at) VALUES (9, 68, 6, NULL, 'Offer 9 - Vendor 68', 'Get special discounts during Offer 9.', 'discount_fixed', 1000.0, 4000.0, 2000.0, false, 0.95, NOW() + INTERVAL '10 days', true, 5, NOW() - INTERVAL '20 days', NOW() - INTERVAL '20 days') ON CONFLICT DO NOTHING;
INSERT INTO vendor_offers (id, vendor_id, campaign_id, target_user_id, title, description, discount_type, discount_value, min_order_amount, max_discount_amount, is_dynamic, ai_confidence, expires_at, is_active, times_redeemed, created_at, updated_at) VALUES (10, 69, 8, NULL, 'Offer 10 - Vendor 69', 'Get special discounts during Offer 10.', 'discount_fixed', 1000.0, 4000.0, 2000.0, false, 0.95, NOW() + INTERVAL '10 days', true, 5, NOW() - INTERVAL '20 days', NOW() - INTERVAL '20 days') ON CONFLICT DO NOTHING;
INSERT INTO vendor_offers (id, vendor_id, campaign_id, target_user_id, title, description, discount_type, discount_value, min_order_amount, max_discount_amount, is_dynamic, ai_confidence, expires_at, is_active, times_redeemed, created_at, updated_at) VALUES (11, 69, 7, NULL, 'Offer 11 - Vendor 69', 'Get special discounts during Offer 11.', 'discount_fixed', 1000.0, 4000.0, 2000.0, false, 0.95, NOW() + INTERVAL '10 days', true, 5, NOW() - INTERVAL '20 days', NOW() - INTERVAL '20 days') ON CONFLICT DO NOTHING;
INSERT INTO vendor_offers (id, vendor_id, campaign_id, target_user_id, title, description, discount_type, discount_value, min_order_amount, max_discount_amount, is_dynamic, ai_confidence, expires_at, is_active, times_redeemed, created_at, updated_at) VALUES (12, 69, 8, NULL, 'Offer 12 - Vendor 69', 'Get special discounts during Offer 12.', 'discount_fixed', 1000.0, 4000.0, 2000.0, false, 0.95, NOW() + INTERVAL '10 days', true, 5, NOW() - INTERVAL '20 days', NOW() - INTERVAL '20 days') ON CONFLICT DO NOTHING;
INSERT INTO vendor_offers (id, vendor_id, campaign_id, target_user_id, title, description, discount_type, discount_value, min_order_amount, max_discount_amount, is_dynamic, ai_confidence, expires_at, is_active, times_redeemed, created_at, updated_at) VALUES (13, 70, 10, NULL, 'Offer 13 - Vendor 70', 'Get special discounts during Offer 13.', 'discount_fixed', 1000.0, 4000.0, 2000.0, false, 0.95, NOW() + INTERVAL '10 days', true, 5, NOW() - INTERVAL '20 days', NOW() - INTERVAL '20 days') ON CONFLICT DO NOTHING;
INSERT INTO vendor_offers (id, vendor_id, campaign_id, target_user_id, title, description, discount_type, discount_value, min_order_amount, max_discount_amount, is_dynamic, ai_confidence, expires_at, is_active, times_redeemed, created_at, updated_at) VALUES (14, 70, 9, NULL, 'Offer 14 - Vendor 70', 'Get special discounts during Offer 14.', 'discount_fixed', 1000.0, 4000.0, 2000.0, false, 0.95, NOW() + INTERVAL '10 days', true, 5, NOW() - INTERVAL '20 days', NOW() - INTERVAL '20 days') ON CONFLICT DO NOTHING;
INSERT INTO vendor_offers (id, vendor_id, campaign_id, target_user_id, title, description, discount_type, discount_value, min_order_amount, max_discount_amount, is_dynamic, ai_confidence, expires_at, is_active, times_redeemed, created_at, updated_at) VALUES (15, 70, 10, NULL, 'Offer 15 - Vendor 70', 'Get special discounts during Offer 15.', 'discount_fixed', 1000.0, 4000.0, 2000.0, false, 0.95, NOW() + INTERVAL '10 days', true, 5, NOW() - INTERVAL '20 days', NOW() - INTERVAL '20 days') ON CONFLICT DO NOTHING;
INSERT INTO vendor_offers (id, vendor_id, campaign_id, target_user_id, title, description, discount_type, discount_value, min_order_amount, max_discount_amount, is_dynamic, ai_confidence, expires_at, is_active, times_redeemed, created_at, updated_at) VALUES (16, 71, 12, NULL, 'Offer 16 - Vendor 71', 'Get special discounts during Offer 16.', 'discount_fixed', 1000.0, 4000.0, 2000.0, false, 0.95, NOW() + INTERVAL '10 days', true, 5, NOW() - INTERVAL '20 days', NOW() - INTERVAL '20 days') ON CONFLICT DO NOTHING;
INSERT INTO vendor_offers (id, vendor_id, campaign_id, target_user_id, title, description, discount_type, discount_value, min_order_amount, max_discount_amount, is_dynamic, ai_confidence, expires_at, is_active, times_redeemed, created_at, updated_at) VALUES (17, 71, 11, NULL, 'Offer 17 - Vendor 71', 'Get special discounts during Offer 17.', 'discount_fixed', 1000.0, 4000.0, 2000.0, false, 0.95, NOW() + INTERVAL '10 days', true, 5, NOW() - INTERVAL '20 days', NOW() - INTERVAL '20 days') ON CONFLICT DO NOTHING;
INSERT INTO vendor_offers (id, vendor_id, campaign_id, target_user_id, title, description, discount_type, discount_value, min_order_amount, max_discount_amount, is_dynamic, ai_confidence, expires_at, is_active, times_redeemed, created_at, updated_at) VALUES (18, 71, 12, NULL, 'Offer 18 - Vendor 71', 'Get special discounts during Offer 18.', 'discount_fixed', 1000.0, 4000.0, 2000.0, false, 0.95, NOW() + INTERVAL '10 days', true, 5, NOW() - INTERVAL '20 days', NOW() - INTERVAL '20 days') ON CONFLICT DO NOTHING;
INSERT INTO vendor_offers (id, vendor_id, campaign_id, target_user_id, title, description, discount_type, discount_value, min_order_amount, max_discount_amount, is_dynamic, ai_confidence, expires_at, is_active, times_redeemed, created_at, updated_at) VALUES (19, 72, 14, NULL, 'Offer 19 - Vendor 72', 'Get special discounts during Offer 19.', 'discount_fixed', 1000.0, 4000.0, 2000.0, false, 0.95, NOW() + INTERVAL '10 days', true, 5, NOW() - INTERVAL '20 days', NOW() - INTERVAL '20 days') ON CONFLICT DO NOTHING;
INSERT INTO vendor_offers (id, vendor_id, campaign_id, target_user_id, title, description, discount_type, discount_value, min_order_amount, max_discount_amount, is_dynamic, ai_confidence, expires_at, is_active, times_redeemed, created_at, updated_at) VALUES (20, 72, 13, NULL, 'Offer 20 - Vendor 72', 'Get special discounts during Offer 20.', 'discount_fixed', 1000.0, 4000.0, 2000.0, false, 0.95, NOW() + INTERVAL '10 days', true, 5, NOW() - INTERVAL '20 days', NOW() - INTERVAL '20 days') ON CONFLICT DO NOTHING;
INSERT INTO vendor_offers (id, vendor_id, campaign_id, target_user_id, title, description, discount_type, discount_value, min_order_amount, max_discount_amount, is_dynamic, ai_confidence, expires_at, is_active, times_redeemed, created_at, updated_at) VALUES (21, 72, 14, NULL, 'Offer 21 - Vendor 72', 'Get special discounts during Offer 21.', 'discount_fixed', 1000.0, 4000.0, 2000.0, false, 0.95, NOW() + INTERVAL '10 days', true, 5, NOW() - INTERVAL '20 days', NOW() - INTERVAL '20 days') ON CONFLICT DO NOTHING;
INSERT INTO vendor_offers (id, vendor_id, campaign_id, target_user_id, title, description, discount_type, discount_value, min_order_amount, max_discount_amount, is_dynamic, ai_confidence, expires_at, is_active, times_redeemed, created_at, updated_at) VALUES (22, 73, 16, NULL, 'Offer 22 - Vendor 73', 'Get special discounts during Offer 22.', 'discount_fixed', 1000.0, 4000.0, 2000.0, false, 0.95, NOW() + INTERVAL '10 days', true, 5, NOW() - INTERVAL '20 days', NOW() - INTERVAL '20 days') ON CONFLICT DO NOTHING;
INSERT INTO vendor_offers (id, vendor_id, campaign_id, target_user_id, title, description, discount_type, discount_value, min_order_amount, max_discount_amount, is_dynamic, ai_confidence, expires_at, is_active, times_redeemed, created_at, updated_at) VALUES (23, 73, 15, NULL, 'Offer 23 - Vendor 73', 'Get special discounts during Offer 23.', 'discount_fixed', 1000.0, 4000.0, 2000.0, false, 0.95, NOW() + INTERVAL '10 days', true, 5, NOW() - INTERVAL '20 days', NOW() - INTERVAL '20 days') ON CONFLICT DO NOTHING;
INSERT INTO vendor_offers (id, vendor_id, campaign_id, target_user_id, title, description, discount_type, discount_value, min_order_amount, max_discount_amount, is_dynamic, ai_confidence, expires_at, is_active, times_redeemed, created_at, updated_at) VALUES (24, 73, 16, NULL, 'Offer 24 - Vendor 73', 'Get special discounts during Offer 24.', 'discount_fixed', 1000.0, 4000.0, 2000.0, false, 0.95, NOW() + INTERVAL '10 days', true, 5, NOW() - INTERVAL '20 days', NOW() - INTERVAL '20 days') ON CONFLICT DO NOTHING;
INSERT INTO vendor_offers (id, vendor_id, campaign_id, target_user_id, title, description, discount_type, discount_value, min_order_amount, max_discount_amount, is_dynamic, ai_confidence, expires_at, is_active, times_redeemed, created_at, updated_at) VALUES (25, 74, 18, NULL, 'Offer 25 - Vendor 74', 'Get special discounts during Offer 25.', 'discount_fixed', 1000.0, 4000.0, 2000.0, false, 0.95, NOW() + INTERVAL '10 days', true, 5, NOW() - INTERVAL '20 days', NOW() - INTERVAL '20 days') ON CONFLICT DO NOTHING;
INSERT INTO vendor_offers (id, vendor_id, campaign_id, target_user_id, title, description, discount_type, discount_value, min_order_amount, max_discount_amount, is_dynamic, ai_confidence, expires_at, is_active, times_redeemed, created_at, updated_at) VALUES (26, 74, 17, NULL, 'Offer 26 - Vendor 74', 'Get special discounts during Offer 26.', 'discount_fixed', 1000.0, 4000.0, 2000.0, false, 0.95, NOW() + INTERVAL '10 days', true, 5, NOW() - INTERVAL '20 days', NOW() - INTERVAL '20 days') ON CONFLICT DO NOTHING;
INSERT INTO vendor_offers (id, vendor_id, campaign_id, target_user_id, title, description, discount_type, discount_value, min_order_amount, max_discount_amount, is_dynamic, ai_confidence, expires_at, is_active, times_redeemed, created_at, updated_at) VALUES (27, 74, 18, NULL, 'Offer 27 - Vendor 74', 'Get special discounts during Offer 27.', 'discount_fixed', 1000.0, 4000.0, 2000.0, false, 0.95, NOW() + INTERVAL '10 days', true, 5, NOW() - INTERVAL '20 days', NOW() - INTERVAL '20 days') ON CONFLICT DO NOTHING;
INSERT INTO vendor_offers (id, vendor_id, campaign_id, target_user_id, title, description, discount_type, discount_value, min_order_amount, max_discount_amount, is_dynamic, ai_confidence, expires_at, is_active, times_redeemed, created_at, updated_at) VALUES (28, 75, 20, NULL, 'Offer 28 - Vendor 75', 'Get special discounts during Offer 28.', 'discount_fixed', 1000.0, 4000.0, 2000.0, false, 0.95, NOW() + INTERVAL '10 days', true, 5, NOW() - INTERVAL '20 days', NOW() - INTERVAL '20 days') ON CONFLICT DO NOTHING;
INSERT INTO vendor_offers (id, vendor_id, campaign_id, target_user_id, title, description, discount_type, discount_value, min_order_amount, max_discount_amount, is_dynamic, ai_confidence, expires_at, is_active, times_redeemed, created_at, updated_at) VALUES (29, 75, 19, NULL, 'Offer 29 - Vendor 75', 'Get special discounts during Offer 29.', 'discount_fixed', 1000.0, 4000.0, 2000.0, false, 0.95, NOW() + INTERVAL '10 days', true, 5, NOW() - INTERVAL '20 days', NOW() - INTERVAL '20 days') ON CONFLICT DO NOTHING;
INSERT INTO vendor_offers (id, vendor_id, campaign_id, target_user_id, title, description, discount_type, discount_value, min_order_amount, max_discount_amount, is_dynamic, ai_confidence, expires_at, is_active, times_redeemed, created_at, updated_at) VALUES (30, 75, 20, NULL, 'Offer 30 - Vendor 75', 'Get special discounts during Offer 30.', 'discount_fixed', 1000.0, 4000.0, 2000.0, false, 0.95, NOW() + INTERVAL '10 days', true, 5, NOW() - INTERVAL '20 days', NOW() - INTERVAL '20 days') ON CONFLICT DO NOTHING;

COMMIT;